kpi_context,target_question
"loans: 76, accuracy: 95.5%, errors: 4","1. We noticed a recent dip in accuracy; what operational bottlenecks are you currently facing? | 2. With the recent increase in errors, how is the current workload affecting your document review process? | 3. What additional training, resources, or system support do you need to improve these metrics next month?"
"loans: 130, accuracy: 89.0%, errors: 2",1. You are maintaining a steady baseline; what are your primary focus areas for the upcoming month? | 2. Are there any specific steps in the transaction process currently causing you friction? | 3. What new skills or cross-training areas would you like to explore to increase your overall output?
"loans: 124, accuracy: 95.7%, errors: 6","1. We noticed a recent dip in accuracy; what operational bottlenecks are you currently facing? | 2. With the recent increase in errors, how is the current workload affecting your document review process? | 3. What additional training, resources, or system support do you need to improve these metrics next month?"
"loans: 98, accuracy: 83.6%, errors: 3","1. We noticed a recent dip in accuracy; what operational bottlenecks are you currently facing? | 2. With the recent increase in errors, how is the current workload affecting your document review process? | 3. What additional training, resources, or system support do you need to improve these metrics next month?"
"loans: 93, accuracy: 85.6%, errors: 2",1. You are maintaining a steady baseline; what are your primary focus areas for the upcoming month? | 2. Are there any specific steps in the transaction process currently causing you friction? | 3. What new skills or cross-training areas would you like to explore to increase your overall output?
"loans: 52, accuracy: 85.7%, errors: 0",1. You are maintaining a steady baseline; what are your primary focus areas for the upcoming month? | 2. Are there any specific steps in the transaction process currently causing you friction? | 3. What new skills or cross-training areas would you like to explore to increase your overall output?
"loans: 48, accuracy: 71.3%, errors: 3","1. We noticed a recent dip in accuracy; what operational bottlenecks are you currently facing? | 2. With the recent increase in errors, how is the current workload affecting your document review process? | 3. What additional training, resources, or system support do you need to improve these metrics next month?"
"loans: 44, accuracy: 72.8%, errors: 1","1. We noticed a recent dip in accuracy; what operational bottlenecks are you currently facing? | 2. With the recent increase in errors, how is the current workload affecting your document review process? | 3. What additional training, resources, or system support do you need to improve these metrics next month?"
"loans: 143, accuracy: 78.8%, errors: 2","1. We noticed a recent dip in accuracy; what operational bottlenecks are you currently facing? | 2. With the recent increase in errors, how is the current workload affecting your document review process? | 3. What additional training, resources, or system support do you need to improve these metrics next month?"
"loans: 143, accuracy: 93.5%, errors: 3","1. We noticed a recent dip in accuracy; what operational bottlenecks are you currently facing? | 2. With the recent increase in errors, how is the current workload affecting your document review process? | 3. What additional training, resources, or system support do you need to improve these metrics next month?"
"loans: 147, accuracy: 82.7%, errors: 0","1. We noticed a recent dip in accuracy; what operational bottlenecks are you currently facing? | 2. With the recent increase in errors, how is the current workload affecting your document review process? | 3. What additional training, resources, or system support do you need to improve these metrics next month?"
"loans: 40, accuracy: 82.1%, errors: 5","1. We noticed a recent dip in accuracy; what operational bottlenecks are you currently facing? | 2. With the recent increase in errors, how is the current workload affecting your document review process? | 3. What additional training, resources, or system support do you need to improve these metrics next month?"
"loans: 142, accuracy: 79.8%, errors: 1","1. We noticed a recent dip in accuracy; what operational bottlenecks are you currently facing? | 2. With the recent increase in errors, how is the current workload affecting your document review process? | 3. What additional training, resources, or system support do you need to improve these metrics next month?"
"loans: 83, accuracy: 83.1%, errors: 5","1. We noticed a recent dip in accuracy; what operational bottlenecks are you currently facing? | 2. With the recent increase in errors, how is the current workload affecting your document review process? | 3. What additional training, resources, or system support do you need to improve these metrics next month?"
"loans: 72, accuracy: 91.7%, errors: 0",1. You are maintaining a steady baseline; what are your primary focus areas for the upcoming month? | 2. Are there any specific steps in the transaction process currently causing you friction? | 3. What new skills or cross-training areas would you like to explore to increase your overall output?
"loans: 57, accuracy: 88.6%, errors: 5","1. We noticed a recent dip in accuracy; what operational bottlenecks are you currently facing? | 2. With the recent increase in errors, how is the current workload affecting your document review process? | 3. What additional training, resources, or system support do you need to improve these metrics next month?"
"loans: 158, accuracy: 96.5%, errors: 3","1. We noticed a recent dip in accuracy; what operational bottlenecks are you currently facing? | 2. With the recent increase in errors, how is the current workload affecting your document review process? | 3. What additional training, resources, or system support do you need to improve these metrics next month?"
"loans: 77, accuracy: 76.2%, errors: 6","1. We noticed a recent dip in accuracy; what operational bottlenecks are you currently facing? | 2. With the recent increase in errors, how is the current workload affecting your document review process? | 3. What additional training, resources, or system support do you need to improve these metrics next month?"
"loans: 69, accuracy: 84.3%, errors: 4","1. We noticed a recent dip in accuracy; what operational bottlenecks are you currently facing? | 2. With the recent increase in errors, how is the current workload affecting your document review process? | 3. What additional training, resources, or system support do you need to improve these metrics next month?"
"loans: 48, accuracy: 88.1%, errors: 1",1. You are maintaining a steady baseline; what are your primary focus areas for the upcoming month? | 2. Are there any specific steps in the transaction process currently causing you friction? | 3. What new skills or cross-training areas would you like to explore to increase your overall output?
"loans: 119, accuracy: 84.4%, errors: 4","1. We noticed a recent dip in accuracy; what operational bottlenecks are you currently facing? | 2. With the recent increase in errors, how is the current workload affecting your document review process? | 3. What additional training, resources, or system support do you need to improve these metrics next month?"
"loans: 150, accuracy: 80.3%, errors: 2","1. We noticed a recent dip in accuracy; what operational bottlenecks are you currently facing? | 2. With the recent increase in errors, how is the current workload affecting your document review process? | 3. What additional training, resources, or system support do you need to improve these metrics next month?"
"loans: 77, accuracy: 74.4%, errors: 6","1. We noticed a recent dip in accuracy; what operational bottlenecks are you currently facing? | 2. With the recent increase in errors, how is the current workload affecting your document review process? | 3. What additional training, resources, or system support do you need to improve these metrics next month?"
"loans: 143, accuracy: 78.0%, errors: 3","1. We noticed a recent dip in accuracy; what operational bottlenecks are you currently facing? | 2. With the recent increase in errors, how is the current workload affecting your document review process? | 3. What additional training, resources, or system support do you need to improve these metrics next month?"
"loans: 78, accuracy: 76.8%, errors: 5","1. We noticed a recent dip in accuracy; what operational bottlenecks are you currently facing? | 2. With the recent increase in errors, how is the current workload affecting your document review process? | 3. What additional training, resources, or system support do you need to improve these metrics next month?"
"loans: 77, accuracy: 96.6%, errors: 2",1. You are maintaining a steady baseline; what are your primary focus areas for the upcoming month? | 2. Are there any specific steps in the transaction process currently causing you friction? | 3. What new skills or cross-training areas would you like to explore to increase your overall output?
"loans: 97, accuracy: 99.0%, errors: 0",1. You are maintaining a steady baseline; what are your primary focus areas for the upcoming month? | 2. Are there any specific steps in the transaction process currently causing you friction? | 3. What new skills or cross-training areas would you like to explore to increase your overall output?
"loans: 150, accuracy: 70.3%, errors: 0","1. We noticed a recent dip in accuracy; what operational bottlenecks are you currently facing? | 2. With the recent increase in errors, how is the current workload affecting your document review process? | 3. What additional training, resources, or system support do you need to improve these metrics next month?"
"loans: 51, accuracy: 75.1%, errors: 2","1. We noticed a recent dip in accuracy; what operational bottlenecks are you currently facing? | 2. With the recent increase in errors, how is the current workload affecting your document review process? | 3. What additional training, resources, or system support do you need to improve these metrics next month?"
"loans: 91, accuracy: 79.7%, errors: 0","1. We noticed a recent dip in accuracy; what operational bottlenecks are you currently facing? | 2. With the recent increase in errors, how is the current workload affecting your document review process? | 3. What additional training, resources, or system support do you need to improve these metrics next month?"
"loans: 120, accuracy: 90.3%, errors: 4","1. We noticed a recent dip in accuracy; what operational bottlenecks are you currently facing? | 2. With the recent increase in errors, how is the current workload affecting your document review process? | 3. What additional training, resources, or system support do you need to improve these metrics next month?"
"loans: 111, accuracy: 97.1%, errors: 5","1. We noticed a recent dip in accuracy; what operational bottlenecks are you currently facing? | 2. With the recent increase in errors, how is the current workload affecting your document review process? | 3. What additional training, resources, or system support do you need to improve these metrics next month?"
"loans: 95, accuracy: 82.7%, errors: 6","1. We noticed a recent dip in accuracy; what operational bottlenecks are you currently facing? | 2. With the recent increase in errors, how is the current workload affecting your document review process? | 3. What additional training, resources, or system support do you need to improve these metrics next month?"
"loans: 106, accuracy: 84.1%, errors: 3","1. We noticed a recent dip in accuracy; what operational bottlenecks are you currently facing? | 2. With the recent increase in errors, how is the current workload affecting your document review process? | 3. What additional training, resources, or system support do you need to improve these metrics next month?"
"loans: 152, accuracy: 88.3%, errors: 6","1. We noticed a recent dip in accuracy; what operational bottlenecks are you currently facing? | 2. With the recent increase in errors, how is the current workload affecting your document review process? | 3. What additional training, resources, or system support do you need to improve these metrics next month?"
"loans: 156, accuracy: 87.8%, errors: 4","1. We noticed a recent dip in accuracy; what operational bottlenecks are you currently facing? | 2. With the recent increase in errors, how is the current workload affecting your document review process? | 3. What additional training, resources, or system support do you need to improve these metrics next month?"
"loans: 129, accuracy: 76.0%, errors: 2","1. We noticed a recent dip in accuracy; what operational bottlenecks are you currently facing? | 2. With the recent increase in errors, how is the current workload affecting your document review process? | 3. What additional training, resources, or system support do you need to improve these metrics next month?"
"loans: 47, accuracy: 72.8%, errors: 4","1. We noticed a recent dip in accuracy; what operational bottlenecks are you currently facing? | 2. With the recent increase in errors, how is the current workload affecting your document review process? | 3. What additional training, resources, or system support do you need to improve these metrics next month?"
"loans: 151, accuracy: 73.2%, errors: 6","1. We noticed a recent dip in accuracy; what operational bottlenecks are you currently facing? | 2. With the recent increase in errors, how is the current workload affecting your document review process? | 3. What additional training, resources, or system support do you need to improve these metrics next month?"
"loans: 60, accuracy: 84.7%, errors: 6","1. We noticed a recent dip in accuracy; what operational bottlenecks are you currently facing? | 2. With the recent increase in errors, how is the current workload affecting your document review process? | 3. What additional training, resources, or system support do you need to improve these metrics next month?"
"loans: 56, accuracy: 74.0%, errors: 0","1. We noticed a recent dip in accuracy; what operational bottlenecks are you currently facing? | 2. With the recent increase in errors, how is the current workload affecting your document review process? | 3. What additional training, resources, or system support do you need to improve these metrics next month?"
"loans: 111, accuracy: 87.8%, errors: 4","1. We noticed a recent dip in accuracy; what operational bottlenecks are you currently facing? | 2. With the recent increase in errors, how is the current workload affecting your document review process? | 3. What additional training, resources, or system support do you need to improve these metrics next month?"
"loans: 56, accuracy: 76.9%, errors: 5","1. We noticed a recent dip in accuracy; what operational bottlenecks are you currently facing? | 2. With the recent increase in errors, how is the current workload affecting your document review process? | 3. What additional training, resources, or system support do you need to improve these metrics next month?"
"loans: 90, accuracy: 84.0%, errors: 2","1. We noticed a recent dip in accuracy; what operational bottlenecks are you currently facing? | 2. With the recent increase in errors, how is the current workload affecting your document review process? | 3. What additional training, resources, or system support do you need to improve these metrics next month?"
"loans: 50, accuracy: 90.9%, errors: 1",1. You are maintaining a steady baseline; what are your primary focus areas for the upcoming month? | 2. Are there any specific steps in the transaction process currently causing you friction? | 3. What new skills or cross-training areas would you like to explore to increase your overall output?
"loans: 67, accuracy: 83.8%, errors: 5","1. We noticed a recent dip in accuracy; what operational bottlenecks are you currently facing? | 2. With the recent increase in errors, how is the current workload affecting your document review process? | 3. What additional training, resources, or system support do you need to improve these metrics next month?"
"loans: 112, accuracy: 83.3%, errors: 6","1. We noticed a recent dip in accuracy; what operational bottlenecks are you currently facing? | 2. With the recent increase in errors, how is the current workload affecting your document review process? | 3. What additional training, resources, or system support do you need to improve these metrics next month?"
"loans: 143, accuracy: 92.6%, errors: 4","1. We noticed a recent dip in accuracy; what operational bottlenecks are you currently facing? | 2. With the recent increase in errors, how is the current workload affecting your document review process? | 3. What additional training, resources, or system support do you need to improve these metrics next month?"
"loans: 155, accuracy: 89.4%, errors: 4","1. We noticed a recent dip in accuracy; what operational bottlenecks are you currently facing? | 2. With the recent increase in errors, how is the current workload affecting your document review process? | 3. What additional training, resources, or system support do you need to improve these metrics next month?"
"loans: 61, accuracy: 83.2%, errors: 6","1. We noticed a recent dip in accuracy; what operational bottlenecks are you currently facing? | 2. With the recent increase in errors, how is the current workload affecting your document review process? | 3. What additional training, resources, or system support do you need to improve these metrics next month?"
"loans: 133, accuracy: 98.0%, errors: 5","1. We noticed a recent dip in accuracy; what operational bottlenecks are you currently facing? | 2. With the recent increase in errors, how is the current workload affecting your document review process? | 3. What additional training, resources, or system support do you need to improve these metrics next month?"
"loans: 136, accuracy: 97.5%, errors: 4","1. We noticed a recent dip in accuracy; what operational bottlenecks are you currently facing? | 2. With the recent increase in errors, how is the current workload affecting your document review process? | 3. What additional training, resources, or system support do you need to improve these metrics next month?"
"loans: 58, accuracy: 89.2%, errors: 5","1. We noticed a recent dip in accuracy; what operational bottlenecks are you currently facing? | 2. With the recent increase in errors, how is the current workload affecting your document review process? | 3. What additional training, resources, or system support do you need to improve these metrics next month?"
"loans: 100, accuracy: 88.6%, errors: 6","1. We noticed a recent dip in accuracy; what operational bottlenecks are you currently facing? | 2. With the recent increase in errors, how is the current workload affecting your document review process? | 3. What additional training, resources, or system support do you need to improve these metrics next month?"
"loans: 51, accuracy: 80.0%, errors: 6","1. We noticed a recent dip in accuracy; what operational bottlenecks are you currently facing? | 2. With the recent increase in errors, how is the current workload affecting your document review process? | 3. What additional training, resources, or system support do you need to improve these metrics next month?"
"loans: 127, accuracy: 90.5%, errors: 5","1. We noticed a recent dip in accuracy; what operational bottlenecks are you currently facing? | 2. With the recent increase in errors, how is the current workload affecting your document review process? | 3. What additional training, resources, or system support do you need to improve these metrics next month?"
"loans: 157, accuracy: 82.2%, errors: 3","1. We noticed a recent dip in accuracy; what operational bottlenecks are you currently facing? | 2. With the recent increase in errors, how is the current workload affecting your document review process? | 3. What additional training, resources, or system support do you need to improve these metrics next month?"
"loans: 102, accuracy: 81.1%, errors: 6","1. We noticed a recent dip in accuracy; what operational bottlenecks are you currently facing? | 2. With the recent increase in errors, how is the current workload affecting your document review process? | 3. What additional training, resources, or system support do you need to improve these metrics next month?"
"loans: 136, accuracy: 83.4%, errors: 1","1. We noticed a recent dip in accuracy; what operational bottlenecks are you currently facing? | 2. With the recent increase in errors, how is the current workload affecting your document review process? | 3. What additional training, resources, or system support do you need to improve these metrics next month?"
"loans: 53, accuracy: 98.3%, errors: 4","1. We noticed a recent dip in accuracy; what operational bottlenecks are you currently facing? | 2. With the recent increase in errors, how is the current workload affecting your document review process? | 3. What additional training, resources, or system support do you need to improve these metrics next month?"
"loans: 91, accuracy: 74.0%, errors: 2","1. We noticed a recent dip in accuracy; what operational bottlenecks are you currently facing? | 2. With the recent increase in errors, how is the current workload affecting your document review process? | 3. What additional training, resources, or system support do you need to improve these metrics next month?"
"loans: 86, accuracy: 71.7%, errors: 0","1. We noticed a recent dip in accuracy; what operational bottlenecks are you currently facing? | 2. With the recent increase in errors, how is the current workload affecting your document review process? | 3. What additional training, resources, or system support do you need to improve these metrics next month?"
"loans: 47, accuracy: 89.0%, errors: 2",1. You are maintaining a steady baseline; what are your primary focus areas for the upcoming month? | 2. Are there any specific steps in the transaction process currently causing you friction? | 3. What new skills or cross-training areas would you like to explore to increase your overall output?
"loans: 144, accuracy: 76.8%, errors: 3","1. We noticed a recent dip in accuracy; what operational bottlenecks are you currently facing? | 2. With the recent increase in errors, how is the current workload affecting your document review process? | 3. What additional training, resources, or system support do you need to improve these metrics next month?"
"loans: 111, accuracy: 95.0%, errors: 2",1. You are maintaining a steady baseline; what are your primary focus areas for the upcoming month? | 2. Are there any specific steps in the transaction process currently causing you friction? | 3. What new skills or cross-training areas would you like to explore to increase your overall output?
"loans: 128, accuracy: 91.5%, errors: 6","1. We noticed a recent dip in accuracy; what operational bottlenecks are you currently facing? | 2. With the recent increase in errors, how is the current workload affecting your document review process? | 3. What additional training, resources, or system support do you need to improve these metrics next month?"
"loans: 159, accuracy: 94.3%, errors: 5","1. We noticed a recent dip in accuracy; what operational bottlenecks are you currently facing? | 2. With the recent increase in errors, how is the current workload affecting your document review process? | 3. What additional training, resources, or system support do you need to improve these metrics next month?"
"loans: 59, accuracy: 96.9%, errors: 6","1. We noticed a recent dip in accuracy; what operational bottlenecks are you currently facing? | 2. With the recent increase in errors, how is the current workload affecting your document review process? | 3. What additional training, resources, or system support do you need to improve these metrics next month?"
"loans: 76, accuracy: 81.8%, errors: 2","1. We noticed a recent dip in accuracy; what operational bottlenecks are you currently facing? | 2. With the recent increase in errors, how is the current workload affecting your document review process? | 3. What additional training, resources, or system support do you need to improve these metrics next month?"
"loans: 75, accuracy: 98.5%, errors: 0",1. You are maintaining a steady baseline; what are your primary focus areas for the upcoming month? | 2. Are there any specific steps in the transaction process currently causing you friction? | 3. What new skills or cross-training areas would you like to explore to increase your overall output?
"loans: 73, accuracy: 79.9%, errors: 3","1. We noticed a recent dip in accuracy; what operational bottlenecks are you currently facing? | 2. With the recent increase in errors, how is the current workload affecting your document review process? | 3. What additional training, resources, or system support do you need to improve these metrics next month?"
"loans: 72, accuracy: 77.9%, errors: 0","1. We noticed a recent dip in accuracy; what operational bottlenecks are you currently facing? | 2. With the recent increase in errors, how is the current workload affecting your document review process? | 3. What additional training, resources, or system support do you need to improve these metrics next month?"
"loans: 131, accuracy: 76.8%, errors: 4","1. We noticed a recent dip in accuracy; what operational bottlenecks are you currently facing? | 2. With the recent increase in errors, how is the current workload affecting your document review process? | 3. What additional training, resources, or system support do you need to improve these metrics next month?"
"loans: 72, accuracy: 94.9%, errors: 1",1. You are maintaining a steady baseline; what are your primary focus areas for the upcoming month? | 2. Are there any specific steps in the transaction process currently causing you friction? | 3. What new skills or cross-training areas would you like to explore to increase your overall output?
"loans: 90, accuracy: 92.8%, errors: 1",1. You are maintaining a steady baseline; what are your primary focus areas for the upcoming month? | 2. Are there any specific steps in the transaction process currently causing you friction? | 3. What new skills or cross-training areas would you like to explore to increase your overall output?
"loans: 84, accuracy: 84.0%, errors: 3","1. We noticed a recent dip in accuracy; what operational bottlenecks are you currently facing? | 2. With the recent increase in errors, how is the current workload affecting your document review process? | 3. What additional training, resources, or system support do you need to improve these metrics next month?"
"loans: 73, accuracy: 74.4%, errors: 0","1. We noticed a recent dip in accuracy; what operational bottlenecks are you currently facing? | 2. With the recent increase in errors, how is the current workload affecting your document review process? | 3. What additional training, resources, or system support do you need to improve these metrics next month?"
"loans: 58, accuracy: 85.1%, errors: 3","1. We noticed a recent dip in accuracy; what operational bottlenecks are you currently facing? | 2. With the recent increase in errors, how is the current workload affecting your document review process? | 3. What additional training, resources, or system support do you need to improve these metrics next month?"
"loans: 68, accuracy: 94.3%, errors: 0",1. You are maintaining a steady baseline; what are your primary focus areas for the upcoming month? | 2. Are there any specific steps in the transaction process currently causing you friction? | 3. What new skills or cross-training areas would you like to explore to increase your overall output?
"loans: 45, accuracy: 91.1%, errors: 1",1. You are maintaining a steady baseline; what are your primary focus areas for the upcoming month? | 2. Are there any specific steps in the transaction process currently causing you friction? | 3. What new skills or cross-training areas would you like to explore to increase your overall output?
"loans: 142, accuracy: 73.1%, errors: 6","1. We noticed a recent dip in accuracy; what operational bottlenecks are you currently facing? | 2. With the recent increase in errors, how is the current workload affecting your document review process? | 3. What additional training, resources, or system support do you need to improve these metrics next month?"
"loans: 153, accuracy: 86.9%, errors: 1",1. You are maintaining a steady baseline; what are your primary focus areas for the upcoming month? | 2. Are there any specific steps in the transaction process currently causing you friction? | 3. What new skills or cross-training areas would you like to explore to increase your overall output?
"loans: 61, accuracy: 77.1%, errors: 2","1. We noticed a recent dip in accuracy; what operational bottlenecks are you currently facing? | 2. With the recent increase in errors, how is the current workload affecting your document review process? | 3. What additional training, resources, or system support do you need to improve these metrics next month?"
"loans: 69, accuracy: 83.3%, errors: 4","1. We noticed a recent dip in accuracy; what operational bottlenecks are you currently facing? | 2. With the recent increase in errors, how is the current workload affecting your document review process? | 3. What additional training, resources, or system support do you need to improve these metrics next month?"
"loans: 160, accuracy: 70.3%, errors: 4","1. We noticed a recent dip in accuracy; what operational bottlenecks are you currently facing? | 2. With the recent increase in errors, how is the current workload affecting your document review process? | 3. What additional training, resources, or system support do you need to improve these metrics next month?"
"loans: 52, accuracy: 99.0%, errors: 0",1. You are maintaining a steady baseline; what are your primary focus areas for the upcoming month? | 2. Are there any specific steps in the transaction process currently causing you friction? | 3. What new skills or cross-training areas would you like to explore to increase your overall output?
"loans: 97, accuracy: 88.2%, errors: 3","1. We noticed a recent dip in accuracy; what operational bottlenecks are you currently facing? | 2. With the recent increase in errors, how is the current workload affecting your document review process? | 3. What additional training, resources, or system support do you need to improve these metrics next month?"
"loans: 137, accuracy: 85.3%, errors: 1",1. You are maintaining a steady baseline; what are your primary focus areas for the upcoming month? | 2. Are there any specific steps in the transaction process currently causing you friction? | 3. What new skills or cross-training areas would you like to explore to increase your overall output?
"loans: 68, accuracy: 75.5%, errors: 2","1. We noticed a recent dip in accuracy; what operational bottlenecks are you currently facing? | 2. With the recent increase in errors, how is the current workload affecting your document review process? | 3. What additional training, resources, or system support do you need to improve these metrics next month?"
"loans: 140, accuracy: 82.4%, errors: 1","1. We noticed a recent dip in accuracy; what operational bottlenecks are you currently facing? | 2. With the recent increase in errors, how is the current workload affecting your document review process? | 3. What additional training, resources, or system support do you need to improve these metrics next month?"
"loans: 50, accuracy: 93.4%, errors: 5","1. We noticed a recent dip in accuracy; what operational bottlenecks are you currently facing? | 2. With the recent increase in errors, how is the current workload affecting your document review process? | 3. What additional training, resources, or system support do you need to improve these metrics next month?"
"loans: 112, accuracy: 83.5%, errors: 6","1. We noticed a recent dip in accuracy; what operational bottlenecks are you currently facing? | 2. With the recent increase in errors, how is the current workload affecting your document review process? | 3. What additional training, resources, or system support do you need to improve these metrics next month?"
"loans: 49, accuracy: 70.2%, errors: 0","1. We noticed a recent dip in accuracy; what operational bottlenecks are you currently facing? | 2. With the recent increase in errors, how is the current workload affecting your document review process? | 3. What additional training, resources, or system support do you need to improve these metrics next month?"
"loans: 131, accuracy: 78.2%, errors: 6","1. We noticed a recent dip in accuracy; what operational bottlenecks are you currently facing? | 2. With the recent increase in errors, how is the current workload affecting your document review process? | 3. What additional training, resources, or system support do you need to improve these metrics next month?"
"loans: 42, accuracy: 80.4%, errors: 6","1. We noticed a recent dip in accuracy; what operational bottlenecks are you currently facing? | 2. With the recent increase in errors, how is the current workload affecting your document review process? | 3. What additional training, resources, or system support do you need to improve these metrics next month?"
"loans: 113, accuracy: 74.4%, errors: 2","1. We noticed a recent dip in accuracy; what operational bottlenecks are you currently facing? | 2. With the recent increase in errors, how is the current workload affecting your document review process? | 3. What additional training, resources, or system support do you need to improve these metrics next month?"
"loans: 66, accuracy: 97.1%, errors: 5","1. We noticed a recent dip in accuracy; what operational bottlenecks are you currently facing? | 2. With the recent increase in errors, how is the current workload affecting your document review process? | 3. What additional training, resources, or system support do you need to improve these metrics next month?"
"loans: 109, accuracy: 89.4%, errors: 0",1. You are maintaining a steady baseline; what are your primary focus areas for the upcoming month? | 2. Are there any specific steps in the transaction process currently causing you friction? | 3. What new skills or cross-training areas would you like to explore to increase your overall output?
"loans: 71, accuracy: 99.2%, errors: 6","1. We noticed a recent dip in accuracy; what operational bottlenecks are you currently facing? | 2. With the recent increase in errors, how is the current workload affecting your document review process? | 3. What additional training, resources, or system support do you need to improve these metrics next month?"
"loans: 122, accuracy: 76.5%, errors: 3","1. We noticed a recent dip in accuracy; what operational bottlenecks are you currently facing? | 2. With the recent increase in errors, how is the current workload affecting your document review process? | 3. What additional training, resources, or system support do you need to improve these metrics next month?"
"loans: 130, accuracy: 79.5%, errors: 0","1. We noticed a recent dip in accuracy; what operational bottlenecks are you currently facing? | 2. With the recent increase in errors, how is the current workload affecting your document review process? | 3. What additional training, resources, or system support do you need to improve these metrics next month?"
"loans: 111, accuracy: 83.2%, errors: 4","1. We noticed a recent dip in accuracy; what operational bottlenecks are you currently facing? | 2. With the recent increase in errors, how is the current workload affecting your document review process? | 3. What additional training, resources, or system support do you need to improve these metrics next month?"
"loans: 61, accuracy: 93.4%, errors: 3","1. We noticed a recent dip in accuracy; what operational bottlenecks are you currently facing? | 2. With the recent increase in errors, how is the current workload affecting your document review process? | 3. What additional training, resources, or system support do you need to improve these metrics next month?"
"loans: 61, accuracy: 75.9%, errors: 2","1. We noticed a recent dip in accuracy; what operational bottlenecks are you currently facing? | 2. With the recent increase in errors, how is the current workload affecting your document review process? | 3. What additional training, resources, or system support do you need to improve these metrics next month?"
"loans: 134, accuracy: 90.2%, errors: 4","1. We noticed a recent dip in accuracy; what operational bottlenecks are you currently facing? | 2. With the recent increase in errors, how is the current workload affecting your document review process? | 3. What additional training, resources, or system support do you need to improve these metrics next month?"
"loans: 88, accuracy: 82.0%, errors: 4","1. We noticed a recent dip in accuracy; what operational bottlenecks are you currently facing? | 2. With the recent increase in errors, how is the current workload affecting your document review process? | 3. What additional training, resources, or system support do you need to improve these metrics next month?"
"loans: 153, accuracy: 91.3%, errors: 3","1. We noticed a recent dip in accuracy; what operational bottlenecks are you currently facing? | 2. With the recent increase in errors, how is the current workload affecting your document review process? | 3. What additional training, resources, or system support do you need to improve these metrics next month?"
"loans: 158, accuracy: 84.2%, errors: 3","1. We noticed a recent dip in accuracy; what operational bottlenecks are you currently facing? | 2. With the recent increase in errors, how is the current workload affecting your document review process? | 3. What additional training, resources, or system support do you need to improve these metrics next month?"
"loans: 129, accuracy: 71.5%, errors: 3","1. We noticed a recent dip in accuracy; what operational bottlenecks are you currently facing? | 2. With the recent increase in errors, how is the current workload affecting your document review process? | 3. What additional training, resources, or system support do you need to improve these metrics next month?"
"loans: 83, accuracy: 82.9%, errors: 5","1. We noticed a recent dip in accuracy; what operational bottlenecks are you currently facing? | 2. With the recent increase in errors, how is the current workload affecting your document review process? | 3. What additional training, resources, or system support do you need to improve these metrics next month?"
"loans: 159, accuracy: 72.3%, errors: 5","1. We noticed a recent dip in accuracy; what operational bottlenecks are you currently facing? | 2. With the recent increase in errors, how is the current workload affecting your document review process? | 3. What additional training, resources, or system support do you need to improve these metrics next month?"
"loans: 137, accuracy: 95.4%, errors: 3","1. We noticed a recent dip in accuracy; what operational bottlenecks are you currently facing? | 2. With the recent increase in errors, how is the current workload affecting your document review process? | 3. What additional training, resources, or system support do you need to improve these metrics next month?"
"loans: 71, accuracy: 76.6%, errors: 2","1. We noticed a recent dip in accuracy; what operational bottlenecks are you currently facing? | 2. With the recent increase in errors, how is the current workload affecting your document review process? | 3. What additional training, resources, or system support do you need to improve these metrics next month?"
"loans: 89, accuracy: 93.2%, errors: 6","1. We noticed a recent dip in accuracy; what operational bottlenecks are you currently facing? | 2. With the recent increase in errors, how is the current workload affecting your document review process? | 3. What additional training, resources, or system support do you need to improve these metrics next month?"
"loans: 65, accuracy: 96.6%, errors: 4","1. We noticed a recent dip in accuracy; what operational bottlenecks are you currently facing? | 2. With the recent increase in errors, how is the current workload affecting your document review process? | 3. What additional training, resources, or system support do you need to improve these metrics next month?"
"loans: 46, accuracy: 83.5%, errors: 3","1. We noticed a recent dip in accuracy; what operational bottlenecks are you currently facing? | 2. With the recent increase in errors, how is the current workload affecting your document review process? | 3. What additional training, resources, or system support do you need to improve these metrics next month?"
"loans: 89, accuracy: 82.6%, errors: 2","1. We noticed a recent dip in accuracy; what operational bottlenecks are you currently facing? | 2. With the recent increase in errors, how is the current workload affecting your document review process? | 3. What additional training, resources, or system support do you need to improve these metrics next month?"
"loans: 60, accuracy: 86.3%, errors: 4","1. We noticed a recent dip in accuracy; what operational bottlenecks are you currently facing? | 2. With the recent increase in errors, how is the current workload affecting your document review process? | 3. What additional training, resources, or system support do you need to improve these metrics next month?"
"loans: 60, accuracy: 95.3%, errors: 3","1. We noticed a recent dip in accuracy; what operational bottlenecks are you currently facing? | 2. With the recent increase in errors, how is the current workload affecting your document review process? | 3. What additional training, resources, or system support do you need to improve these metrics next month?"
"loans: 58, accuracy: 85.9%, errors: 5","1. We noticed a recent dip in accuracy; what operational bottlenecks are you currently facing? | 2. With the recent increase in errors, how is the current workload affecting your document review process? | 3. What additional training, resources, or system support do you need to improve these metrics next month?"
"loans: 120, accuracy: 77.1%, errors: 3","1. We noticed a recent dip in accuracy; what operational bottlenecks are you currently facing? | 2. With the recent increase in errors, how is the current workload affecting your document review process? | 3. What additional training, resources, or system support do you need to improve these metrics next month?"
"loans: 120, accuracy: 89.8%, errors: 1",1. You are maintaining a steady baseline; what are your primary focus areas for the upcoming month? | 2. Are there any specific steps in the transaction process currently causing you friction? | 3. What new skills or cross-training areas would you like to explore to increase your overall output?
"loans: 81, accuracy: 89.8%, errors: 1",1. You are maintaining a steady baseline; what are your primary focus areas for the upcoming month? | 2. Are there any specific steps in the transaction process currently causing you friction? | 3. What new skills or cross-training areas would you like to explore to increase your overall output?
"loans: 45, accuracy: 99.4%, errors: 2",1. You are maintaining a steady baseline; what are your primary focus areas for the upcoming month? | 2. Are there any specific steps in the transaction process currently causing you friction? | 3. What new skills or cross-training areas would you like to explore to increase your overall output?
"loans: 148, accuracy: 79.2%, errors: 3","1. We noticed a recent dip in accuracy; what operational bottlenecks are you currently facing? | 2. With the recent increase in errors, how is the current workload affecting your document review process? | 3. What additional training, resources, or system support do you need to improve these metrics next month?"
"loans: 129, accuracy: 82.6%, errors: 1","1. We noticed a recent dip in accuracy; what operational bottlenecks are you currently facing? | 2. With the recent increase in errors, how is the current workload affecting your document review process? | 3. What additional training, resources, or system support do you need to improve these metrics next month?"
"loans: 144, accuracy: 92.5%, errors: 3","1. We noticed a recent dip in accuracy; what operational bottlenecks are you currently facing? | 2. With the recent increase in errors, how is the current workload affecting your document review process? | 3. What additional training, resources, or system support do you need to improve these metrics next month?"
"loans: 120, accuracy: 97.1%, errors: 4","1. We noticed a recent dip in accuracy; what operational bottlenecks are you currently facing? | 2. With the recent increase in errors, how is the current workload affecting your document review process? | 3. What additional training, resources, or system support do you need to improve these metrics next month?"
"loans: 104, accuracy: 70.1%, errors: 1","1. We noticed a recent dip in accuracy; what operational bottlenecks are you currently facing? | 2. With the recent increase in errors, how is the current workload affecting your document review process? | 3. What additional training, resources, or system support do you need to improve these metrics next month?"
"loans: 108, accuracy: 88.8%, errors: 5","1. We noticed a recent dip in accuracy; what operational bottlenecks are you currently facing? | 2. With the recent increase in errors, how is the current workload affecting your document review process? | 3. What additional training, resources, or system support do you need to improve these metrics next month?"
"loans: 101, accuracy: 86.7%, errors: 4","1. We noticed a recent dip in accuracy; what operational bottlenecks are you currently facing? | 2. With the recent increase in errors, how is the current workload affecting your document review process? | 3. What additional training, resources, or system support do you need to improve these metrics next month?"
"loans: 109, accuracy: 78.4%, errors: 3","1. We noticed a recent dip in accuracy; what operational bottlenecks are you currently facing? | 2. With the recent increase in errors, how is the current workload affecting your document review process? | 3. What additional training, resources, or system support do you need to improve these metrics next month?"
"loans: 88, accuracy: 90.3%, errors: 4","1. We noticed a recent dip in accuracy; what operational bottlenecks are you currently facing? | 2. With the recent increase in errors, how is the current workload affecting your document review process? | 3. What additional training, resources, or system support do you need to improve these metrics next month?"
"loans: 158, accuracy: 77.5%, errors: 6","1. We noticed a recent dip in accuracy; what operational bottlenecks are you currently facing? | 2. With the recent increase in errors, how is the current workload affecting your document review process? | 3. What additional training, resources, or system support do you need to improve these metrics next month?"
"loans: 81, accuracy: 97.9%, errors: 0",1. You are maintaining a steady baseline; what are your primary focus areas for the upcoming month? | 2. Are there any specific steps in the transaction process currently causing you friction? | 3. What new skills or cross-training areas would you like to explore to increase your overall output?
"loans: 143, accuracy: 99.5%, errors: 6","1. We noticed a recent dip in accuracy; what operational bottlenecks are you currently facing? | 2. With the recent increase in errors, how is the current workload affecting your document review process? | 3. What additional training, resources, or system support do you need to improve these metrics next month?"
"loans: 123, accuracy: 89.3%, errors: 1",1. You are maintaining a steady baseline; what are your primary focus areas for the upcoming month? | 2. Are there any specific steps in the transaction process currently causing you friction? | 3. What new skills or cross-training areas would you like to explore to increase your overall output?
"loans: 146, accuracy: 70.2%, errors: 4","1. We noticed a recent dip in accuracy; what operational bottlenecks are you currently facing? | 2. With the recent increase in errors, how is the current workload affecting your document review process? | 3. What additional training, resources, or system support do you need to improve these metrics next month?"
"loans: 78, accuracy: 90.8%, errors: 6","1. We noticed a recent dip in accuracy; what operational bottlenecks are you currently facing? | 2. With the recent increase in errors, how is the current workload affecting your document review process? | 3. What additional training, resources, or system support do you need to improve these metrics next month?"
"loans: 93, accuracy: 91.3%, errors: 3","1. We noticed a recent dip in accuracy; what operational bottlenecks are you currently facing? | 2. With the recent increase in errors, how is the current workload affecting your document review process? | 3. What additional training, resources, or system support do you need to improve these metrics next month?"
"loans: 102, accuracy: 97.6%, errors: 4","1. We noticed a recent dip in accuracy; what operational bottlenecks are you currently facing? | 2. With the recent increase in errors, how is the current workload affecting your document review process? | 3. What additional training, resources, or system support do you need to improve these metrics next month?"
"loans: 108, accuracy: 86.4%, errors: 4","1. We noticed a recent dip in accuracy; what operational bottlenecks are you currently facing? | 2. With the recent increase in errors, how is the current workload affecting your document review process? | 3. What additional training, resources, or system support do you need to improve these metrics next month?"
"loans: 84, accuracy: 86.1%, errors: 5","1. We noticed a recent dip in accuracy; what operational bottlenecks are you currently facing? | 2. With the recent increase in errors, how is the current workload affecting your document review process? | 3. What additional training, resources, or system support do you need to improve these metrics next month?"
"loans: 76, accuracy: 91.2%, errors: 4","1. We noticed a recent dip in accuracy; what operational bottlenecks are you currently facing? | 2. With the recent increase in errors, how is the current workload affecting your document review process? | 3. What additional training, resources, or system support do you need to improve these metrics next month?"
"loans: 147, accuracy: 76.2%, errors: 5","1. We noticed a recent dip in accuracy; what operational bottlenecks are you currently facing? | 2. With the recent increase in errors, how is the current workload affecting your document review process? | 3. What additional training, resources, or system support do you need to improve these metrics next month?"
"loans: 66, accuracy: 89.3%, errors: 6","1. We noticed a recent dip in accuracy; what operational bottlenecks are you currently facing? | 2. With the recent increase in errors, how is the current workload affecting your document review process? | 3. What additional training, resources, or system support do you need to improve these metrics next month?"
"loans: 127, accuracy: 94.8%, errors: 0",1. You have consistently exceeded volume targets; what specific workflows helped you achieve this? | 2. Your transaction accuracy is exceptional; how do you maintain this precision during peak hours? | 3. What best practices can you share with your peers to elevate overall team performance?
"loans: 151, accuracy: 75.0%, errors: 0","1. We noticed a recent dip in accuracy; what operational bottlenecks are you currently facing? | 2. With the recent increase in errors, how is the current workload affecting your document review process? | 3. What additional training, resources, or system support do you need to improve these metrics next month?"
"loans: 70, accuracy: 77.2%, errors: 3","1. We noticed a recent dip in accuracy; what operational bottlenecks are you currently facing? | 2. With the recent increase in errors, how is the current workload affecting your document review process? | 3. What additional training, resources, or system support do you need to improve these metrics next month?"
"loans: 88, accuracy: 96.7%, errors: 6","1. We noticed a recent dip in accuracy; what operational bottlenecks are you currently facing? | 2. With the recent increase in errors, how is the current workload affecting your document review process? | 3. What additional training, resources, or system support do you need to improve these metrics next month?"
"loans: 59, accuracy: 94.7%, errors: 5","1. We noticed a recent dip in accuracy; what operational bottlenecks are you currently facing? | 2. With the recent increase in errors, how is the current workload affecting your document review process? | 3. What additional training, resources, or system support do you need to improve these metrics next month?"
"loans: 72, accuracy: 96.4%, errors: 0",1. You are maintaining a steady baseline; what are your primary focus areas for the upcoming month? | 2. Are there any specific steps in the transaction process currently causing you friction? | 3. What new skills or cross-training areas would you like to explore to increase your overall output?
"loans: 84, accuracy: 94.8%, errors: 1",1. You are maintaining a steady baseline; what are your primary focus areas for the upcoming month? | 2. Are there any specific steps in the transaction process currently causing you friction? | 3. What new skills or cross-training areas would you like to explore to increase your overall output?
"loans: 133, accuracy: 99.2%, errors: 4","1. We noticed a recent dip in accuracy; what operational bottlenecks are you currently facing? | 2. With the recent increase in errors, how is the current workload affecting your document review process? | 3. What additional training, resources, or system support do you need to improve these metrics next month?"
"loans: 48, accuracy: 97.1%, errors: 0",1. You are maintaining a steady baseline; what are your primary focus areas for the upcoming month? | 2. Are there any specific steps in the transaction process currently causing you friction? | 3. What new skills or cross-training areas would you like to explore to increase your overall output?
"loans: 126, accuracy: 91.6%, errors: 1",1. You have consistently exceeded volume targets; what specific workflows helped you achieve this? | 2. Your transaction accuracy is exceptional; how do you maintain this precision during peak hours? | 3. What best practices can you share with your peers to elevate overall team performance?
"loans: 81, accuracy: 91.9%, errors: 0",1. You are maintaining a steady baseline; what are your primary focus areas for the upcoming month? | 2. Are there any specific steps in the transaction process currently causing you friction? | 3. What new skills or cross-training areas would you like to explore to increase your overall output?
"loans: 153, accuracy: 99.0%, errors: 6","1. We noticed a recent dip in accuracy; what operational bottlenecks are you currently facing? | 2. With the recent increase in errors, how is the current workload affecting your document review process? | 3. What additional training, resources, or system support do you need to improve these metrics next month?"
"loans: 130, accuracy: 81.9%, errors: 4","1. We noticed a recent dip in accuracy; what operational bottlenecks are you currently facing? | 2. With the recent increase in errors, how is the current workload affecting your document review process? | 3. What additional training, resources, or system support do you need to improve these metrics next month?"
"loans: 49, accuracy: 74.3%, errors: 3","1. We noticed a recent dip in accuracy; what operational bottlenecks are you currently facing? | 2. With the recent increase in errors, how is the current workload affecting your document review process? | 3. What additional training, resources, or system support do you need to improve these metrics next month?"
"loans: 60, accuracy: 96.1%, errors: 1",1. You are maintaining a steady baseline; what are your primary focus areas for the upcoming month? | 2. Are there any specific steps in the transaction process currently causing you friction? | 3. What new skills or cross-training areas would you like to explore to increase your overall output?
"loans: 45, accuracy: 77.2%, errors: 2","1. We noticed a recent dip in accuracy; what operational bottlenecks are you currently facing? | 2. With the recent increase in errors, how is the current workload affecting your document review process? | 3. What additional training, resources, or system support do you need to improve these metrics next month?"
"loans: 83, accuracy: 71.3%, errors: 2","1. We noticed a recent dip in accuracy; what operational bottlenecks are you currently facing? | 2. With the recent increase in errors, how is the current workload affecting your document review process? | 3. What additional training, resources, or system support do you need to improve these metrics next month?"
"loans: 83, accuracy: 79.9%, errors: 2","1. We noticed a recent dip in accuracy; what operational bottlenecks are you currently facing? | 2. With the recent increase in errors, how is the current workload affecting your document review process? | 3. What additional training, resources, or system support do you need to improve these metrics next month?"
"loans: 138, accuracy: 95.4%, errors: 4","1. We noticed a recent dip in accuracy; what operational bottlenecks are you currently facing? | 2. With the recent increase in errors, how is the current workload affecting your document review process? | 3. What additional training, resources, or system support do you need to improve these metrics next month?"
"loans: 120, accuracy: 80.6%, errors: 0","1. We noticed a recent dip in accuracy; what operational bottlenecks are you currently facing? | 2. With the recent increase in errors, how is the current workload affecting your document review process? | 3. What additional training, resources, or system support do you need to improve these metrics next month?"
"loans: 75, accuracy: 83.7%, errors: 3","1. We noticed a recent dip in accuracy; what operational bottlenecks are you currently facing? | 2. With the recent increase in errors, how is the current workload affecting your document review process? | 3. What additional training, resources, or system support do you need to improve these metrics next month?"
"loans: 159, accuracy: 92.2%, errors: 1",1. You have consistently exceeded volume targets; what specific workflows helped you achieve this? | 2. Your transaction accuracy is exceptional; how do you maintain this precision during peak hours? | 3. What best practices can you share with your peers to elevate overall team performance?
"loans: 104, accuracy: 77.8%, errors: 1","1. We noticed a recent dip in accuracy; what operational bottlenecks are you currently facing? | 2. With the recent increase in errors, how is the current workload affecting your document review process? | 3. What additional training, resources, or system support do you need to improve these metrics next month?"
"loans: 66, accuracy: 72.1%, errors: 0","1. We noticed a recent dip in accuracy; what operational bottlenecks are you currently facing? | 2. With the recent increase in errors, how is the current workload affecting your document review process? | 3. What additional training, resources, or system support do you need to improve these metrics next month?"
"loans: 111, accuracy: 88.6%, errors: 0",1. You are maintaining a steady baseline; what are your primary focus areas for the upcoming month? | 2. Are there any specific steps in the transaction process currently causing you friction? | 3. What new skills or cross-training areas would you like to explore to increase your overall output?
"loans: 125, accuracy: 99.8%, errors: 6","1. We noticed a recent dip in accuracy; what operational bottlenecks are you currently facing? | 2. With the recent increase in errors, how is the current workload affecting your document review process? | 3. What additional training, resources, or system support do you need to improve these metrics next month?"
"loans: 66, accuracy: 89.7%, errors: 5","1. We noticed a recent dip in accuracy; what operational bottlenecks are you currently facing? | 2. With the recent increase in errors, how is the current workload affecting your document review process? | 3. What additional training, resources, or system support do you need to improve these metrics next month?"
"loans: 56, accuracy: 78.9%, errors: 4","1. We noticed a recent dip in accuracy; what operational bottlenecks are you currently facing? | 2. With the recent increase in errors, how is the current workload affecting your document review process? | 3. What additional training, resources, or system support do you need to improve these metrics next month?"
"loans: 94, accuracy: 71.9%, errors: 1","1. We noticed a recent dip in accuracy; what operational bottlenecks are you currently facing? | 2. With the recent increase in errors, how is the current workload affecting your document review process? | 3. What additional training, resources, or system support do you need to improve these metrics next month?"
"loans: 128, accuracy: 92.1%, errors: 4","1. We noticed a recent dip in accuracy; what operational bottlenecks are you currently facing? | 2. With the recent increase in errors, how is the current workload affecting your document review process? | 3. What additional training, resources, or system support do you need to improve these metrics next month?"
"loans: 152, accuracy: 81.6%, errors: 2","1. We noticed a recent dip in accuracy; what operational bottlenecks are you currently facing? | 2. With the recent increase in errors, how is the current workload affecting your document review process? | 3. What additional training, resources, or system support do you need to improve these metrics next month?"
"loans: 104, accuracy: 72.2%, errors: 3","1. We noticed a recent dip in accuracy; what operational bottlenecks are you currently facing? | 2. With the recent increase in errors, how is the current workload affecting your document review process? | 3. What additional training, resources, or system support do you need to improve these metrics next month?"
"loans: 109, accuracy: 85.0%, errors: 2",1. You are maintaining a steady baseline; what are your primary focus areas for the upcoming month? | 2. Are there any specific steps in the transaction process currently causing you friction? | 3. What new skills or cross-training areas would you like to explore to increase your overall output?
"loans: 52, accuracy: 84.6%, errors: 6","1. We noticed a recent dip in accuracy; what operational bottlenecks are you currently facing? | 2. With the recent increase in errors, how is the current workload affecting your document review process? | 3. What additional training, resources, or system support do you need to improve these metrics next month?"
"loans: 117, accuracy: 81.0%, errors: 5","1. We noticed a recent dip in accuracy; what operational bottlenecks are you currently facing? | 2. With the recent increase in errors, how is the current workload affecting your document review process? | 3. What additional training, resources, or system support do you need to improve these metrics next month?"
"loans: 110, accuracy: 91.0%, errors: 5","1. We noticed a recent dip in accuracy; what operational bottlenecks are you currently facing? | 2. With the recent increase in errors, how is the current workload affecting your document review process? | 3. What additional training, resources, or system support do you need to improve these metrics next month?"
"loans: 142, accuracy: 91.5%, errors: 1",1. You have consistently exceeded volume targets; what specific workflows helped you achieve this? | 2. Your transaction accuracy is exceptional; how do you maintain this precision during peak hours? | 3. What best practices can you share with your peers to elevate overall team performance?
"loans: 59, accuracy: 78.4%, errors: 1","1. We noticed a recent dip in accuracy; what operational bottlenecks are you currently facing? | 2. With the recent increase in errors, how is the current workload affecting your document review process? | 3. What additional training, resources, or system support do you need to improve these metrics next month?"
"loans: 65, accuracy: 80.2%, errors: 3","1. We noticed a recent dip in accuracy; what operational bottlenecks are you currently facing? | 2. With the recent increase in errors, how is the current workload affecting your document review process? | 3. What additional training, resources, or system support do you need to improve these metrics next month?"
"loans: 138, accuracy: 99.1%, errors: 2",1. You are maintaining a steady baseline; what are your primary focus areas for the upcoming month? | 2. Are there any specific steps in the transaction process currently causing you friction? | 3. What new skills or cross-training areas would you like to explore to increase your overall output?
"loans: 80, accuracy: 74.0%, errors: 5","1. We noticed a recent dip in accuracy; what operational bottlenecks are you currently facing? | 2. With the recent increase in errors, how is the current workload affecting your document review process? | 3. What additional training, resources, or system support do you need to improve these metrics next month?"
"loans: 69, accuracy: 85.9%, errors: 4","1. We noticed a recent dip in accuracy; what operational bottlenecks are you currently facing? | 2. With the recent increase in errors, how is the current workload affecting your document review process? | 3. What additional training, resources, or system support do you need to improve these metrics next month?"
"loans: 138, accuracy: 85.4%, errors: 6","1. We noticed a recent dip in accuracy; what operational bottlenecks are you currently facing? | 2. With the recent increase in errors, how is the current workload affecting your document review process? | 3. What additional training, resources, or system support do you need to improve these metrics next month?"
"loans: 86, accuracy: 73.2%, errors: 1","1. We noticed a recent dip in accuracy; what operational bottlenecks are you currently facing? | 2. With the recent increase in errors, how is the current workload affecting your document review process? | 3. What additional training, resources, or system support do you need to improve these metrics next month?"
"loans: 68, accuracy: 80.2%, errors: 2","1. We noticed a recent dip in accuracy; what operational bottlenecks are you currently facing? | 2. With the recent increase in errors, how is the current workload affecting your document review process? | 3. What additional training, resources, or system support do you need to improve these metrics next month?"
"loans: 156, accuracy: 80.4%, errors: 1","1. We noticed a recent dip in accuracy; what operational bottlenecks are you currently facing? | 2. With the recent increase in errors, how is the current workload affecting your document review process? | 3. What additional training, resources, or system support do you need to improve these metrics next month?"
"loans: 153, accuracy: 89.4%, errors: 5","1. We noticed a recent dip in accuracy; what operational bottlenecks are you currently facing? | 2. With the recent increase in errors, how is the current workload affecting your document review process? | 3. What additional training, resources, or system support do you need to improve these metrics next month?"
"loans: 72, accuracy: 86.0%, errors: 5","1. We noticed a recent dip in accuracy; what operational bottlenecks are you currently facing? | 2. With the recent increase in errors, how is the current workload affecting your document review process? | 3. What additional training, resources, or system support do you need to improve these metrics next month?"
"loans: 118, accuracy: 92.9%, errors: 5","1. We noticed a recent dip in accuracy; what operational bottlenecks are you currently facing? | 2. With the recent increase in errors, how is the current workload affecting your document review process? | 3. What additional training, resources, or system support do you need to improve these metrics next month?"
"loans: 41, accuracy: 73.2%, errors: 0","1. We noticed a recent dip in accuracy; what operational bottlenecks are you currently facing? | 2. With the recent increase in errors, how is the current workload affecting your document review process? | 3. What additional training, resources, or system support do you need to improve these metrics next month?"
"loans: 74, accuracy: 82.2%, errors: 1","1. We noticed a recent dip in accuracy; what operational bottlenecks are you currently facing? | 2. With the recent increase in errors, how is the current workload affecting your document review process? | 3. What additional training, resources, or system support do you need to improve these metrics next month?"
"loans: 95, accuracy: 84.3%, errors: 2","1. We noticed a recent dip in accuracy; what operational bottlenecks are you currently facing? | 2. With the recent increase in errors, how is the current workload affecting your document review process? | 3. What additional training, resources, or system support do you need to improve these metrics next month?"
"loans: 58, accuracy: 84.6%, errors: 6","1. We noticed a recent dip in accuracy; what operational bottlenecks are you currently facing? | 2. With the recent increase in errors, how is the current workload affecting your document review process? | 3. What additional training, resources, or system support do you need to improve these metrics next month?"
"loans: 148, accuracy: 89.6%, errors: 3","1. We noticed a recent dip in accuracy; what operational bottlenecks are you currently facing? | 2. With the recent increase in errors, how is the current workload affecting your document review process? | 3. What additional training, resources, or system support do you need to improve these metrics next month?"
"loans: 136, accuracy: 94.7%, errors: 0",1. You have consistently exceeded volume targets; what specific workflows helped you achieve this? | 2. Your transaction accuracy is exceptional; how do you maintain this precision during peak hours? | 3. What best practices can you share with your peers to elevate overall team performance?
"loans: 120, accuracy: 75.6%, errors: 0","1. We noticed a recent dip in accuracy; what operational bottlenecks are you currently facing? | 2. With the recent increase in errors, how is the current workload affecting your document review process? | 3. What additional training, resources, or system support do you need to improve these metrics next month?"
"loans: 53, accuracy: 73.0%, errors: 6","1. We noticed a recent dip in accuracy; what operational bottlenecks are you currently facing? | 2. With the recent increase in errors, how is the current workload affecting your document review process? | 3. What additional training, resources, or system support do you need to improve these metrics next month?"
"loans: 57, accuracy: 85.5%, errors: 1",1. You are maintaining a steady baseline; what are your primary focus areas for the upcoming month? | 2. Are there any specific steps in the transaction process currently causing you friction? | 3. What new skills or cross-training areas would you like to explore to increase your overall output?
"loans: 77, accuracy: 86.6%, errors: 4","1. We noticed a recent dip in accuracy; what operational bottlenecks are you currently facing? | 2. With the recent increase in errors, how is the current workload affecting your document review process? | 3. What additional training, resources, or system support do you need to improve these metrics next month?"
"loans: 156, accuracy: 90.7%, errors: 0",1. You have consistently exceeded volume targets; what specific workflows helped you achieve this? | 2. Your transaction accuracy is exceptional; how do you maintain this precision during peak hours? | 3. What best practices can you share with your peers to elevate overall team performance?
"loans: 42, accuracy: 89.6%, errors: 5","1. We noticed a recent dip in accuracy; what operational bottlenecks are you currently facing? | 2. With the recent increase in errors, how is the current workload affecting your document review process? | 3. What additional training, resources, or system support do you need to improve these metrics next month?"
"loans: 154, accuracy: 77.7%, errors: 2","1. We noticed a recent dip in accuracy; what operational bottlenecks are you currently facing? | 2. With the recent increase in errors, how is the current workload affecting your document review process? | 3. What additional training, resources, or system support do you need to improve these metrics next month?"
"loans: 76, accuracy: 98.7%, errors: 4","1. We noticed a recent dip in accuracy; what operational bottlenecks are you currently facing? | 2. With the recent increase in errors, how is the current workload affecting your document review process? | 3. What additional training, resources, or system support do you need to improve these metrics next month?"
"loans: 58, accuracy: 79.1%, errors: 1","1. We noticed a recent dip in accuracy; what operational bottlenecks are you currently facing? | 2. With the recent increase in errors, how is the current workload affecting your document review process? | 3. What additional training, resources, or system support do you need to improve these metrics next month?"
"loans: 136, accuracy: 80.0%, errors: 3","1. We noticed a recent dip in accuracy; what operational bottlenecks are you currently facing? | 2. With the recent increase in errors, how is the current workload affecting your document review process? | 3. What additional training, resources, or system support do you need to improve these metrics next month?"
"loans: 104, accuracy: 79.3%, errors: 0","1. We noticed a recent dip in accuracy; what operational bottlenecks are you currently facing? | 2. With the recent increase in errors, how is the current workload affecting your document review process? | 3. What additional training, resources, or system support do you need to improve these metrics next month?"
"loans: 72, accuracy: 90.5%, errors: 3","1. We noticed a recent dip in accuracy; what operational bottlenecks are you currently facing? | 2. With the recent increase in errors, how is the current workload affecting your document review process? | 3. What additional training, resources, or system support do you need to improve these metrics next month?"
"loans: 149, accuracy: 76.5%, errors: 0","1. We noticed a recent dip in accuracy; what operational bottlenecks are you currently facing? | 2. With the recent increase in errors, how is the current workload affecting your document review process? | 3. What additional training, resources, or system support do you need to improve these metrics next month?"
"loans: 61, accuracy: 71.4%, errors: 5","1. We noticed a recent dip in accuracy; what operational bottlenecks are you currently facing? | 2. With the recent increase in errors, how is the current workload affecting your document review process? | 3. What additional training, resources, or system support do you need to improve these metrics next month?"
"loans: 121, accuracy: 76.2%, errors: 2","1. We noticed a recent dip in accuracy; what operational bottlenecks are you currently facing? | 2. With the recent increase in errors, how is the current workload affecting your document review process? | 3. What additional training, resources, or system support do you need to improve these metrics next month?"
"loans: 115, accuracy: 87.2%, errors: 6","1. We noticed a recent dip in accuracy; what operational bottlenecks are you currently facing? | 2. With the recent increase in errors, how is the current workload affecting your document review process? | 3. What additional training, resources, or system support do you need to improve these metrics next month?"
"loans: 148, accuracy: 94.9%, errors: 1",1. You have consistently exceeded volume targets; what specific workflows helped you achieve this? | 2. Your transaction accuracy is exceptional; how do you maintain this precision during peak hours? | 3. What best practices can you share with your peers to elevate overall team performance?
"loans: 134, accuracy: 75.6%, errors: 4","1. We noticed a recent dip in accuracy; what operational bottlenecks are you currently facing? | 2. With the recent increase in errors, how is the current workload affecting your document review process? | 3. What additional training, resources, or system support do you need to improve these metrics next month?"
"loans: 64, accuracy: 79.0%, errors: 4","1. We noticed a recent dip in accuracy; what operational bottlenecks are you currently facing? | 2. With the recent increase in errors, how is the current workload affecting your document review process? | 3. What additional training, resources, or system support do you need to improve these metrics next month?"
"loans: 124, accuracy: 78.7%, errors: 6","1. We noticed a recent dip in accuracy; what operational bottlenecks are you currently facing? | 2. With the recent increase in errors, how is the current workload affecting your document review process? | 3. What additional training, resources, or system support do you need to improve these metrics next month?"
"loans: 66, accuracy: 81.5%, errors: 3","1. We noticed a recent dip in accuracy; what operational bottlenecks are you currently facing? | 2. With the recent increase in errors, how is the current workload affecting your document review process? | 3. What additional training, resources, or system support do you need to improve these metrics next month?"
"loans: 160, accuracy: 90.2%, errors: 3","1. We noticed a recent dip in accuracy; what operational bottlenecks are you currently facing? | 2. With the recent increase in errors, how is the current workload affecting your document review process? | 3. What additional training, resources, or system support do you need to improve these metrics next month?"
"loans: 61, accuracy: 98.8%, errors: 5","1. We noticed a recent dip in accuracy; what operational bottlenecks are you currently facing? | 2. With the recent increase in errors, how is the current workload affecting your document review process? | 3. What additional training, resources, or system support do you need to improve these metrics next month?"
"loans: 149, accuracy: 77.3%, errors: 0","1. We noticed a recent dip in accuracy; what operational bottlenecks are you currently facing? | 2. With the recent increase in errors, how is the current workload affecting your document review process? | 3. What additional training, resources, or system support do you need to improve these metrics next month?"
"loans: 144, accuracy: 98.3%, errors: 3","1. We noticed a recent dip in accuracy; what operational bottlenecks are you currently facing? | 2. With the recent increase in errors, how is the current workload affecting your document review process? | 3. What additional training, resources, or system support do you need to improve these metrics next month?"
"loans: 144, accuracy: 75.6%, errors: 5","1. We noticed a recent dip in accuracy; what operational bottlenecks are you currently facing? | 2. With the recent increase in errors, how is the current workload affecting your document review process? | 3. What additional training, resources, or system support do you need to improve these metrics next month?"
"loans: 85, accuracy: 99.0%, errors: 1",1. You are maintaining a steady baseline; what are your primary focus areas for the upcoming month? | 2. Are there any specific steps in the transaction process currently causing you friction? | 3. What new skills or cross-training areas would you like to explore to increase your overall output?
"loans: 117, accuracy: 75.6%, errors: 4","1. We noticed a recent dip in accuracy; what operational bottlenecks are you currently facing? | 2. With the recent increase in errors, how is the current workload affecting your document review process? | 3. What additional training, resources, or system support do you need to improve these metrics next month?"
"loans: 82, accuracy: 78.1%, errors: 2","1. We noticed a recent dip in accuracy; what operational bottlenecks are you currently facing? | 2. With the recent increase in errors, how is the current workload affecting your document review process? | 3. What additional training, resources, or system support do you need to improve these metrics next month?"
"loans: 42, accuracy: 90.7%, errors: 3","1. We noticed a recent dip in accuracy; what operational bottlenecks are you currently facing? | 2. With the recent increase in errors, how is the current workload affecting your document review process? | 3. What additional training, resources, or system support do you need to improve these metrics next month?"
"loans: 90, accuracy: 91.3%, errors: 2",1. You are maintaining a steady baseline; what are your primary focus areas for the upcoming month? | 2. Are there any specific steps in the transaction process currently causing you friction? | 3. What new skills or cross-training areas would you like to explore to increase your overall output?
"loans: 120, accuracy: 93.7%, errors: 5","1. We noticed a recent dip in accuracy; what operational bottlenecks are you currently facing? | 2. With the recent increase in errors, how is the current workload affecting your document review process? | 3. What additional training, resources, or system support do you need to improve these metrics next month?"
"loans: 114, accuracy: 93.3%, errors: 4","1. We noticed a recent dip in accuracy; what operational bottlenecks are you currently facing? | 2. With the recent increase in errors, how is the current workload affecting your document review process? | 3. What additional training, resources, or system support do you need to improve these metrics next month?"
"loans: 72, accuracy: 96.2%, errors: 4","1. We noticed a recent dip in accuracy; what operational bottlenecks are you currently facing? | 2. With the recent increase in errors, how is the current workload affecting your document review process? | 3. What additional training, resources, or system support do you need to improve these metrics next month?"
"loans: 112, accuracy: 77.7%, errors: 6","1. We noticed a recent dip in accuracy; what operational bottlenecks are you currently facing? | 2. With the recent increase in errors, how is the current workload affecting your document review process? | 3. What additional training, resources, or system support do you need to improve these metrics next month?"
"loans: 43, accuracy: 91.0%, errors: 6","1. We noticed a recent dip in accuracy; what operational bottlenecks are you currently facing? | 2. With the recent increase in errors, how is the current workload affecting your document review process? | 3. What additional training, resources, or system support do you need to improve these metrics next month?"
"loans: 73, accuracy: 70.7%, errors: 4","1. We noticed a recent dip in accuracy; what operational bottlenecks are you currently facing? | 2. With the recent increase in errors, how is the current workload affecting your document review process? | 3. What additional training, resources, or system support do you need to improve these metrics next month?"
"loans: 115, accuracy: 70.6%, errors: 4","1. We noticed a recent dip in accuracy; what operational bottlenecks are you currently facing? | 2. With the recent increase in errors, how is the current workload affecting your document review process? | 3. What additional training, resources, or system support do you need to improve these metrics next month?"
"loans: 92, accuracy: 84.6%, errors: 3","1. We noticed a recent dip in accuracy; what operational bottlenecks are you currently facing? | 2. With the recent increase in errors, how is the current workload affecting your document review process? | 3. What additional training, resources, or system support do you need to improve these metrics next month?"
"loans: 95, accuracy: 75.9%, errors: 1","1. We noticed a recent dip in accuracy; what operational bottlenecks are you currently facing? | 2. With the recent increase in errors, how is the current workload affecting your document review process? | 3. What additional training, resources, or system support do you need to improve these metrics next month?"
"loans: 113, accuracy: 83.4%, errors: 4","1. We noticed a recent dip in accuracy; what operational bottlenecks are you currently facing? | 2. With the recent increase in errors, how is the current workload affecting your document review process? | 3. What additional training, resources, or system support do you need to improve these metrics next month?"
"loans: 98, accuracy: 91.3%, errors: 4","1. We noticed a recent dip in accuracy; what operational bottlenecks are you currently facing? | 2. With the recent increase in errors, how is the current workload affecting your document review process? | 3. What additional training, resources, or system support do you need to improve these metrics next month?"
"loans: 104, accuracy: 93.0%, errors: 4","1. We noticed a recent dip in accuracy; what operational bottlenecks are you currently facing? | 2. With the recent increase in errors, how is the current workload affecting your document review process? | 3. What additional training, resources, or system support do you need to improve these metrics next month?"
"loans: 117, accuracy: 79.8%, errors: 1","1. We noticed a recent dip in accuracy; what operational bottlenecks are you currently facing? | 2. With the recent increase in errors, how is the current workload affecting your document review process? | 3. What additional training, resources, or system support do you need to improve these metrics next month?"
"loans: 78, accuracy: 77.0%, errors: 5","1. We noticed a recent dip in accuracy; what operational bottlenecks are you currently facing? | 2. With the recent increase in errors, how is the current workload affecting your document review process? | 3. What additional training, resources, or system support do you need to improve these metrics next month?"
"loans: 133, accuracy: 92.4%, errors: 3","1. We noticed a recent dip in accuracy; what operational bottlenecks are you currently facing? | 2. With the recent increase in errors, how is the current workload affecting your document review process? | 3. What additional training, resources, or system support do you need to improve these metrics next month?"
"loans: 148, accuracy: 86.7%, errors: 3","1. We noticed a recent dip in accuracy; what operational bottlenecks are you currently facing? | 2. With the recent increase in errors, how is the current workload affecting your document review process? | 3. What additional training, resources, or system support do you need to improve these metrics next month?"
"loans: 149, accuracy: 74.0%, errors: 6","1. We noticed a recent dip in accuracy; what operational bottlenecks are you currently facing? | 2. With the recent increase in errors, how is the current workload affecting your document review process? | 3. What additional training, resources, or system support do you need to improve these metrics next month?"
"loans: 63, accuracy: 81.3%, errors: 4","1. We noticed a recent dip in accuracy; what operational bottlenecks are you currently facing? | 2. With the recent increase in errors, how is the current workload affecting your document review process? | 3. What additional training, resources, or system support do you need to improve these metrics next month?"
"loans: 137, accuracy: 80.5%, errors: 6","1. We noticed a recent dip in accuracy; what operational bottlenecks are you currently facing? | 2. With the recent increase in errors, how is the current workload affecting your document review process? | 3. What additional training, resources, or system support do you need to improve these metrics next month?"
"loans: 72, accuracy: 90.1%, errors: 6","1. We noticed a recent dip in accuracy; what operational bottlenecks are you currently facing? | 2. With the recent increase in errors, how is the current workload affecting your document review process? | 3. What additional training, resources, or system support do you need to improve these metrics next month?"
"loans: 133, accuracy: 77.2%, errors: 4","1. We noticed a recent dip in accuracy; what operational bottlenecks are you currently facing? | 2. With the recent increase in errors, how is the current workload affecting your document review process? | 3. What additional training, resources, or system support do you need to improve these metrics next month?"
"loans: 118, accuracy: 79.7%, errors: 5","1. We noticed a recent dip in accuracy; what operational bottlenecks are you currently facing? | 2. With the recent increase in errors, how is the current workload affecting your document review process? | 3. What additional training, resources, or system support do you need to improve these metrics next month?"
"loans: 55, accuracy: 82.1%, errors: 6","1. We noticed a recent dip in accuracy; what operational bottlenecks are you currently facing? | 2. With the recent increase in errors, how is the current workload affecting your document review process? | 3. What additional training, resources, or system support do you need to improve these metrics next month?"
"loans: 74, accuracy: 76.5%, errors: 4","1. We noticed a recent dip in accuracy; what operational bottlenecks are you currently facing? | 2. With the recent increase in errors, how is the current workload affecting your document review process? | 3. What additional training, resources, or system support do you need to improve these metrics next month?"
"loans: 90, accuracy: 75.3%, errors: 3","1. We noticed a recent dip in accuracy; what operational bottlenecks are you currently facing? | 2. With the recent increase in errors, how is the current workload affecting your document review process? | 3. What additional training, resources, or system support do you need to improve these metrics next month?"
"loans: 146, accuracy: 82.2%, errors: 0","1. We noticed a recent dip in accuracy; what operational bottlenecks are you currently facing? | 2. With the recent increase in errors, how is the current workload affecting your document review process? | 3. What additional training, resources, or system support do you need to improve these metrics next month?"
"loans: 144, accuracy: 86.0%, errors: 0",1. You are maintaining a steady baseline; what are your primary focus areas for the upcoming month? | 2. Are there any specific steps in the transaction process currently causing you friction? | 3. What new skills or cross-training areas would you like to explore to increase your overall output?
"loans: 47, accuracy: 98.9%, errors: 0",1. You are maintaining a steady baseline; what are your primary focus areas for the upcoming month? | 2. Are there any specific steps in the transaction process currently causing you friction? | 3. What new skills or cross-training areas would you like to explore to increase your overall output?
"loans: 128, accuracy: 82.9%, errors: 0","1. We noticed a recent dip in accuracy; what operational bottlenecks are you currently facing? | 2. With the recent increase in errors, how is the current workload affecting your document review process? | 3. What additional training, resources, or system support do you need to improve these metrics next month?"
"loans: 113, accuracy: 77.3%, errors: 3","1. We noticed a recent dip in accuracy; what operational bottlenecks are you currently facing? | 2. With the recent increase in errors, how is the current workload affecting your document review process? | 3. What additional training, resources, or system support do you need to improve these metrics next month?"
"loans: 73, accuracy: 78.5%, errors: 0","1. We noticed a recent dip in accuracy; what operational bottlenecks are you currently facing? | 2. With the recent increase in errors, how is the current workload affecting your document review process? | 3. What additional training, resources, or system support do you need to improve these metrics next month?"
"loans: 145, accuracy: 87.4%, errors: 0",1. You are maintaining a steady baseline; what are your primary focus areas for the upcoming month? | 2. Are there any specific steps in the transaction process currently causing you friction? | 3. What new skills or cross-training areas would you like to explore to increase your overall output?
"loans: 77, accuracy: 78.1%, errors: 0","1. We noticed a recent dip in accuracy; what operational bottlenecks are you currently facing? | 2. With the recent increase in errors, how is the current workload affecting your document review process? | 3. What additional training, resources, or system support do you need to improve these metrics next month?"
"loans: 50, accuracy: 98.9%, errors: 5","1. We noticed a recent dip in accuracy; what operational bottlenecks are you currently facing? | 2. With the recent increase in errors, how is the current workload affecting your document review process? | 3. What additional training, resources, or system support do you need to improve these metrics next month?"
"loans: 137, accuracy: 95.3%, errors: 5","1. We noticed a recent dip in accuracy; what operational bottlenecks are you currently facing? | 2. With the recent increase in errors, how is the current workload affecting your document review process? | 3. What additional training, resources, or system support do you need to improve these metrics next month?"
"loans: 65, accuracy: 81.6%, errors: 1","1. We noticed a recent dip in accuracy; what operational bottlenecks are you currently facing? | 2. With the recent increase in errors, how is the current workload affecting your document review process? | 3. What additional training, resources, or system support do you need to improve these metrics next month?"
"loans: 86, accuracy: 88.7%, errors: 0",1. You are maintaining a steady baseline; what are your primary focus areas for the upcoming month? | 2. Are there any specific steps in the transaction process currently causing you friction? | 3. What new skills or cross-training areas would you like to explore to increase your overall output?
"loans: 80, accuracy: 94.3%, errors: 5","1. We noticed a recent dip in accuracy; what operational bottlenecks are you currently facing? | 2. With the recent increase in errors, how is the current workload affecting your document review process? | 3. What additional training, resources, or system support do you need to improve these metrics next month?"
"loans: 94, accuracy: 84.2%, errors: 3","1. We noticed a recent dip in accuracy; what operational bottlenecks are you currently facing? | 2. With the recent increase in errors, how is the current workload affecting your document review process? | 3. What additional training, resources, or system support do you need to improve these metrics next month?"
"loans: 58, accuracy: 72.6%, errors: 5","1. We noticed a recent dip in accuracy; what operational bottlenecks are you currently facing? | 2. With the recent increase in errors, how is the current workload affecting your document review process? | 3. What additional training, resources, or system support do you need to improve these metrics next month?"
"loans: 133, accuracy: 80.6%, errors: 3","1. We noticed a recent dip in accuracy; what operational bottlenecks are you currently facing? | 2. With the recent increase in errors, how is the current workload affecting your document review process? | 3. What additional training, resources, or system support do you need to improve these metrics next month?"
"loans: 64, accuracy: 99.8%, errors: 6","1. We noticed a recent dip in accuracy; what operational bottlenecks are you currently facing? | 2. With the recent increase in errors, how is the current workload affecting your document review process? | 3. What additional training, resources, or system support do you need to improve these metrics next month?"
"loans: 74, accuracy: 82.0%, errors: 2","1. We noticed a recent dip in accuracy; what operational bottlenecks are you currently facing? | 2. With the recent increase in errors, how is the current workload affecting your document review process? | 3. What additional training, resources, or system support do you need to improve these metrics next month?"
"loans: 130, accuracy: 75.1%, errors: 5","1. We noticed a recent dip in accuracy; what operational bottlenecks are you currently facing? | 2. With the recent increase in errors, how is the current workload affecting your document review process? | 3. What additional training, resources, or system support do you need to improve these metrics next month?"
"loans: 89, accuracy: 79.0%, errors: 6","1. We noticed a recent dip in accuracy; what operational bottlenecks are you currently facing? | 2. With the recent increase in errors, how is the current workload affecting your document review process? | 3. What additional training, resources, or system support do you need to improve these metrics next month?"
"loans: 128, accuracy: 90.9%, errors: 2",1. You are maintaining a steady baseline; what are your primary focus areas for the upcoming month? | 2. Are there any specific steps in the transaction process currently causing you friction? | 3. What new skills or cross-training areas would you like to explore to increase your overall output?
"loans: 122, accuracy: 98.8%, errors: 0",1. You have consistently exceeded volume targets; what specific workflows helped you achieve this? | 2. Your transaction accuracy is exceptional; how do you maintain this precision during peak hours? | 3. What best practices can you share with your peers to elevate overall team performance?
"loans: 76, accuracy: 93.2%, errors: 6","1. We noticed a recent dip in accuracy; what operational bottlenecks are you currently facing? | 2. With the recent increase in errors, how is the current workload affecting your document review process? | 3. What additional training, resources, or system support do you need to improve these metrics next month?"
"loans: 97, accuracy: 96.8%, errors: 1",1. You are maintaining a steady baseline; what are your primary focus areas for the upcoming month? | 2. Are there any specific steps in the transaction process currently causing you friction? | 3. What new skills or cross-training areas would you like to explore to increase your overall output?
"loans: 158, accuracy: 96.6%, errors: 0",1. You have consistently exceeded volume targets; what specific workflows helped you achieve this? | 2. Your transaction accuracy is exceptional; how do you maintain this precision during peak hours? | 3. What best practices can you share with your peers to elevate overall team performance?
"loans: 71, accuracy: 73.9%, errors: 2","1. We noticed a recent dip in accuracy; what operational bottlenecks are you currently facing? | 2. With the recent increase in errors, how is the current workload affecting your document review process? | 3. What additional training, resources, or system support do you need to improve these metrics next month?"
"loans: 62, accuracy: 97.0%, errors: 2",1. You are maintaining a steady baseline; what are your primary focus areas for the upcoming month? | 2. Are there any specific steps in the transaction process currently causing you friction? | 3. What new skills or cross-training areas would you like to explore to increase your overall output?
"loans: 93, accuracy: 88.3%, errors: 2",1. You are maintaining a steady baseline; what are your primary focus areas for the upcoming month? | 2. Are there any specific steps in the transaction process currently causing you friction? | 3. What new skills or cross-training areas would you like to explore to increase your overall output?
"loans: 148, accuracy: 75.8%, errors: 2","1. We noticed a recent dip in accuracy; what operational bottlenecks are you currently facing? | 2. With the recent increase in errors, how is the current workload affecting your document review process? | 3. What additional training, resources, or system support do you need to improve these metrics next month?"
"loans: 46, accuracy: 97.2%, errors: 0",1. You are maintaining a steady baseline; what are your primary focus areas for the upcoming month? | 2. Are there any specific steps in the transaction process currently causing you friction? | 3. What new skills or cross-training areas would you like to explore to increase your overall output?
"loans: 100, accuracy: 94.0%, errors: 2",1. You are maintaining a steady baseline; what are your primary focus areas for the upcoming month? | 2. Are there any specific steps in the transaction process currently causing you friction? | 3. What new skills or cross-training areas would you like to explore to increase your overall output?
"loans: 87, accuracy: 94.2%, errors: 1",1. You are maintaining a steady baseline; what are your primary focus areas for the upcoming month? | 2. Are there any specific steps in the transaction process currently causing you friction? | 3. What new skills or cross-training areas would you like to explore to increase your overall output?
"loans: 107, accuracy: 78.9%, errors: 5","1. We noticed a recent dip in accuracy; what operational bottlenecks are you currently facing? | 2. With the recent increase in errors, how is the current workload affecting your document review process? | 3. What additional training, resources, or system support do you need to improve these metrics next month?"
"loans: 109, accuracy: 97.5%, errors: 6","1. We noticed a recent dip in accuracy; what operational bottlenecks are you currently facing? | 2. With the recent increase in errors, how is the current workload affecting your document review process? | 3. What additional training, resources, or system support do you need to improve these metrics next month?"
"loans: 147, accuracy: 80.8%, errors: 3","1. We noticed a recent dip in accuracy; what operational bottlenecks are you currently facing? | 2. With the recent increase in errors, how is the current workload affecting your document review process? | 3. What additional training, resources, or system support do you need to improve these metrics next month?"
"loans: 97, accuracy: 75.4%, errors: 5","1. We noticed a recent dip in accuracy; what operational bottlenecks are you currently facing? | 2. With the recent increase in errors, how is the current workload affecting your document review process? | 3. What additional training, resources, or system support do you need to improve these metrics next month?"
"loans: 121, accuracy: 79.2%, errors: 0","1. We noticed a recent dip in accuracy; what operational bottlenecks are you currently facing? | 2. With the recent increase in errors, how is the current workload affecting your document review process? | 3. What additional training, resources, or system support do you need to improve these metrics next month?"
"loans: 73, accuracy: 85.6%, errors: 4","1. We noticed a recent dip in accuracy; what operational bottlenecks are you currently facing? | 2. With the recent increase in errors, how is the current workload affecting your document review process? | 3. What additional training, resources, or system support do you need to improve these metrics next month?"
"loans: 41, accuracy: 92.8%, errors: 3","1. We noticed a recent dip in accuracy; what operational bottlenecks are you currently facing? | 2. With the recent increase in errors, how is the current workload affecting your document review process? | 3. What additional training, resources, or system support do you need to improve these metrics next month?"
"loans: 90, accuracy: 77.9%, errors: 0","1. We noticed a recent dip in accuracy; what operational bottlenecks are you currently facing? | 2. With the recent increase in errors, how is the current workload affecting your document review process? | 3. What additional training, resources, or system support do you need to improve these metrics next month?"
"loans: 75, accuracy: 91.5%, errors: 2",1. You are maintaining a steady baseline; what are your primary focus areas for the upcoming month? | 2. Are there any specific steps in the transaction process currently causing you friction? | 3. What new skills or cross-training areas would you like to explore to increase your overall output?
"loans: 104, accuracy: 97.1%, errors: 0",1. You are maintaining a steady baseline; what are your primary focus areas for the upcoming month? | 2. Are there any specific steps in the transaction process currently causing you friction? | 3. What new skills or cross-training areas would you like to explore to increase your overall output?
"loans: 139, accuracy: 81.2%, errors: 4","1. We noticed a recent dip in accuracy; what operational bottlenecks are you currently facing? | 2. With the recent increase in errors, how is the current workload affecting your document review process? | 3. What additional training, resources, or system support do you need to improve these metrics next month?"
"loans: 155, accuracy: 93.0%, errors: 6","1. We noticed a recent dip in accuracy; what operational bottlenecks are you currently facing? | 2. With the recent increase in errors, how is the current workload affecting your document review process? | 3. What additional training, resources, or system support do you need to improve these metrics next month?"
"loans: 83, accuracy: 88.1%, errors: 5","1. We noticed a recent dip in accuracy; what operational bottlenecks are you currently facing? | 2. With the recent increase in errors, how is the current workload affecting your document review process? | 3. What additional training, resources, or system support do you need to improve these metrics next month?"
"loans: 152, accuracy: 72.7%, errors: 6","1. We noticed a recent dip in accuracy; what operational bottlenecks are you currently facing? | 2. With the recent increase in errors, how is the current workload affecting your document review process? | 3. What additional training, resources, or system support do you need to improve these metrics next month?"
"loans: 66, accuracy: 96.8%, errors: 0",1. You are maintaining a steady baseline; what are your primary focus areas for the upcoming month? | 2. Are there any specific steps in the transaction process currently causing you friction? | 3. What new skills or cross-training areas would you like to explore to increase your overall output?
"loans: 84, accuracy: 97.9%, errors: 4","1. We noticed a recent dip in accuracy; what operational bottlenecks are you currently facing? | 2. With the recent increase in errors, how is the current workload affecting your document review process? | 3. What additional training, resources, or system support do you need to improve these metrics next month?"
"loans: 156, accuracy: 71.9%, errors: 3","1. We noticed a recent dip in accuracy; what operational bottlenecks are you currently facing? | 2. With the recent increase in errors, how is the current workload affecting your document review process? | 3. What additional training, resources, or system support do you need to improve these metrics next month?"
"loans: 52, accuracy: 81.8%, errors: 1","1. We noticed a recent dip in accuracy; what operational bottlenecks are you currently facing? | 2. With the recent increase in errors, how is the current workload affecting your document review process? | 3. What additional training, resources, or system support do you need to improve these metrics next month?"
"loans: 152, accuracy: 77.2%, errors: 4","1. We noticed a recent dip in accuracy; what operational bottlenecks are you currently facing? | 2. With the recent increase in errors, how is the current workload affecting your document review process? | 3. What additional training, resources, or system support do you need to improve these metrics next month?"
"loans: 69, accuracy: 78.7%, errors: 6","1. We noticed a recent dip in accuracy; what operational bottlenecks are you currently facing? | 2. With the recent increase in errors, how is the current workload affecting your document review process? | 3. What additional training, resources, or system support do you need to improve these metrics next month?"
"loans: 87, accuracy: 97.9%, errors: 0",1. You are maintaining a steady baseline; what are your primary focus areas for the upcoming month? | 2. Are there any specific steps in the transaction process currently causing you friction? | 3. What new skills or cross-training areas would you like to explore to increase your overall output?
"loans: 107, accuracy: 71.1%, errors: 6","1. We noticed a recent dip in accuracy; what operational bottlenecks are you currently facing? | 2. With the recent increase in errors, how is the current workload affecting your document review process? | 3. What additional training, resources, or system support do you need to improve these metrics next month?"
"loans: 108, accuracy: 93.5%, errors: 4","1. We noticed a recent dip in accuracy; what operational bottlenecks are you currently facing? | 2. With the recent increase in errors, how is the current workload affecting your document review process? | 3. What additional training, resources, or system support do you need to improve these metrics next month?"
"loans: 101, accuracy: 86.3%, errors: 4","1. We noticed a recent dip in accuracy; what operational bottlenecks are you currently facing? | 2. With the recent increase in errors, how is the current workload affecting your document review process? | 3. What additional training, resources, or system support do you need to improve these metrics next month?"
"loans: 79, accuracy: 72.9%, errors: 2","1. We noticed a recent dip in accuracy; what operational bottlenecks are you currently facing? | 2. With the recent increase in errors, how is the current workload affecting your document review process? | 3. What additional training, resources, or system support do you need to improve these metrics next month?"
"loans: 129, accuracy: 82.9%, errors: 1","1. We noticed a recent dip in accuracy; what operational bottlenecks are you currently facing? | 2. With the recent increase in errors, how is the current workload affecting your document review process? | 3. What additional training, resources, or system support do you need to improve these metrics next month?"
"loans: 98, accuracy: 76.0%, errors: 4","1. We noticed a recent dip in accuracy; what operational bottlenecks are you currently facing? | 2. With the recent increase in errors, how is the current workload affecting your document review process? | 3. What additional training, resources, or system support do you need to improve these metrics next month?"
"loans: 112, accuracy: 73.5%, errors: 3","1. We noticed a recent dip in accuracy; what operational bottlenecks are you currently facing? | 2. With the recent increase in errors, how is the current workload affecting your document review process? | 3. What additional training, resources, or system support do you need to improve these metrics next month?"
"loans: 122, accuracy: 91.6%, errors: 2",1. You are maintaining a steady baseline; what are your primary focus areas for the upcoming month? | 2. Are there any specific steps in the transaction process currently causing you friction? | 3. What new skills or cross-training areas would you like to explore to increase your overall output?
"loans: 149, accuracy: 97.6%, errors: 6","1. We noticed a recent dip in accuracy; what operational bottlenecks are you currently facing? | 2. With the recent increase in errors, how is the current workload affecting your document review process? | 3. What additional training, resources, or system support do you need to improve these metrics next month?"
"loans: 119, accuracy: 83.3%, errors: 1","1. We noticed a recent dip in accuracy; what operational bottlenecks are you currently facing? | 2. With the recent increase in errors, how is the current workload affecting your document review process? | 3. What additional training, resources, or system support do you need to improve these metrics next month?"
"loans: 146, accuracy: 84.8%, errors: 1","1. We noticed a recent dip in accuracy; what operational bottlenecks are you currently facing? | 2. With the recent increase in errors, how is the current workload affecting your document review process? | 3. What additional training, resources, or system support do you need to improve these metrics next month?"
"loans: 79, accuracy: 97.8%, errors: 2",1. You are maintaining a steady baseline; what are your primary focus areas for the upcoming month? | 2. Are there any specific steps in the transaction process currently causing you friction? | 3. What new skills or cross-training areas would you like to explore to increase your overall output?
"loans: 93, accuracy: 76.3%, errors: 5","1. We noticed a recent dip in accuracy; what operational bottlenecks are you currently facing? | 2. With the recent increase in errors, how is the current workload affecting your document review process? | 3. What additional training, resources, or system support do you need to improve these metrics next month?"
"loans: 159, accuracy: 83.2%, errors: 1","1. We noticed a recent dip in accuracy; what operational bottlenecks are you currently facing? | 2. With the recent increase in errors, how is the current workload affecting your document review process? | 3. What additional training, resources, or system support do you need to improve these metrics next month?"
"loans: 68, accuracy: 78.0%, errors: 3","1. We noticed a recent dip in accuracy; what operational bottlenecks are you currently facing? | 2. With the recent increase in errors, how is the current workload affecting your document review process? | 3. What additional training, resources, or system support do you need to improve these metrics next month?"
"loans: 143, accuracy: 99.7%, errors: 2",1. You are maintaining a steady baseline; what are your primary focus areas for the upcoming month? | 2. Are there any specific steps in the transaction process currently causing you friction? | 3. What new skills or cross-training areas would you like to explore to increase your overall output?
"loans: 136, accuracy: 96.6%, errors: 0",1. You have consistently exceeded volume targets; what specific workflows helped you achieve this? | 2. Your transaction accuracy is exceptional; how do you maintain this precision during peak hours? | 3. What best practices can you share with your peers to elevate overall team performance?
"loans: 159, accuracy: 87.9%, errors: 2",1. You are maintaining a steady baseline; what are your primary focus areas for the upcoming month? | 2. Are there any specific steps in the transaction process currently causing you friction? | 3. What new skills or cross-training areas would you like to explore to increase your overall output?
"loans: 117, accuracy: 74.3%, errors: 5","1. We noticed a recent dip in accuracy; what operational bottlenecks are you currently facing? | 2. With the recent increase in errors, how is the current workload affecting your document review process? | 3. What additional training, resources, or system support do you need to improve these metrics next month?"
"loans: 101, accuracy: 84.1%, errors: 3","1. We noticed a recent dip in accuracy; what operational bottlenecks are you currently facing? | 2. With the recent increase in errors, how is the current workload affecting your document review process? | 3. What additional training, resources, or system support do you need to improve these metrics next month?"
"loans: 156, accuracy: 79.8%, errors: 4","1. We noticed a recent dip in accuracy; what operational bottlenecks are you currently facing? | 2. With the recent increase in errors, how is the current workload affecting your document review process? | 3. What additional training, resources, or system support do you need to improve these metrics next month?"
"loans: 149, accuracy: 92.5%, errors: 1",1. You have consistently exceeded volume targets; what specific workflows helped you achieve this? | 2. Your transaction accuracy is exceptional; how do you maintain this precision during peak hours? | 3. What best practices can you share with your peers to elevate overall team performance?
"loans: 70, accuracy: 74.8%, errors: 4","1. We noticed a recent dip in accuracy; what operational bottlenecks are you currently facing? | 2. With the recent increase in errors, how is the current workload affecting your document review process? | 3. What additional training, resources, or system support do you need to improve these metrics next month?"
"loans: 82, accuracy: 76.2%, errors: 3","1. We noticed a recent dip in accuracy; what operational bottlenecks are you currently facing? | 2. With the recent increase in errors, how is the current workload affecting your document review process? | 3. What additional training, resources, or system support do you need to improve these metrics next month?"
"loans: 138, accuracy: 76.1%, errors: 5","1. We noticed a recent dip in accuracy; what operational bottlenecks are you currently facing? | 2. With the recent increase in errors, how is the current workload affecting your document review process? | 3. What additional training, resources, or system support do you need to improve these metrics next month?"
"loans: 66, accuracy: 95.5%, errors: 3","1. We noticed a recent dip in accuracy; what operational bottlenecks are you currently facing? | 2. With the recent increase in errors, how is the current workload affecting your document review process? | 3. What additional training, resources, or system support do you need to improve these metrics next month?"
"loans: 121, accuracy: 81.9%, errors: 6","1. We noticed a recent dip in accuracy; what operational bottlenecks are you currently facing? | 2. With the recent increase in errors, how is the current workload affecting your document review process? | 3. What additional training, resources, or system support do you need to improve these metrics next month?"
"loans: 112, accuracy: 97.2%, errors: 1",1. You have consistently exceeded volume targets; what specific workflows helped you achieve this? | 2. Your transaction accuracy is exceptional; how do you maintain this precision during peak hours? | 3. What best practices can you share with your peers to elevate overall team performance?
"loans: 84, accuracy: 82.4%, errors: 3","1. We noticed a recent dip in accuracy; what operational bottlenecks are you currently facing? | 2. With the recent increase in errors, how is the current workload affecting your document review process? | 3. What additional training, resources, or system support do you need to improve these metrics next month?"
"loans: 115, accuracy: 80.7%, errors: 6","1. We noticed a recent dip in accuracy; what operational bottlenecks are you currently facing? | 2. With the recent increase in errors, how is the current workload affecting your document review process? | 3. What additional training, resources, or system support do you need to improve these metrics next month?"
"loans: 72, accuracy: 92.4%, errors: 3","1. We noticed a recent dip in accuracy; what operational bottlenecks are you currently facing? | 2. With the recent increase in errors, how is the current workload affecting your document review process? | 3. What additional training, resources, or system support do you need to improve these metrics next month?"
"loans: 57, accuracy: 81.1%, errors: 6","1. We noticed a recent dip in accuracy; what operational bottlenecks are you currently facing? | 2. With the recent increase in errors, how is the current workload affecting your document review process? | 3. What additional training, resources, or system support do you need to improve these metrics next month?"
"loans: 55, accuracy: 88.4%, errors: 5","1. We noticed a recent dip in accuracy; what operational bottlenecks are you currently facing? | 2. With the recent increase in errors, how is the current workload affecting your document review process? | 3. What additional training, resources, or system support do you need to improve these metrics next month?"
"loans: 138, accuracy: 74.1%, errors: 4","1. We noticed a recent dip in accuracy; what operational bottlenecks are you currently facing? | 2. With the recent increase in errors, how is the current workload affecting your document review process? | 3. What additional training, resources, or system support do you need to improve these metrics next month?"
"loans: 80, accuracy: 89.3%, errors: 2",1. You are maintaining a steady baseline; what are your primary focus areas for the upcoming month? | 2. Are there any specific steps in the transaction process currently causing you friction? | 3. What new skills or cross-training areas would you like to explore to increase your overall output?
"loans: 67, accuracy: 75.4%, errors: 2","1. We noticed a recent dip in accuracy; what operational bottlenecks are you currently facing? | 2. With the recent increase in errors, how is the current workload affecting your document review process? | 3. What additional training, resources, or system support do you need to improve these metrics next month?"
"loans: 149, accuracy: 80.3%, errors: 6","1. We noticed a recent dip in accuracy; what operational bottlenecks are you currently facing? | 2. With the recent increase in errors, how is the current workload affecting your document review process? | 3. What additional training, resources, or system support do you need to improve these metrics next month?"
"loans: 117, accuracy: 73.9%, errors: 5","1. We noticed a recent dip in accuracy; what operational bottlenecks are you currently facing? | 2. With the recent increase in errors, how is the current workload affecting your document review process? | 3. What additional training, resources, or system support do you need to improve these metrics next month?"
"loans: 131, accuracy: 81.9%, errors: 4","1. We noticed a recent dip in accuracy; what operational bottlenecks are you currently facing? | 2. With the recent increase in errors, how is the current workload affecting your document review process? | 3. What additional training, resources, or system support do you need to improve these metrics next month?"
"loans: 91, accuracy: 77.9%, errors: 0","1. We noticed a recent dip in accuracy; what operational bottlenecks are you currently facing? | 2. With the recent increase in errors, how is the current workload affecting your document review process? | 3. What additional training, resources, or system support do you need to improve these metrics next month?"
"loans: 77, accuracy: 99.0%, errors: 5","1. We noticed a recent dip in accuracy; what operational bottlenecks are you currently facing? | 2. With the recent increase in errors, how is the current workload affecting your document review process? | 3. What additional training, resources, or system support do you need to improve these metrics next month?"
"loans: 84, accuracy: 75.0%, errors: 2","1. We noticed a recent dip in accuracy; what operational bottlenecks are you currently facing? | 2. With the recent increase in errors, how is the current workload affecting your document review process? | 3. What additional training, resources, or system support do you need to improve these metrics next month?"
"loans: 118, accuracy: 88.3%, errors: 3","1. We noticed a recent dip in accuracy; what operational bottlenecks are you currently facing? | 2. With the recent increase in errors, how is the current workload affecting your document review process? | 3. What additional training, resources, or system support do you need to improve these metrics next month?"
"loans: 45, accuracy: 96.4%, errors: 6","1. We noticed a recent dip in accuracy; what operational bottlenecks are you currently facing? | 2. With the recent increase in errors, how is the current workload affecting your document review process? | 3. What additional training, resources, or system support do you need to improve these metrics next month?"
"loans: 145, accuracy: 78.0%, errors: 5","1. We noticed a recent dip in accuracy; what operational bottlenecks are you currently facing? | 2. With the recent increase in errors, how is the current workload affecting your document review process? | 3. What additional training, resources, or system support do you need to improve these metrics next month?"
"loans: 116, accuracy: 73.4%, errors: 5","1. We noticed a recent dip in accuracy; what operational bottlenecks are you currently facing? | 2. With the recent increase in errors, how is the current workload affecting your document review process? | 3. What additional training, resources, or system support do you need to improve these metrics next month?"
"loans: 88, accuracy: 89.6%, errors: 3","1. We noticed a recent dip in accuracy; what operational bottlenecks are you currently facing? | 2. With the recent increase in errors, how is the current workload affecting your document review process? | 3. What additional training, resources, or system support do you need to improve these metrics next month?"
"loans: 129, accuracy: 84.0%, errors: 1","1. We noticed a recent dip in accuracy; what operational bottlenecks are you currently facing? | 2. With the recent increase in errors, how is the current workload affecting your document review process? | 3. What additional training, resources, or system support do you need to improve these metrics next month?"
"loans: 137, accuracy: 75.0%, errors: 1","1. We noticed a recent dip in accuracy; what operational bottlenecks are you currently facing? | 2. With the recent increase in errors, how is the current workload affecting your document review process? | 3. What additional training, resources, or system support do you need to improve these metrics next month?"
"loans: 130, accuracy: 71.1%, errors: 1","1. We noticed a recent dip in accuracy; what operational bottlenecks are you currently facing? | 2. With the recent increase in errors, how is the current workload affecting your document review process? | 3. What additional training, resources, or system support do you need to improve these metrics next month?"
"loans: 65, accuracy: 86.5%, errors: 0",1. You are maintaining a steady baseline; what are your primary focus areas for the upcoming month? | 2. Are there any specific steps in the transaction process currently causing you friction? | 3. What new skills or cross-training areas would you like to explore to increase your overall output?
"loans: 104, accuracy: 92.7%, errors: 3","1. We noticed a recent dip in accuracy; what operational bottlenecks are you currently facing? | 2. With the recent increase in errors, how is the current workload affecting your document review process? | 3. What additional training, resources, or system support do you need to improve these metrics next month?"
"loans: 156, accuracy: 97.6%, errors: 6","1. We noticed a recent dip in accuracy; what operational bottlenecks are you currently facing? | 2. With the recent increase in errors, how is the current workload affecting your document review process? | 3. What additional training, resources, or system support do you need to improve these metrics next month?"
"loans: 130, accuracy: 98.8%, errors: 2",1. You are maintaining a steady baseline; what are your primary focus areas for the upcoming month? | 2. Are there any specific steps in the transaction process currently causing you friction? | 3. What new skills or cross-training areas would you like to explore to increase your overall output?
"loans: 61, accuracy: 95.1%, errors: 1",1. You are maintaining a steady baseline; what are your primary focus areas for the upcoming month? | 2. Are there any specific steps in the transaction process currently causing you friction? | 3. What new skills or cross-training areas would you like to explore to increase your overall output?
"loans: 58, accuracy: 87.4%, errors: 4","1. We noticed a recent dip in accuracy; what operational bottlenecks are you currently facing? | 2. With the recent increase in errors, how is the current workload affecting your document review process? | 3. What additional training, resources, or system support do you need to improve these metrics next month?"
"loans: 51, accuracy: 97.2%, errors: 5","1. We noticed a recent dip in accuracy; what operational bottlenecks are you currently facing? | 2. With the recent increase in errors, how is the current workload affecting your document review process? | 3. What additional training, resources, or system support do you need to improve these metrics next month?"
"loans: 77, accuracy: 98.2%, errors: 1",1. You are maintaining a steady baseline; what are your primary focus areas for the upcoming month? | 2. Are there any specific steps in the transaction process currently causing you friction? | 3. What new skills or cross-training areas would you like to explore to increase your overall output?
"loans: 124, accuracy: 77.4%, errors: 1","1. We noticed a recent dip in accuracy; what operational bottlenecks are you currently facing? | 2. With the recent increase in errors, how is the current workload affecting your document review process? | 3. What additional training, resources, or system support do you need to improve these metrics next month?"
"loans: 41, accuracy: 82.8%, errors: 5","1. We noticed a recent dip in accuracy; what operational bottlenecks are you currently facing? | 2. With the recent increase in errors, how is the current workload affecting your document review process? | 3. What additional training, resources, or system support do you need to improve these metrics next month?"
"loans: 89, accuracy: 80.1%, errors: 4","1. We noticed a recent dip in accuracy; what operational bottlenecks are you currently facing? | 2. With the recent increase in errors, how is the current workload affecting your document review process? | 3. What additional training, resources, or system support do you need to improve these metrics next month?"
"loans: 51, accuracy: 91.1%, errors: 3","1. We noticed a recent dip in accuracy; what operational bottlenecks are you currently facing? | 2. With the recent increase in errors, how is the current workload affecting your document review process? | 3. What additional training, resources, or system support do you need to improve these metrics next month?"
"loans: 54, accuracy: 75.1%, errors: 5","1. We noticed a recent dip in accuracy; what operational bottlenecks are you currently facing? | 2. With the recent increase in errors, how is the current workload affecting your document review process? | 3. What additional training, resources, or system support do you need to improve these metrics next month?"
"loans: 153, accuracy: 75.9%, errors: 6","1. We noticed a recent dip in accuracy; what operational bottlenecks are you currently facing? | 2. With the recent increase in errors, how is the current workload affecting your document review process? | 3. What additional training, resources, or system support do you need to improve these metrics next month?"
"loans: 120, accuracy: 96.1%, errors: 1",1. You have consistently exceeded volume targets; what specific workflows helped you achieve this? | 2. Your transaction accuracy is exceptional; how do you maintain this precision during peak hours? | 3. What best practices can you share with your peers to elevate overall team performance?
"loans: 95, accuracy: 86.8%, errors: 2",1. You are maintaining a steady baseline; what are your primary focus areas for the upcoming month? | 2. Are there any specific steps in the transaction process currently causing you friction? | 3. What new skills or cross-training areas would you like to explore to increase your overall output?
"loans: 51, accuracy: 94.3%, errors: 6","1. We noticed a recent dip in accuracy; what operational bottlenecks are you currently facing? | 2. With the recent increase in errors, how is the current workload affecting your document review process? | 3. What additional training, resources, or system support do you need to improve these metrics next month?"
"loans: 107, accuracy: 87.3%, errors: 1",1. You are maintaining a steady baseline; what are your primary focus areas for the upcoming month? | 2. Are there any specific steps in the transaction process currently causing you friction? | 3. What new skills or cross-training areas would you like to explore to increase your overall output?
"loans: 129, accuracy: 86.8%, errors: 5","1. We noticed a recent dip in accuracy; what operational bottlenecks are you currently facing? | 2. With the recent increase in errors, how is the current workload affecting your document review process? | 3. What additional training, resources, or system support do you need to improve these metrics next month?"
"loans: 116, accuracy: 84.1%, errors: 5","1. We noticed a recent dip in accuracy; what operational bottlenecks are you currently facing? | 2. With the recent increase in errors, how is the current workload affecting your document review process? | 3. What additional training, resources, or system support do you need to improve these metrics next month?"
"loans: 83, accuracy: 72.8%, errors: 2","1. We noticed a recent dip in accuracy; what operational bottlenecks are you currently facing? | 2. With the recent increase in errors, how is the current workload affecting your document review process? | 3. What additional training, resources, or system support do you need to improve these metrics next month?"
"loans: 89, accuracy: 91.1%, errors: 5","1. We noticed a recent dip in accuracy; what operational bottlenecks are you currently facing? | 2. With the recent increase in errors, how is the current workload affecting your document review process? | 3. What additional training, resources, or system support do you need to improve these metrics next month?"
"loans: 85, accuracy: 84.4%, errors: 4","1. We noticed a recent dip in accuracy; what operational bottlenecks are you currently facing? | 2. With the recent increase in errors, how is the current workload affecting your document review process? | 3. What additional training, resources, or system support do you need to improve these metrics next month?"
"loans: 91, accuracy: 83.6%, errors: 0","1. We noticed a recent dip in accuracy; what operational bottlenecks are you currently facing? | 2. With the recent increase in errors, how is the current workload affecting your document review process? | 3. What additional training, resources, or system support do you need to improve these metrics next month?"
"loans: 81, accuracy: 97.2%, errors: 1",1. You are maintaining a steady baseline; what are your primary focus areas for the upcoming month? | 2. Are there any specific steps in the transaction process currently causing you friction? | 3. What new skills or cross-training areas would you like to explore to increase your overall output?
"loans: 67, accuracy: 75.1%, errors: 4","1. We noticed a recent dip in accuracy; what operational bottlenecks are you currently facing? | 2. With the recent increase in errors, how is the current workload affecting your document review process? | 3. What additional training, resources, or system support do you need to improve these metrics next month?"
"loans: 80, accuracy: 87.8%, errors: 3","1. We noticed a recent dip in accuracy; what operational bottlenecks are you currently facing? | 2. With the recent increase in errors, how is the current workload affecting your document review process? | 3. What additional training, resources, or system support do you need to improve these metrics next month?"
"loans: 78, accuracy: 82.4%, errors: 4","1. We noticed a recent dip in accuracy; what operational bottlenecks are you currently facing? | 2. With the recent increase in errors, how is the current workload affecting your document review process? | 3. What additional training, resources, or system support do you need to improve these metrics next month?"
"loans: 123, accuracy: 83.6%, errors: 3","1. We noticed a recent dip in accuracy; what operational bottlenecks are you currently facing? | 2. With the recent increase in errors, how is the current workload affecting your document review process? | 3. What additional training, resources, or system support do you need to improve these metrics next month?"
"loans: 135, accuracy: 94.4%, errors: 5","1. We noticed a recent dip in accuracy; what operational bottlenecks are you currently facing? | 2. With the recent increase in errors, how is the current workload affecting your document review process? | 3. What additional training, resources, or system support do you need to improve these metrics next month?"
"loans: 72, accuracy: 99.0%, errors: 6","1. We noticed a recent dip in accuracy; what operational bottlenecks are you currently facing? | 2. With the recent increase in errors, how is the current workload affecting your document review process? | 3. What additional training, resources, or system support do you need to improve these metrics next month?"
"loans: 55, accuracy: 97.8%, errors: 0",1. You are maintaining a steady baseline; what are your primary focus areas for the upcoming month? | 2. Are there any specific steps in the transaction process currently causing you friction? | 3. What new skills or cross-training areas would you like to explore to increase your overall output?
"loans: 108, accuracy: 88.0%, errors: 4","1. We noticed a recent dip in accuracy; what operational bottlenecks are you currently facing? | 2. With the recent increase in errors, how is the current workload affecting your document review process? | 3. What additional training, resources, or system support do you need to improve these metrics next month?"
"loans: 90, accuracy: 87.3%, errors: 3","1. We noticed a recent dip in accuracy; what operational bottlenecks are you currently facing? | 2. With the recent increase in errors, how is the current workload affecting your document review process? | 3. What additional training, resources, or system support do you need to improve these metrics next month?"
"loans: 43, accuracy: 90.9%, errors: 4","1. We noticed a recent dip in accuracy; what operational bottlenecks are you currently facing? | 2. With the recent increase in errors, how is the current workload affecting your document review process? | 3. What additional training, resources, or system support do you need to improve these metrics next month?"
"loans: 140, accuracy: 78.9%, errors: 0","1. We noticed a recent dip in accuracy; what operational bottlenecks are you currently facing? | 2. With the recent increase in errors, how is the current workload affecting your document review process? | 3. What additional training, resources, or system support do you need to improve these metrics next month?"
"loans: 41, accuracy: 82.8%, errors: 3","1. We noticed a recent dip in accuracy; what operational bottlenecks are you currently facing? | 2. With the recent increase in errors, how is the current workload affecting your document review process? | 3. What additional training, resources, or system support do you need to improve these metrics next month?"
"loans: 50, accuracy: 84.1%, errors: 2","1. We noticed a recent dip in accuracy; what operational bottlenecks are you currently facing? | 2. With the recent increase in errors, how is the current workload affecting your document review process? | 3. What additional training, resources, or system support do you need to improve these metrics next month?"
"loans: 76, accuracy: 86.8%, errors: 3","1. We noticed a recent dip in accuracy; what operational bottlenecks are you currently facing? | 2. With the recent increase in errors, how is the current workload affecting your document review process? | 3. What additional training, resources, or system support do you need to improve these metrics next month?"
"loans: 129, accuracy: 92.4%, errors: 4","1. We noticed a recent dip in accuracy; what operational bottlenecks are you currently facing? | 2. With the recent increase in errors, how is the current workload affecting your document review process? | 3. What additional training, resources, or system support do you need to improve these metrics next month?"
"loans: 86, accuracy: 77.8%, errors: 5","1. We noticed a recent dip in accuracy; what operational bottlenecks are you currently facing? | 2. With the recent increase in errors, how is the current workload affecting your document review process? | 3. What additional training, resources, or system support do you need to improve these metrics next month?"
"loans: 122, accuracy: 72.7%, errors: 0","1. We noticed a recent dip in accuracy; what operational bottlenecks are you currently facing? | 2. With the recent increase in errors, how is the current workload affecting your document review process? | 3. What additional training, resources, or system support do you need to improve these metrics next month?"
"loans: 121, accuracy: 86.3%, errors: 6","1. We noticed a recent dip in accuracy; what operational bottlenecks are you currently facing? | 2. With the recent increase in errors, how is the current workload affecting your document review process? | 3. What additional training, resources, or system support do you need to improve these metrics next month?"
"loans: 140, accuracy: 97.4%, errors: 6","1. We noticed a recent dip in accuracy; what operational bottlenecks are you currently facing? | 2. With the recent increase in errors, how is the current workload affecting your document review process? | 3. What additional training, resources, or system support do you need to improve these metrics next month?"
"loans: 75, accuracy: 80.9%, errors: 5","1. We noticed a recent dip in accuracy; what operational bottlenecks are you currently facing? | 2. With the recent increase in errors, how is the current workload affecting your document review process? | 3. What additional training, resources, or system support do you need to improve these metrics next month?"
"loans: 58, accuracy: 74.3%, errors: 6","1. We noticed a recent dip in accuracy; what operational bottlenecks are you currently facing? | 2. With the recent increase in errors, how is the current workload affecting your document review process? | 3. What additional training, resources, or system support do you need to improve these metrics next month?"
"loans: 66, accuracy: 94.7%, errors: 5","1. We noticed a recent dip in accuracy; what operational bottlenecks are you currently facing? | 2. With the recent increase in errors, how is the current workload affecting your document review process? | 3. What additional training, resources, or system support do you need to improve these metrics next month?"
"loans: 115, accuracy: 86.7%, errors: 2",1. You are maintaining a steady baseline; what are your primary focus areas for the upcoming month? | 2. Are there any specific steps in the transaction process currently causing you friction? | 3. What new skills or cross-training areas would you like to explore to increase your overall output?
"loans: 140, accuracy: 93.1%, errors: 1",1. You have consistently exceeded volume targets; what specific workflows helped you achieve this? | 2. Your transaction accuracy is exceptional; how do you maintain this precision during peak hours? | 3. What best practices can you share with your peers to elevate overall team performance?
"loans: 125, accuracy: 99.7%, errors: 6","1. We noticed a recent dip in accuracy; what operational bottlenecks are you currently facing? | 2. With the recent increase in errors, how is the current workload affecting your document review process? | 3. What additional training, resources, or system support do you need to improve these metrics next month?"
"loans: 82, accuracy: 89.0%, errors: 6","1. We noticed a recent dip in accuracy; what operational bottlenecks are you currently facing? | 2. With the recent increase in errors, how is the current workload affecting your document review process? | 3. What additional training, resources, or system support do you need to improve these metrics next month?"
"loans: 60, accuracy: 97.7%, errors: 1",1. You are maintaining a steady baseline; what are your primary focus areas for the upcoming month? | 2. Are there any specific steps in the transaction process currently causing you friction? | 3. What new skills or cross-training areas would you like to explore to increase your overall output?
"loans: 64, accuracy: 73.2%, errors: 6","1. We noticed a recent dip in accuracy; what operational bottlenecks are you currently facing? | 2. With the recent increase in errors, how is the current workload affecting your document review process? | 3. What additional training, resources, or system support do you need to improve these metrics next month?"
"loans: 90, accuracy: 78.1%, errors: 6","1. We noticed a recent dip in accuracy; what operational bottlenecks are you currently facing? | 2. With the recent increase in errors, how is the current workload affecting your document review process? | 3. What additional training, resources, or system support do you need to improve these metrics next month?"
"loans: 146, accuracy: 92.3%, errors: 0",1. You have consistently exceeded volume targets; what specific workflows helped you achieve this? | 2. Your transaction accuracy is exceptional; how do you maintain this precision during peak hours? | 3. What best practices can you share with your peers to elevate overall team performance?
"loans: 102, accuracy: 71.8%, errors: 1","1. We noticed a recent dip in accuracy; what operational bottlenecks are you currently facing? | 2. With the recent increase in errors, how is the current workload affecting your document review process? | 3. What additional training, resources, or system support do you need to improve these metrics next month?"
"loans: 108, accuracy: 80.8%, errors: 6","1. We noticed a recent dip in accuracy; what operational bottlenecks are you currently facing? | 2. With the recent increase in errors, how is the current workload affecting your document review process? | 3. What additional training, resources, or system support do you need to improve these metrics next month?"
"loans: 135, accuracy: 81.7%, errors: 6","1. We noticed a recent dip in accuracy; what operational bottlenecks are you currently facing? | 2. With the recent increase in errors, how is the current workload affecting your document review process? | 3. What additional training, resources, or system support do you need to improve these metrics next month?"
"loans: 90, accuracy: 81.8%, errors: 4","1. We noticed a recent dip in accuracy; what operational bottlenecks are you currently facing? | 2. With the recent increase in errors, how is the current workload affecting your document review process? | 3. What additional training, resources, or system support do you need to improve these metrics next month?"
"loans: 57, accuracy: 89.5%, errors: 5","1. We noticed a recent dip in accuracy; what operational bottlenecks are you currently facing? | 2. With the recent increase in errors, how is the current workload affecting your document review process? | 3. What additional training, resources, or system support do you need to improve these metrics next month?"
"loans: 61, accuracy: 94.5%, errors: 2",1. You are maintaining a steady baseline; what are your primary focus areas for the upcoming month? | 2. Are there any specific steps in the transaction process currently causing you friction? | 3. What new skills or cross-training areas would you like to explore to increase your overall output?
"loans: 95, accuracy: 82.9%, errors: 2","1. We noticed a recent dip in accuracy; what operational bottlenecks are you currently facing? | 2. With the recent increase in errors, how is the current workload affecting your document review process? | 3. What additional training, resources, or system support do you need to improve these metrics next month?"
"loans: 130, accuracy: 90.7%, errors: 1",1. You have consistently exceeded volume targets; what specific workflows helped you achieve this? | 2. Your transaction accuracy is exceptional; how do you maintain this precision during peak hours? | 3. What best practices can you share with your peers to elevate overall team performance?
"loans: 57, accuracy: 84.0%, errors: 0","1. We noticed a recent dip in accuracy; what operational bottlenecks are you currently facing? | 2. With the recent increase in errors, how is the current workload affecting your document review process? | 3. What additional training, resources, or system support do you need to improve these metrics next month?"
"loans: 48, accuracy: 72.7%, errors: 5","1. We noticed a recent dip in accuracy; what operational bottlenecks are you currently facing? | 2. With the recent increase in errors, how is the current workload affecting your document review process? | 3. What additional training, resources, or system support do you need to improve these metrics next month?"
"loans: 145, accuracy: 74.8%, errors: 6","1. We noticed a recent dip in accuracy; what operational bottlenecks are you currently facing? | 2. With the recent increase in errors, how is the current workload affecting your document review process? | 3. What additional training, resources, or system support do you need to improve these metrics next month?"
"loans: 81, accuracy: 87.0%, errors: 5","1. We noticed a recent dip in accuracy; what operational bottlenecks are you currently facing? | 2. With the recent increase in errors, how is the current workload affecting your document review process? | 3. What additional training, resources, or system support do you need to improve these metrics next month?"
"loans: 133, accuracy: 93.1%, errors: 2",1. You are maintaining a steady baseline; what are your primary focus areas for the upcoming month? | 2. Are there any specific steps in the transaction process currently causing you friction? | 3. What new skills or cross-training areas would you like to explore to increase your overall output?
"loans: 147, accuracy: 99.1%, errors: 1",1. You have consistently exceeded volume targets; what specific workflows helped you achieve this? | 2. Your transaction accuracy is exceptional; how do you maintain this precision during peak hours? | 3. What best practices can you share with your peers to elevate overall team performance?
"loans: 151, accuracy: 80.5%, errors: 1","1. We noticed a recent dip in accuracy; what operational bottlenecks are you currently facing? | 2. With the recent increase in errors, how is the current workload affecting your document review process? | 3. What additional training, resources, or system support do you need to improve these metrics next month?"
"loans: 113, accuracy: 88.5%, errors: 0",1. You are maintaining a steady baseline; what are your primary focus areas for the upcoming month? | 2. Are there any specific steps in the transaction process currently causing you friction? | 3. What new skills or cross-training areas would you like to explore to increase your overall output?
"loans: 53, accuracy: 71.3%, errors: 3","1. We noticed a recent dip in accuracy; what operational bottlenecks are you currently facing? | 2. With the recent increase in errors, how is the current workload affecting your document review process? | 3. What additional training, resources, or system support do you need to improve these metrics next month?"
"loans: 65, accuracy: 88.3%, errors: 4","1. We noticed a recent dip in accuracy; what operational bottlenecks are you currently facing? | 2. With the recent increase in errors, how is the current workload affecting your document review process? | 3. What additional training, resources, or system support do you need to improve these metrics next month?"
"loans: 63, accuracy: 84.4%, errors: 4","1. We noticed a recent dip in accuracy; what operational bottlenecks are you currently facing? | 2. With the recent increase in errors, how is the current workload affecting your document review process? | 3. What additional training, resources, or system support do you need to improve these metrics next month?"
"loans: 105, accuracy: 78.1%, errors: 1","1. We noticed a recent dip in accuracy; what operational bottlenecks are you currently facing? | 2. With the recent increase in errors, how is the current workload affecting your document review process? | 3. What additional training, resources, or system support do you need to improve these metrics next month?"
"loans: 41, accuracy: 91.5%, errors: 6","1. We noticed a recent dip in accuracy; what operational bottlenecks are you currently facing? | 2. With the recent increase in errors, how is the current workload affecting your document review process? | 3. What additional training, resources, or system support do you need to improve these metrics next month?"
"loans: 61, accuracy: 89.2%, errors: 0",1. You are maintaining a steady baseline; what are your primary focus areas for the upcoming month? | 2. Are there any specific steps in the transaction process currently causing you friction? | 3. What new skills or cross-training areas would you like to explore to increase your overall output?
"loans: 97, accuracy: 76.5%, errors: 2","1. We noticed a recent dip in accuracy; what operational bottlenecks are you currently facing? | 2. With the recent increase in errors, how is the current workload affecting your document review process? | 3. What additional training, resources, or system support do you need to improve these metrics next month?"
"loans: 106, accuracy: 76.4%, errors: 5","1. We noticed a recent dip in accuracy; what operational bottlenecks are you currently facing? | 2. With the recent increase in errors, how is the current workload affecting your document review process? | 3. What additional training, resources, or system support do you need to improve these metrics next month?"
"loans: 118, accuracy: 81.6%, errors: 3","1. We noticed a recent dip in accuracy; what operational bottlenecks are you currently facing? | 2. With the recent increase in errors, how is the current workload affecting your document review process? | 3. What additional training, resources, or system support do you need to improve these metrics next month?"
"loans: 141, accuracy: 71.3%, errors: 2","1. We noticed a recent dip in accuracy; what operational bottlenecks are you currently facing? | 2. With the recent increase in errors, how is the current workload affecting your document review process? | 3. What additional training, resources, or system support do you need to improve these metrics next month?"
"loans: 101, accuracy: 73.3%, errors: 1","1. We noticed a recent dip in accuracy; what operational bottlenecks are you currently facing? | 2. With the recent increase in errors, how is the current workload affecting your document review process? | 3. What additional training, resources, or system support do you need to improve these metrics next month?"
"loans: 81, accuracy: 86.6%, errors: 4","1. We noticed a recent dip in accuracy; what operational bottlenecks are you currently facing? | 2. With the recent increase in errors, how is the current workload affecting your document review process? | 3. What additional training, resources, or system support do you need to improve these metrics next month?"
"loans: 151, accuracy: 86.1%, errors: 5","1. We noticed a recent dip in accuracy; what operational bottlenecks are you currently facing? | 2. With the recent increase in errors, how is the current workload affecting your document review process? | 3. What additional training, resources, or system support do you need to improve these metrics next month?"
"loans: 49, accuracy: 96.8%, errors: 1",1. You are maintaining a steady baseline; what are your primary focus areas for the upcoming month? | 2. Are there any specific steps in the transaction process currently causing you friction? | 3. What new skills or cross-training areas would you like to explore to increase your overall output?
"loans: 81, accuracy: 74.3%, errors: 2","1. We noticed a recent dip in accuracy; what operational bottlenecks are you currently facing? | 2. With the recent increase in errors, how is the current workload affecting your document review process? | 3. What additional training, resources, or system support do you need to improve these metrics next month?"
"loans: 95, accuracy: 80.6%, errors: 4","1. We noticed a recent dip in accuracy; what operational bottlenecks are you currently facing? | 2. With the recent increase in errors, how is the current workload affecting your document review process? | 3. What additional training, resources, or system support do you need to improve these metrics next month?"
"loans: 154, accuracy: 79.7%, errors: 0","1. We noticed a recent dip in accuracy; what operational bottlenecks are you currently facing? | 2. With the recent increase in errors, how is the current workload affecting your document review process? | 3. What additional training, resources, or system support do you need to improve these metrics next month?"
"loans: 126, accuracy: 77.1%, errors: 4","1. We noticed a recent dip in accuracy; what operational bottlenecks are you currently facing? | 2. With the recent increase in errors, how is the current workload affecting your document review process? | 3. What additional training, resources, or system support do you need to improve these metrics next month?"
"loans: 122, accuracy: 83.4%, errors: 6","1. We noticed a recent dip in accuracy; what operational bottlenecks are you currently facing? | 2. With the recent increase in errors, how is the current workload affecting your document review process? | 3. What additional training, resources, or system support do you need to improve these metrics next month?"
"loans: 138, accuracy: 94.0%, errors: 2",1. You are maintaining a steady baseline; what are your primary focus areas for the upcoming month? | 2. Are there any specific steps in the transaction process currently causing you friction? | 3. What new skills or cross-training areas would you like to explore to increase your overall output?
"loans: 55, accuracy: 87.2%, errors: 4","1. We noticed a recent dip in accuracy; what operational bottlenecks are you currently facing? | 2. With the recent increase in errors, how is the current workload affecting your document review process? | 3. What additional training, resources, or system support do you need to improve these metrics next month?"
"loans: 55, accuracy: 87.2%, errors: 6","1. We noticed a recent dip in accuracy; what operational bottlenecks are you currently facing? | 2. With the recent increase in errors, how is the current workload affecting your document review process? | 3. What additional training, resources, or system support do you need to improve these metrics next month?"
"loans: 54, accuracy: 83.0%, errors: 2","1. We noticed a recent dip in accuracy; what operational bottlenecks are you currently facing? | 2. With the recent increase in errors, how is the current workload affecting your document review process? | 3. What additional training, resources, or system support do you need to improve these metrics next month?"
"loans: 122, accuracy: 92.3%, errors: 4","1. We noticed a recent dip in accuracy; what operational bottlenecks are you currently facing? | 2. With the recent increase in errors, how is the current workload affecting your document review process? | 3. What additional training, resources, or system support do you need to improve these metrics next month?"
"loans: 85, accuracy: 74.9%, errors: 6","1. We noticed a recent dip in accuracy; what operational bottlenecks are you currently facing? | 2. With the recent increase in errors, how is the current workload affecting your document review process? | 3. What additional training, resources, or system support do you need to improve these metrics next month?"
"loans: 116, accuracy: 99.6%, errors: 1",1. You have consistently exceeded volume targets; what specific workflows helped you achieve this? | 2. Your transaction accuracy is exceptional; how do you maintain this precision during peak hours? | 3. What best practices can you share with your peers to elevate overall team performance?
"loans: 129, accuracy: 71.8%, errors: 5","1. We noticed a recent dip in accuracy; what operational bottlenecks are you currently facing? | 2. With the recent increase in errors, how is the current workload affecting your document review process? | 3. What additional training, resources, or system support do you need to improve these metrics next month?"
"loans: 119, accuracy: 86.2%, errors: 2",1. You are maintaining a steady baseline; what are your primary focus areas for the upcoming month? | 2. Are there any specific steps in the transaction process currently causing you friction? | 3. What new skills or cross-training areas would you like to explore to increase your overall output?
"loans: 72, accuracy: 85.7%, errors: 5","1. We noticed a recent dip in accuracy; what operational bottlenecks are you currently facing? | 2. With the recent increase in errors, how is the current workload affecting your document review process? | 3. What additional training, resources, or system support do you need to improve these metrics next month?"
"loans: 45, accuracy: 95.6%, errors: 6","1. We noticed a recent dip in accuracy; what operational bottlenecks are you currently facing? | 2. With the recent increase in errors, how is the current workload affecting your document review process? | 3. What additional training, resources, or system support do you need to improve these metrics next month?"
"loans: 47, accuracy: 80.7%, errors: 3","1. We noticed a recent dip in accuracy; what operational bottlenecks are you currently facing? | 2. With the recent increase in errors, how is the current workload affecting your document review process? | 3. What additional training, resources, or system support do you need to improve these metrics next month?"
"loans: 46, accuracy: 80.0%, errors: 6","1. We noticed a recent dip in accuracy; what operational bottlenecks are you currently facing? | 2. With the recent increase in errors, how is the current workload affecting your document review process? | 3. What additional training, resources, or system support do you need to improve these metrics next month?"
"loans: 54, accuracy: 99.1%, errors: 1",1. You are maintaining a steady baseline; what are your primary focus areas for the upcoming month? | 2. Are there any specific steps in the transaction process currently causing you friction? | 3. What new skills or cross-training areas would you like to explore to increase your overall output?
"loans: 45, accuracy: 95.3%, errors: 6","1. We noticed a recent dip in accuracy; what operational bottlenecks are you currently facing? | 2. With the recent increase in errors, how is the current workload affecting your document review process? | 3. What additional training, resources, or system support do you need to improve these metrics next month?"
"loans: 104, accuracy: 92.3%, errors: 0",1. You are maintaining a steady baseline; what are your primary focus areas for the upcoming month? | 2. Are there any specific steps in the transaction process currently causing you friction? | 3. What new skills or cross-training areas would you like to explore to increase your overall output?
"loans: 81, accuracy: 75.5%, errors: 1","1. We noticed a recent dip in accuracy; what operational bottlenecks are you currently facing? | 2. With the recent increase in errors, how is the current workload affecting your document review process? | 3. What additional training, resources, or system support do you need to improve these metrics next month?"
"loans: 52, accuracy: 85.3%, errors: 2",1. You are maintaining a steady baseline; what are your primary focus areas for the upcoming month? | 2. Are there any specific steps in the transaction process currently causing you friction? | 3. What new skills or cross-training areas would you like to explore to increase your overall output?
"loans: 94, accuracy: 99.5%, errors: 4","1. We noticed a recent dip in accuracy; what operational bottlenecks are you currently facing? | 2. With the recent increase in errors, how is the current workload affecting your document review process? | 3. What additional training, resources, or system support do you need to improve these metrics next month?"
"loans: 43, accuracy: 87.1%, errors: 2",1. You are maintaining a steady baseline; what are your primary focus areas for the upcoming month? | 2. Are there any specific steps in the transaction process currently causing you friction? | 3. What new skills or cross-training areas would you like to explore to increase your overall output?
"loans: 106, accuracy: 86.7%, errors: 5","1. We noticed a recent dip in accuracy; what operational bottlenecks are you currently facing? | 2. With the recent increase in errors, how is the current workload affecting your document review process? | 3. What additional training, resources, or system support do you need to improve these metrics next month?"
"loans: 46, accuracy: 79.3%, errors: 6","1. We noticed a recent dip in accuracy; what operational bottlenecks are you currently facing? | 2. With the recent increase in errors, how is the current workload affecting your document review process? | 3. What additional training, resources, or system support do you need to improve these metrics next month?"
"loans: 153, accuracy: 74.3%, errors: 4","1. We noticed a recent dip in accuracy; what operational bottlenecks are you currently facing? | 2. With the recent increase in errors, how is the current workload affecting your document review process? | 3. What additional training, resources, or system support do you need to improve these metrics next month?"
"loans: 66, accuracy: 82.9%, errors: 0","1. We noticed a recent dip in accuracy; what operational bottlenecks are you currently facing? | 2. With the recent increase in errors, how is the current workload affecting your document review process? | 3. What additional training, resources, or system support do you need to improve these metrics next month?"
"loans: 75, accuracy: 75.3%, errors: 0","1. We noticed a recent dip in accuracy; what operational bottlenecks are you currently facing? | 2. With the recent increase in errors, how is the current workload affecting your document review process? | 3. What additional training, resources, or system support do you need to improve these metrics next month?"
"loans: 97, accuracy: 87.0%, errors: 2",1. You are maintaining a steady baseline; what are your primary focus areas for the upcoming month? | 2. Are there any specific steps in the transaction process currently causing you friction? | 3. What new skills or cross-training areas would you like to explore to increase your overall output?
"loans: 60, accuracy: 88.4%, errors: 6","1. We noticed a recent dip in accuracy; what operational bottlenecks are you currently facing? | 2. With the recent increase in errors, how is the current workload affecting your document review process? | 3. What additional training, resources, or system support do you need to improve these metrics next month?"
"loans: 40, accuracy: 77.5%, errors: 2","1. We noticed a recent dip in accuracy; what operational bottlenecks are you currently facing? | 2. With the recent increase in errors, how is the current workload affecting your document review process? | 3. What additional training, resources, or system support do you need to improve these metrics next month?"
"loans: 130, accuracy: 70.5%, errors: 2","1. We noticed a recent dip in accuracy; what operational bottlenecks are you currently facing? | 2. With the recent increase in errors, how is the current workload affecting your document review process? | 3. What additional training, resources, or system support do you need to improve these metrics next month?"
"loans: 44, accuracy: 78.6%, errors: 0","1. We noticed a recent dip in accuracy; what operational bottlenecks are you currently facing? | 2. With the recent increase in errors, how is the current workload affecting your document review process? | 3. What additional training, resources, or system support do you need to improve these metrics next month?"
"loans: 155, accuracy: 84.7%, errors: 2","1. We noticed a recent dip in accuracy; what operational bottlenecks are you currently facing? | 2. With the recent increase in errors, how is the current workload affecting your document review process? | 3. What additional training, resources, or system support do you need to improve these metrics next month?"
"loans: 132, accuracy: 76.3%, errors: 5","1. We noticed a recent dip in accuracy; what operational bottlenecks are you currently facing? | 2. With the recent increase in errors, how is the current workload affecting your document review process? | 3. What additional training, resources, or system support do you need to improve these metrics next month?"
"loans: 134, accuracy: 83.0%, errors: 3","1. We noticed a recent dip in accuracy; what operational bottlenecks are you currently facing? | 2. With the recent increase in errors, how is the current workload affecting your document review process? | 3. What additional training, resources, or system support do you need to improve these metrics next month?"
"loans: 92, accuracy: 99.8%, errors: 1",1. You are maintaining a steady baseline; what are your primary focus areas for the upcoming month? | 2. Are there any specific steps in the transaction process currently causing you friction? | 3. What new skills or cross-training areas would you like to explore to increase your overall output?
"loans: 121, accuracy: 99.0%, errors: 0",1. You have consistently exceeded volume targets; what specific workflows helped you achieve this? | 2. Your transaction accuracy is exceptional; how do you maintain this precision during peak hours? | 3. What best practices can you share with your peers to elevate overall team performance?
"loans: 103, accuracy: 80.6%, errors: 5","1. We noticed a recent dip in accuracy; what operational bottlenecks are you currently facing? | 2. With the recent increase in errors, how is the current workload affecting your document review process? | 3. What additional training, resources, or system support do you need to improve these metrics next month?"
"loans: 41, accuracy: 76.5%, errors: 2","1. We noticed a recent dip in accuracy; what operational bottlenecks are you currently facing? | 2. With the recent increase in errors, how is the current workload affecting your document review process? | 3. What additional training, resources, or system support do you need to improve these metrics next month?"
"loans: 131, accuracy: 83.5%, errors: 3","1. We noticed a recent dip in accuracy; what operational bottlenecks are you currently facing? | 2. With the recent increase in errors, how is the current workload affecting your document review process? | 3. What additional training, resources, or system support do you need to improve these metrics next month?"
"loans: 140, accuracy: 85.9%, errors: 3","1. We noticed a recent dip in accuracy; what operational bottlenecks are you currently facing? | 2. With the recent increase in errors, how is the current workload affecting your document review process? | 3. What additional training, resources, or system support do you need to improve these metrics next month?"
"loans: 100, accuracy: 72.0%, errors: 4","1. We noticed a recent dip in accuracy; what operational bottlenecks are you currently facing? | 2. With the recent increase in errors, how is the current workload affecting your document review process? | 3. What additional training, resources, or system support do you need to improve these metrics next month?"
"loans: 82, accuracy: 96.1%, errors: 3","1. We noticed a recent dip in accuracy; what operational bottlenecks are you currently facing? | 2. With the recent increase in errors, how is the current workload affecting your document review process? | 3. What additional training, resources, or system support do you need to improve these metrics next month?"
"loans: 51, accuracy: 89.6%, errors: 1",1. You are maintaining a steady baseline; what are your primary focus areas for the upcoming month? | 2. Are there any specific steps in the transaction process currently causing you friction? | 3. What new skills or cross-training areas would you like to explore to increase your overall output?
"loans: 91, accuracy: 86.6%, errors: 4","1. We noticed a recent dip in accuracy; what operational bottlenecks are you currently facing? | 2. With the recent increase in errors, how is the current workload affecting your document review process? | 3. What additional training, resources, or system support do you need to improve these metrics next month?"
"loans: 106, accuracy: 90.6%, errors: 2",1. You are maintaining a steady baseline; what are your primary focus areas for the upcoming month? | 2. Are there any specific steps in the transaction process currently causing you friction? | 3. What new skills or cross-training areas would you like to explore to increase your overall output?
"loans: 81, accuracy: 90.7%, errors: 3","1. We noticed a recent dip in accuracy; what operational bottlenecks are you currently facing? | 2. With the recent increase in errors, how is the current workload affecting your document review process? | 3. What additional training, resources, or system support do you need to improve these metrics next month?"
"loans: 95, accuracy: 84.5%, errors: 0","1. We noticed a recent dip in accuracy; what operational bottlenecks are you currently facing? | 2. With the recent increase in errors, how is the current workload affecting your document review process? | 3. What additional training, resources, or system support do you need to improve these metrics next month?"
"loans: 54, accuracy: 99.6%, errors: 6","1. We noticed a recent dip in accuracy; what operational bottlenecks are you currently facing? | 2. With the recent increase in errors, how is the current workload affecting your document review process? | 3. What additional training, resources, or system support do you need to improve these metrics next month?"
"loans: 66, accuracy: 79.7%, errors: 5","1. We noticed a recent dip in accuracy; what operational bottlenecks are you currently facing? | 2. With the recent increase in errors, how is the current workload affecting your document review process? | 3. What additional training, resources, or system support do you need to improve these metrics next month?"
"loans: 82, accuracy: 96.0%, errors: 4","1. We noticed a recent dip in accuracy; what operational bottlenecks are you currently facing? | 2. With the recent increase in errors, how is the current workload affecting your document review process? | 3. What additional training, resources, or system support do you need to improve these metrics next month?"
"loans: 50, accuracy: 79.0%, errors: 5","1. We noticed a recent dip in accuracy; what operational bottlenecks are you currently facing? | 2. With the recent increase in errors, how is the current workload affecting your document review process? | 3. What additional training, resources, or system support do you need to improve these metrics next month?"
"loans: 115, accuracy: 89.4%, errors: 5","1. We noticed a recent dip in accuracy; what operational bottlenecks are you currently facing? | 2. With the recent increase in errors, how is the current workload affecting your document review process? | 3. What additional training, resources, or system support do you need to improve these metrics next month?"
"loans: 121, accuracy: 82.5%, errors: 4","1. We noticed a recent dip in accuracy; what operational bottlenecks are you currently facing? | 2. With the recent increase in errors, how is the current workload affecting your document review process? | 3. What additional training, resources, or system support do you need to improve these metrics next month?"
"loans: 111, accuracy: 93.4%, errors: 5","1. We noticed a recent dip in accuracy; what operational bottlenecks are you currently facing? | 2. With the recent increase in errors, how is the current workload affecting your document review process? | 3. What additional training, resources, or system support do you need to improve these metrics next month?"
"loans: 42, accuracy: 84.0%, errors: 0","1. We noticed a recent dip in accuracy; what operational bottlenecks are you currently facing? | 2. With the recent increase in errors, how is the current workload affecting your document review process? | 3. What additional training, resources, or system support do you need to improve these metrics next month?"
"loans: 79, accuracy: 90.1%, errors: 3","1. We noticed a recent dip in accuracy; what operational bottlenecks are you currently facing? | 2. With the recent increase in errors, how is the current workload affecting your document review process? | 3. What additional training, resources, or system support do you need to improve these metrics next month?"
"loans: 80, accuracy: 89.2%, errors: 3","1. We noticed a recent dip in accuracy; what operational bottlenecks are you currently facing? | 2. With the recent increase in errors, how is the current workload affecting your document review process? | 3. What additional training, resources, or system support do you need to improve these metrics next month?"
"loans: 146, accuracy: 73.0%, errors: 6","1. We noticed a recent dip in accuracy; what operational bottlenecks are you currently facing? | 2. With the recent increase in errors, how is the current workload affecting your document review process? | 3. What additional training, resources, or system support do you need to improve these metrics next month?"
"loans: 82, accuracy: 70.6%, errors: 5","1. We noticed a recent dip in accuracy; what operational bottlenecks are you currently facing? | 2. With the recent increase in errors, how is the current workload affecting your document review process? | 3. What additional training, resources, or system support do you need to improve these metrics next month?"
"loans: 62, accuracy: 99.0%, errors: 0",1. You are maintaining a steady baseline; what are your primary focus areas for the upcoming month? | 2. Are there any specific steps in the transaction process currently causing you friction? | 3. What new skills or cross-training areas would you like to explore to increase your overall output?
"loans: 139, accuracy: 89.4%, errors: 5","1. We noticed a recent dip in accuracy; what operational bottlenecks are you currently facing? | 2. With the recent increase in errors, how is the current workload affecting your document review process? | 3. What additional training, resources, or system support do you need to improve these metrics next month?"
"loans: 57, accuracy: 76.8%, errors: 3","1. We noticed a recent dip in accuracy; what operational bottlenecks are you currently facing? | 2. With the recent increase in errors, how is the current workload affecting your document review process? | 3. What additional training, resources, or system support do you need to improve these metrics next month?"
"loans: 122, accuracy: 76.3%, errors: 1","1. We noticed a recent dip in accuracy; what operational bottlenecks are you currently facing? | 2. With the recent increase in errors, how is the current workload affecting your document review process? | 3. What additional training, resources, or system support do you need to improve these metrics next month?"
"loans: 54, accuracy: 81.5%, errors: 1","1. We noticed a recent dip in accuracy; what operational bottlenecks are you currently facing? | 2. With the recent increase in errors, how is the current workload affecting your document review process? | 3. What additional training, resources, or system support do you need to improve these metrics next month?"
"loans: 43, accuracy: 82.0%, errors: 1","1. We noticed a recent dip in accuracy; what operational bottlenecks are you currently facing? | 2. With the recent increase in errors, how is the current workload affecting your document review process? | 3. What additional training, resources, or system support do you need to improve these metrics next month?"
"loans: 97, accuracy: 84.9%, errors: 4","1. We noticed a recent dip in accuracy; what operational bottlenecks are you currently facing? | 2. With the recent increase in errors, how is the current workload affecting your document review process? | 3. What additional training, resources, or system support do you need to improve these metrics next month?"
"loans: 100, accuracy: 86.7%, errors: 2",1. You are maintaining a steady baseline; what are your primary focus areas for the upcoming month? | 2. Are there any specific steps in the transaction process currently causing you friction? | 3. What new skills or cross-training areas would you like to explore to increase your overall output?
"loans: 122, accuracy: 70.6%, errors: 5","1. We noticed a recent dip in accuracy; what operational bottlenecks are you currently facing? | 2. With the recent increase in errors, how is the current workload affecting your document review process? | 3. What additional training, resources, or system support do you need to improve these metrics next month?"
"loans: 41, accuracy: 93.3%, errors: 1",1. You are maintaining a steady baseline; what are your primary focus areas for the upcoming month? | 2. Are there any specific steps in the transaction process currently causing you friction? | 3. What new skills or cross-training areas would you like to explore to increase your overall output?
"loans: 117, accuracy: 95.4%, errors: 3","1. We noticed a recent dip in accuracy; what operational bottlenecks are you currently facing? | 2. With the recent increase in errors, how is the current workload affecting your document review process? | 3. What additional training, resources, or system support do you need to improve these metrics next month?"
"loans: 140, accuracy: 81.9%, errors: 3","1. We noticed a recent dip in accuracy; what operational bottlenecks are you currently facing? | 2. With the recent increase in errors, how is the current workload affecting your document review process? | 3. What additional training, resources, or system support do you need to improve these metrics next month?"
"loans: 73, accuracy: 76.6%, errors: 2","1. We noticed a recent dip in accuracy; what operational bottlenecks are you currently facing? | 2. With the recent increase in errors, how is the current workload affecting your document review process? | 3. What additional training, resources, or system support do you need to improve these metrics next month?"
"loans: 95, accuracy: 92.0%, errors: 1",1. You are maintaining a steady baseline; what are your primary focus areas for the upcoming month? | 2. Are there any specific steps in the transaction process currently causing you friction? | 3. What new skills or cross-training areas would you like to explore to increase your overall output?
"loans: 131, accuracy: 72.7%, errors: 2","1. We noticed a recent dip in accuracy; what operational bottlenecks are you currently facing? | 2. With the recent increase in errors, how is the current workload affecting your document review process? | 3. What additional training, resources, or system support do you need to improve these metrics next month?"
"loans: 101, accuracy: 95.1%, errors: 1",1. You are maintaining a steady baseline; what are your primary focus areas for the upcoming month? | 2. Are there any specific steps in the transaction process currently causing you friction? | 3. What new skills or cross-training areas would you like to explore to increase your overall output?
"loans: 49, accuracy: 78.7%, errors: 0","1. We noticed a recent dip in accuracy; what operational bottlenecks are you currently facing? | 2. With the recent increase in errors, how is the current workload affecting your document review process? | 3. What additional training, resources, or system support do you need to improve these metrics next month?"
"loans: 101, accuracy: 98.1%, errors: 2",1. You are maintaining a steady baseline; what are your primary focus areas for the upcoming month? | 2. Are there any specific steps in the transaction process currently causing you friction? | 3. What new skills or cross-training areas would you like to explore to increase your overall output?
"loans: 100, accuracy: 93.8%, errors: 1",1. You are maintaining a steady baseline; what are your primary focus areas for the upcoming month? | 2. Are there any specific steps in the transaction process currently causing you friction? | 3. What new skills or cross-training areas would you like to explore to increase your overall output?
"loans: 135, accuracy: 70.3%, errors: 3","1. We noticed a recent dip in accuracy; what operational bottlenecks are you currently facing? | 2. With the recent increase in errors, how is the current workload affecting your document review process? | 3. What additional training, resources, or system support do you need to improve these metrics next month?"
"loans: 87, accuracy: 99.2%, errors: 0",1. You are maintaining a steady baseline; what are your primary focus areas for the upcoming month? | 2. Are there any specific steps in the transaction process currently causing you friction? | 3. What new skills or cross-training areas would you like to explore to increase your overall output?
"loans: 129, accuracy: 89.1%, errors: 6","1. We noticed a recent dip in accuracy; what operational bottlenecks are you currently facing? | 2. With the recent increase in errors, how is the current workload affecting your document review process? | 3. What additional training, resources, or system support do you need to improve these metrics next month?"
"loans: 128, accuracy: 84.4%, errors: 4","1. We noticed a recent dip in accuracy; what operational bottlenecks are you currently facing? | 2. With the recent increase in errors, how is the current workload affecting your document review process? | 3. What additional training, resources, or system support do you need to improve these metrics next month?"
"loans: 40, accuracy: 71.4%, errors: 6","1. We noticed a recent dip in accuracy; what operational bottlenecks are you currently facing? | 2. With the recent increase in errors, how is the current workload affecting your document review process? | 3. What additional training, resources, or system support do you need to improve these metrics next month?"
"loans: 107, accuracy: 73.4%, errors: 3","1. We noticed a recent dip in accuracy; what operational bottlenecks are you currently facing? | 2. With the recent increase in errors, how is the current workload affecting your document review process? | 3. What additional training, resources, or system support do you need to improve these metrics next month?"
"loans: 146, accuracy: 83.7%, errors: 4","1. We noticed a recent dip in accuracy; what operational bottlenecks are you currently facing? | 2. With the recent increase in errors, how is the current workload affecting your document review process? | 3. What additional training, resources, or system support do you need to improve these metrics next month?"
"loans: 146, accuracy: 93.0%, errors: 3","1. We noticed a recent dip in accuracy; what operational bottlenecks are you currently facing? | 2. With the recent increase in errors, how is the current workload affecting your document review process? | 3. What additional training, resources, or system support do you need to improve these metrics next month?"
"loans: 126, accuracy: 72.5%, errors: 3","1. We noticed a recent dip in accuracy; what operational bottlenecks are you currently facing? | 2. With the recent increase in errors, how is the current workload affecting your document review process? | 3. What additional training, resources, or system support do you need to improve these metrics next month?"
"loans: 146, accuracy: 81.9%, errors: 4","1. We noticed a recent dip in accuracy; what operational bottlenecks are you currently facing? | 2. With the recent increase in errors, how is the current workload affecting your document review process? | 3. What additional training, resources, or system support do you need to improve these metrics next month?"
"loans: 49, accuracy: 81.5%, errors: 2","1. We noticed a recent dip in accuracy; what operational bottlenecks are you currently facing? | 2. With the recent increase in errors, how is the current workload affecting your document review process? | 3. What additional training, resources, or system support do you need to improve these metrics next month?"
"loans: 158, accuracy: 82.8%, errors: 3","1. We noticed a recent dip in accuracy; what operational bottlenecks are you currently facing? | 2. With the recent increase in errors, how is the current workload affecting your document review process? | 3. What additional training, resources, or system support do you need to improve these metrics next month?"
"loans: 136, accuracy: 98.6%, errors: 4","1. We noticed a recent dip in accuracy; what operational bottlenecks are you currently facing? | 2. With the recent increase in errors, how is the current workload affecting your document review process? | 3. What additional training, resources, or system support do you need to improve these metrics next month?"
"loans: 48, accuracy: 78.3%, errors: 2","1. We noticed a recent dip in accuracy; what operational bottlenecks are you currently facing? | 2. With the recent increase in errors, how is the current workload affecting your document review process? | 3. What additional training, resources, or system support do you need to improve these metrics next month?"
"loans: 142, accuracy: 89.6%, errors: 1",1. You are maintaining a steady baseline; what are your primary focus areas for the upcoming month? | 2. Are there any specific steps in the transaction process currently causing you friction? | 3. What new skills or cross-training areas would you like to explore to increase your overall output?
"loans: 42, accuracy: 95.4%, errors: 6","1. We noticed a recent dip in accuracy; what operational bottlenecks are you currently facing? | 2. With the recent increase in errors, how is the current workload affecting your document review process? | 3. What additional training, resources, or system support do you need to improve these metrics next month?"
"loans: 50, accuracy: 99.5%, errors: 5","1. We noticed a recent dip in accuracy; what operational bottlenecks are you currently facing? | 2. With the recent increase in errors, how is the current workload affecting your document review process? | 3. What additional training, resources, or system support do you need to improve these metrics next month?"
"loans: 45, accuracy: 96.0%, errors: 0",1. You are maintaining a steady baseline; what are your primary focus areas for the upcoming month? | 2. Are there any specific steps in the transaction process currently causing you friction? | 3. What new skills or cross-training areas would you like to explore to increase your overall output?
"loans: 90, accuracy: 94.3%, errors: 2",1. You are maintaining a steady baseline; what are your primary focus areas for the upcoming month? | 2. Are there any specific steps in the transaction process currently causing you friction? | 3. What new skills or cross-training areas would you like to explore to increase your overall output?
"loans: 105, accuracy: 88.4%, errors: 0",1. You are maintaining a steady baseline; what are your primary focus areas for the upcoming month? | 2. Are there any specific steps in the transaction process currently causing you friction? | 3. What new skills or cross-training areas would you like to explore to increase your overall output?
"loans: 88, accuracy: 92.5%, errors: 5","1. We noticed a recent dip in accuracy; what operational bottlenecks are you currently facing? | 2. With the recent increase in errors, how is the current workload affecting your document review process? | 3. What additional training, resources, or system support do you need to improve these metrics next month?"
"loans: 123, accuracy: 72.4%, errors: 3","1. We noticed a recent dip in accuracy; what operational bottlenecks are you currently facing? | 2. With the recent increase in errors, how is the current workload affecting your document review process? | 3. What additional training, resources, or system support do you need to improve these metrics next month?"
"loans: 107, accuracy: 92.2%, errors: 6","1. We noticed a recent dip in accuracy; what operational bottlenecks are you currently facing? | 2. With the recent increase in errors, how is the current workload affecting your document review process? | 3. What additional training, resources, or system support do you need to improve these metrics next month?"
"loans: 158, accuracy: 96.5%, errors: 0",1. You have consistently exceeded volume targets; what specific workflows helped you achieve this? | 2. Your transaction accuracy is exceptional; how do you maintain this precision during peak hours? | 3. What best practices can you share with your peers to elevate overall team performance?
"loans: 82, accuracy: 95.3%, errors: 4","1. We noticed a recent dip in accuracy; what operational bottlenecks are you currently facing? | 2. With the recent increase in errors, how is the current workload affecting your document review process? | 3. What additional training, resources, or system support do you need to improve these metrics next month?"
"loans: 46, accuracy: 99.6%, errors: 1",1. You are maintaining a steady baseline; what are your primary focus areas for the upcoming month? | 2. Are there any specific steps in the transaction process currently causing you friction? | 3. What new skills or cross-training areas would you like to explore to increase your overall output?
"loans: 96, accuracy: 97.9%, errors: 5","1. We noticed a recent dip in accuracy; what operational bottlenecks are you currently facing? | 2. With the recent increase in errors, how is the current workload affecting your document review process? | 3. What additional training, resources, or system support do you need to improve these metrics next month?"
"loans: 84, accuracy: 84.8%, errors: 5","1. We noticed a recent dip in accuracy; what operational bottlenecks are you currently facing? | 2. With the recent increase in errors, how is the current workload affecting your document review process? | 3. What additional training, resources, or system support do you need to improve these metrics next month?"
"loans: 150, accuracy: 80.1%, errors: 3","1. We noticed a recent dip in accuracy; what operational bottlenecks are you currently facing? | 2. With the recent increase in errors, how is the current workload affecting your document review process? | 3. What additional training, resources, or system support do you need to improve these metrics next month?"
"loans: 150, accuracy: 96.0%, errors: 1",1. You have consistently exceeded volume targets; what specific workflows helped you achieve this? | 2. Your transaction accuracy is exceptional; how do you maintain this precision during peak hours? | 3. What best practices can you share with your peers to elevate overall team performance?
"loans: 56, accuracy: 91.7%, errors: 2",1. You are maintaining a steady baseline; what are your primary focus areas for the upcoming month? | 2. Are there any specific steps in the transaction process currently causing you friction? | 3. What new skills or cross-training areas would you like to explore to increase your overall output?
"loans: 154, accuracy: 76.7%, errors: 5","1. We noticed a recent dip in accuracy; what operational bottlenecks are you currently facing? | 2. With the recent increase in errors, how is the current workload affecting your document review process? | 3. What additional training, resources, or system support do you need to improve these metrics next month?"
"loans: 43, accuracy: 98.4%, errors: 2",1. You are maintaining a steady baseline; what are your primary focus areas for the upcoming month? | 2. Are there any specific steps in the transaction process currently causing you friction? | 3. What new skills or cross-training areas would you like to explore to increase your overall output?
"loans: 75, accuracy: 89.4%, errors: 3","1. We noticed a recent dip in accuracy; what operational bottlenecks are you currently facing? | 2. With the recent increase in errors, how is the current workload affecting your document review process? | 3. What additional training, resources, or system support do you need to improve these metrics next month?"
"loans: 58, accuracy: 97.1%, errors: 3","1. We noticed a recent dip in accuracy; what operational bottlenecks are you currently facing? | 2. With the recent increase in errors, how is the current workload affecting your document review process? | 3. What additional training, resources, or system support do you need to improve these metrics next month?"
"loans: 87, accuracy: 95.9%, errors: 2",1. You are maintaining a steady baseline; what are your primary focus areas for the upcoming month? | 2. Are there any specific steps in the transaction process currently causing you friction? | 3. What new skills or cross-training areas would you like to explore to increase your overall output?
"loans: 63, accuracy: 89.0%, errors: 0",1. You are maintaining a steady baseline; what are your primary focus areas for the upcoming month? | 2. Are there any specific steps in the transaction process currently causing you friction? | 3. What new skills or cross-training areas would you like to explore to increase your overall output?
"loans: 70, accuracy: 79.7%, errors: 4","1. We noticed a recent dip in accuracy; what operational bottlenecks are you currently facing? | 2. With the recent increase in errors, how is the current workload affecting your document review process? | 3. What additional training, resources, or system support do you need to improve these metrics next month?"
"loans: 134, accuracy: 96.3%, errors: 4","1. We noticed a recent dip in accuracy; what operational bottlenecks are you currently facing? | 2. With the recent increase in errors, how is the current workload affecting your document review process? | 3. What additional training, resources, or system support do you need to improve these metrics next month?"
"loans: 87, accuracy: 88.2%, errors: 4","1. We noticed a recent dip in accuracy; what operational bottlenecks are you currently facing? | 2. With the recent increase in errors, how is the current workload affecting your document review process? | 3. What additional training, resources, or system support do you need to improve these metrics next month?"
"loans: 153, accuracy: 79.7%, errors: 6","1. We noticed a recent dip in accuracy; what operational bottlenecks are you currently facing? | 2. With the recent increase in errors, how is the current workload affecting your document review process? | 3. What additional training, resources, or system support do you need to improve these metrics next month?"
"loans: 51, accuracy: 83.7%, errors: 3","1. We noticed a recent dip in accuracy; what operational bottlenecks are you currently facing? | 2. With the recent increase in errors, how is the current workload affecting your document review process? | 3. What additional training, resources, or system support do you need to improve these metrics next month?"
"loans: 141, accuracy: 81.6%, errors: 4","1. We noticed a recent dip in accuracy; what operational bottlenecks are you currently facing? | 2. With the recent increase in errors, how is the current workload affecting your document review process? | 3. What additional training, resources, or system support do you need to improve these metrics next month?"
"loans: 41, accuracy: 76.1%, errors: 4","1. We noticed a recent dip in accuracy; what operational bottlenecks are you currently facing? | 2. With the recent increase in errors, how is the current workload affecting your document review process? | 3. What additional training, resources, or system support do you need to improve these metrics next month?"
"loans: 124, accuracy: 98.6%, errors: 6","1. We noticed a recent dip in accuracy; what operational bottlenecks are you currently facing? | 2. With the recent increase in errors, how is the current workload affecting your document review process? | 3. What additional training, resources, or system support do you need to improve these metrics next month?"
"loans: 104, accuracy: 95.7%, errors: 1",1. You are maintaining a steady baseline; what are your primary focus areas for the upcoming month? | 2. Are there any specific steps in the transaction process currently causing you friction? | 3. What new skills or cross-training areas would you like to explore to increase your overall output?
"loans: 158, accuracy: 70.0%, errors: 3","1. We noticed a recent dip in accuracy; what operational bottlenecks are you currently facing? | 2. With the recent increase in errors, how is the current workload affecting your document review process? | 3. What additional training, resources, or system support do you need to improve these metrics next month?"
"loans: 102, accuracy: 80.8%, errors: 0","1. We noticed a recent dip in accuracy; what operational bottlenecks are you currently facing? | 2. With the recent increase in errors, how is the current workload affecting your document review process? | 3. What additional training, resources, or system support do you need to improve these metrics next month?"
"loans: 132, accuracy: 72.9%, errors: 2","1. We noticed a recent dip in accuracy; what operational bottlenecks are you currently facing? | 2. With the recent increase in errors, how is the current workload affecting your document review process? | 3. What additional training, resources, or system support do you need to improve these metrics next month?"
"loans: 74, accuracy: 99.7%, errors: 3","1. We noticed a recent dip in accuracy; what operational bottlenecks are you currently facing? | 2. With the recent increase in errors, how is the current workload affecting your document review process? | 3. What additional training, resources, or system support do you need to improve these metrics next month?"
"loans: 58, accuracy: 78.5%, errors: 1","1. We noticed a recent dip in accuracy; what operational bottlenecks are you currently facing? | 2. With the recent increase in errors, how is the current workload affecting your document review process? | 3. What additional training, resources, or system support do you need to improve these metrics next month?"
"loans: 76, accuracy: 85.6%, errors: 1",1. You are maintaining a steady baseline; what are your primary focus areas for the upcoming month? | 2. Are there any specific steps in the transaction process currently causing you friction? | 3. What new skills or cross-training areas would you like to explore to increase your overall output?
"loans: 43, accuracy: 94.9%, errors: 0",1. You are maintaining a steady baseline; what are your primary focus areas for the upcoming month? | 2. Are there any specific steps in the transaction process currently causing you friction? | 3. What new skills or cross-training areas would you like to explore to increase your overall output?
"loans: 59, accuracy: 94.3%, errors: 6","1. We noticed a recent dip in accuracy; what operational bottlenecks are you currently facing? | 2. With the recent increase in errors, how is the current workload affecting your document review process? | 3. What additional training, resources, or system support do you need to improve these metrics next month?"
"loans: 43, accuracy: 80.8%, errors: 6","1. We noticed a recent dip in accuracy; what operational bottlenecks are you currently facing? | 2. With the recent increase in errors, how is the current workload affecting your document review process? | 3. What additional training, resources, or system support do you need to improve these metrics next month?"
"loans: 136, accuracy: 90.9%, errors: 1",1. You have consistently exceeded volume targets; what specific workflows helped you achieve this? | 2. Your transaction accuracy is exceptional; how do you maintain this precision during peak hours? | 3. What best practices can you share with your peers to elevate overall team performance?
"loans: 129, accuracy: 75.0%, errors: 1","1. We noticed a recent dip in accuracy; what operational bottlenecks are you currently facing? | 2. With the recent increase in errors, how is the current workload affecting your document review process? | 3. What additional training, resources, or system support do you need to improve these metrics next month?"
"loans: 81, accuracy: 93.3%, errors: 3","1. We noticed a recent dip in accuracy; what operational bottlenecks are you currently facing? | 2. With the recent increase in errors, how is the current workload affecting your document review process? | 3. What additional training, resources, or system support do you need to improve these metrics next month?"
"loans: 157, accuracy: 77.6%, errors: 4","1. We noticed a recent dip in accuracy; what operational bottlenecks are you currently facing? | 2. With the recent increase in errors, how is the current workload affecting your document review process? | 3. What additional training, resources, or system support do you need to improve these metrics next month?"
"loans: 50, accuracy: 71.3%, errors: 3","1. We noticed a recent dip in accuracy; what operational bottlenecks are you currently facing? | 2. With the recent increase in errors, how is the current workload affecting your document review process? | 3. What additional training, resources, or system support do you need to improve these metrics next month?"
"loans: 57, accuracy: 76.9%, errors: 4","1. We noticed a recent dip in accuracy; what operational bottlenecks are you currently facing? | 2. With the recent increase in errors, how is the current workload affecting your document review process? | 3. What additional training, resources, or system support do you need to improve these metrics next month?"
"loans: 60, accuracy: 85.0%, errors: 2",1. You are maintaining a steady baseline; what are your primary focus areas for the upcoming month? | 2. Are there any specific steps in the transaction process currently causing you friction? | 3. What new skills or cross-training areas would you like to explore to increase your overall output?
"loans: 129, accuracy: 89.1%, errors: 1",1. You are maintaining a steady baseline; what are your primary focus areas for the upcoming month? | 2. Are there any specific steps in the transaction process currently causing you friction? | 3. What new skills or cross-training areas would you like to explore to increase your overall output?
"loans: 52, accuracy: 81.3%, errors: 3","1. We noticed a recent dip in accuracy; what operational bottlenecks are you currently facing? | 2. With the recent increase in errors, how is the current workload affecting your document review process? | 3. What additional training, resources, or system support do you need to improve these metrics next month?"
"loans: 42, accuracy: 84.5%, errors: 1","1. We noticed a recent dip in accuracy; what operational bottlenecks are you currently facing? | 2. With the recent increase in errors, how is the current workload affecting your document review process? | 3. What additional training, resources, or system support do you need to improve these metrics next month?"
"loans: 108, accuracy: 92.6%, errors: 4","1. We noticed a recent dip in accuracy; what operational bottlenecks are you currently facing? | 2. With the recent increase in errors, how is the current workload affecting your document review process? | 3. What additional training, resources, or system support do you need to improve these metrics next month?"
"loans: 127, accuracy: 74.0%, errors: 2","1. We noticed a recent dip in accuracy; what operational bottlenecks are you currently facing? | 2. With the recent increase in errors, how is the current workload affecting your document review process? | 3. What additional training, resources, or system support do you need to improve these metrics next month?"
"loans: 124, accuracy: 74.2%, errors: 6","1. We noticed a recent dip in accuracy; what operational bottlenecks are you currently facing? | 2. With the recent increase in errors, how is the current workload affecting your document review process? | 3. What additional training, resources, or system support do you need to improve these metrics next month?"
"loans: 43, accuracy: 70.9%, errors: 0","1. We noticed a recent dip in accuracy; what operational bottlenecks are you currently facing? | 2. With the recent increase in errors, how is the current workload affecting your document review process? | 3. What additional training, resources, or system support do you need to improve these metrics next month?"
"loans: 100, accuracy: 97.5%, errors: 4","1. We noticed a recent dip in accuracy; what operational bottlenecks are you currently facing? | 2. With the recent increase in errors, how is the current workload affecting your document review process? | 3. What additional training, resources, or system support do you need to improve these metrics next month?"
"loans: 92, accuracy: 85.0%, errors: 6","1. We noticed a recent dip in accuracy; what operational bottlenecks are you currently facing? | 2. With the recent increase in errors, how is the current workload affecting your document review process? | 3. What additional training, resources, or system support do you need to improve these metrics next month?"
"loans: 40, accuracy: 79.6%, errors: 5","1. We noticed a recent dip in accuracy; what operational bottlenecks are you currently facing? | 2. With the recent increase in errors, how is the current workload affecting your document review process? | 3. What additional training, resources, or system support do you need to improve these metrics next month?"
"loans: 48, accuracy: 96.1%, errors: 0",1. You are maintaining a steady baseline; what are your primary focus areas for the upcoming month? | 2. Are there any specific steps in the transaction process currently causing you friction? | 3. What new skills or cross-training areas would you like to explore to increase your overall output?
"loans: 134, accuracy: 71.4%, errors: 5","1. We noticed a recent dip in accuracy; what operational bottlenecks are you currently facing? | 2. With the recent increase in errors, how is the current workload affecting your document review process? | 3. What additional training, resources, or system support do you need to improve these metrics next month?"
"loans: 129, accuracy: 86.9%, errors: 2",1. You are maintaining a steady baseline; what are your primary focus areas for the upcoming month? | 2. Are there any specific steps in the transaction process currently causing you friction? | 3. What new skills or cross-training areas would you like to explore to increase your overall output?
"loans: 142, accuracy: 88.2%, errors: 2",1. You are maintaining a steady baseline; what are your primary focus areas for the upcoming month? | 2. Are there any specific steps in the transaction process currently causing you friction? | 3. What new skills or cross-training areas would you like to explore to increase your overall output?
"loans: 139, accuracy: 70.6%, errors: 6","1. We noticed a recent dip in accuracy; what operational bottlenecks are you currently facing? | 2. With the recent increase in errors, how is the current workload affecting your document review process? | 3. What additional training, resources, or system support do you need to improve these metrics next month?"
"loans: 85, accuracy: 74.6%, errors: 2","1. We noticed a recent dip in accuracy; what operational bottlenecks are you currently facing? | 2. With the recent increase in errors, how is the current workload affecting your document review process? | 3. What additional training, resources, or system support do you need to improve these metrics next month?"
"loans: 107, accuracy: 80.7%, errors: 6","1. We noticed a recent dip in accuracy; what operational bottlenecks are you currently facing? | 2. With the recent increase in errors, how is the current workload affecting your document review process? | 3. What additional training, resources, or system support do you need to improve these metrics next month?"
"loans: 100, accuracy: 91.4%, errors: 5","1. We noticed a recent dip in accuracy; what operational bottlenecks are you currently facing? | 2. With the recent increase in errors, how is the current workload affecting your document review process? | 3. What additional training, resources, or system support do you need to improve these metrics next month?"
"loans: 84, accuracy: 96.9%, errors: 4","1. We noticed a recent dip in accuracy; what operational bottlenecks are you currently facing? | 2. With the recent increase in errors, how is the current workload affecting your document review process? | 3. What additional training, resources, or system support do you need to improve these metrics next month?"
"loans: 100, accuracy: 85.9%, errors: 6","1. We noticed a recent dip in accuracy; what operational bottlenecks are you currently facing? | 2. With the recent increase in errors, how is the current workload affecting your document review process? | 3. What additional training, resources, or system support do you need to improve these metrics next month?"
"loans: 96, accuracy: 99.1%, errors: 4","1. We noticed a recent dip in accuracy; what operational bottlenecks are you currently facing? | 2. With the recent increase in errors, how is the current workload affecting your document review process? | 3. What additional training, resources, or system support do you need to improve these metrics next month?"
"loans: 49, accuracy: 83.0%, errors: 4","1. We noticed a recent dip in accuracy; what operational bottlenecks are you currently facing? | 2. With the recent increase in errors, how is the current workload affecting your document review process? | 3. What additional training, resources, or system support do you need to improve these metrics next month?"
"loans: 128, accuracy: 97.4%, errors: 3","1. We noticed a recent dip in accuracy; what operational bottlenecks are you currently facing? | 2. With the recent increase in errors, how is the current workload affecting your document review process? | 3. What additional training, resources, or system support do you need to improve these metrics next month?"
"loans: 73, accuracy: 98.8%, errors: 1",1. You are maintaining a steady baseline; what are your primary focus areas for the upcoming month? | 2. Are there any specific steps in the transaction process currently causing you friction? | 3. What new skills or cross-training areas would you like to explore to increase your overall output?
"loans: 43, accuracy: 83.9%, errors: 2","1. We noticed a recent dip in accuracy; what operational bottlenecks are you currently facing? | 2. With the recent increase in errors, how is the current workload affecting your document review process? | 3. What additional training, resources, or system support do you need to improve these metrics next month?"
"loans: 101, accuracy: 95.3%, errors: 0",1. You are maintaining a steady baseline; what are your primary focus areas for the upcoming month? | 2. Are there any specific steps in the transaction process currently causing you friction? | 3. What new skills or cross-training areas would you like to explore to increase your overall output?
"loans: 58, accuracy: 78.2%, errors: 6","1. We noticed a recent dip in accuracy; what operational bottlenecks are you currently facing? | 2. With the recent increase in errors, how is the current workload affecting your document review process? | 3. What additional training, resources, or system support do you need to improve these metrics next month?"
"loans: 121, accuracy: 77.2%, errors: 2","1. We noticed a recent dip in accuracy; what operational bottlenecks are you currently facing? | 2. With the recent increase in errors, how is the current workload affecting your document review process? | 3. What additional training, resources, or system support do you need to improve these metrics next month?"
"loans: 133, accuracy: 93.8%, errors: 3","1. We noticed a recent dip in accuracy; what operational bottlenecks are you currently facing? | 2. With the recent increase in errors, how is the current workload affecting your document review process? | 3. What additional training, resources, or system support do you need to improve these metrics next month?"
"loans: 44, accuracy: 72.6%, errors: 5","1. We noticed a recent dip in accuracy; what operational bottlenecks are you currently facing? | 2. With the recent increase in errors, how is the current workload affecting your document review process? | 3. What additional training, resources, or system support do you need to improve these metrics next month?"
"loans: 72, accuracy: 73.2%, errors: 4","1. We noticed a recent dip in accuracy; what operational bottlenecks are you currently facing? | 2. With the recent increase in errors, how is the current workload affecting your document review process? | 3. What additional training, resources, or system support do you need to improve these metrics next month?"
"loans: 119, accuracy: 92.9%, errors: 5","1. We noticed a recent dip in accuracy; what operational bottlenecks are you currently facing? | 2. With the recent increase in errors, how is the current workload affecting your document review process? | 3. What additional training, resources, or system support do you need to improve these metrics next month?"
"loans: 46, accuracy: 93.5%, errors: 6","1. We noticed a recent dip in accuracy; what operational bottlenecks are you currently facing? | 2. With the recent increase in errors, how is the current workload affecting your document review process? | 3. What additional training, resources, or system support do you need to improve these metrics next month?"
"loans: 130, accuracy: 72.3%, errors: 1","1. We noticed a recent dip in accuracy; what operational bottlenecks are you currently facing? | 2. With the recent increase in errors, how is the current workload affecting your document review process? | 3. What additional training, resources, or system support do you need to improve these metrics next month?"
"loans: 83, accuracy: 73.2%, errors: 1","1. We noticed a recent dip in accuracy; what operational bottlenecks are you currently facing? | 2. With the recent increase in errors, how is the current workload affecting your document review process? | 3. What additional training, resources, or system support do you need to improve these metrics next month?"
"loans: 62, accuracy: 84.0%, errors: 6","1. We noticed a recent dip in accuracy; what operational bottlenecks are you currently facing? | 2. With the recent increase in errors, how is the current workload affecting your document review process? | 3. What additional training, resources, or system support do you need to improve these metrics next month?"
"loans: 125, accuracy: 90.7%, errors: 0",1. You have consistently exceeded volume targets; what specific workflows helped you achieve this? | 2. Your transaction accuracy is exceptional; how do you maintain this precision during peak hours? | 3. What best practices can you share with your peers to elevate overall team performance?
"loans: 52, accuracy: 86.0%, errors: 3","1. We noticed a recent dip in accuracy; what operational bottlenecks are you currently facing? | 2. With the recent increase in errors, how is the current workload affecting your document review process? | 3. What additional training, resources, or system support do you need to improve these metrics next month?"
"loans: 147, accuracy: 82.4%, errors: 1","1. We noticed a recent dip in accuracy; what operational bottlenecks are you currently facing? | 2. With the recent increase in errors, how is the current workload affecting your document review process? | 3. What additional training, resources, or system support do you need to improve these metrics next month?"
"loans: 143, accuracy: 82.0%, errors: 3","1. We noticed a recent dip in accuracy; what operational bottlenecks are you currently facing? | 2. With the recent increase in errors, how is the current workload affecting your document review process? | 3. What additional training, resources, or system support do you need to improve these metrics next month?"
"loans: 114, accuracy: 73.7%, errors: 2","1. We noticed a recent dip in accuracy; what operational bottlenecks are you currently facing? | 2. With the recent increase in errors, how is the current workload affecting your document review process? | 3. What additional training, resources, or system support do you need to improve these metrics next month?"
"loans: 120, accuracy: 83.2%, errors: 5","1. We noticed a recent dip in accuracy; what operational bottlenecks are you currently facing? | 2. With the recent increase in errors, how is the current workload affecting your document review process? | 3. What additional training, resources, or system support do you need to improve these metrics next month?"
"loans: 82, accuracy: 81.4%, errors: 2","1. We noticed a recent dip in accuracy; what operational bottlenecks are you currently facing? | 2. With the recent increase in errors, how is the current workload affecting your document review process? | 3. What additional training, resources, or system support do you need to improve these metrics next month?"
"loans: 48, accuracy: 89.2%, errors: 2",1. You are maintaining a steady baseline; what are your primary focus areas for the upcoming month? | 2. Are there any specific steps in the transaction process currently causing you friction? | 3. What new skills or cross-training areas would you like to explore to increase your overall output?
"loans: 109, accuracy: 71.2%, errors: 5","1. We noticed a recent dip in accuracy; what operational bottlenecks are you currently facing? | 2. With the recent increase in errors, how is the current workload affecting your document review process? | 3. What additional training, resources, or system support do you need to improve these metrics next month?"
"loans: 155, accuracy: 96.2%, errors: 3","1. We noticed a recent dip in accuracy; what operational bottlenecks are you currently facing? | 2. With the recent increase in errors, how is the current workload affecting your document review process? | 3. What additional training, resources, or system support do you need to improve these metrics next month?"
"loans: 160, accuracy: 95.4%, errors: 0",1. You have consistently exceeded volume targets; what specific workflows helped you achieve this? | 2. Your transaction accuracy is exceptional; how do you maintain this precision during peak hours? | 3. What best practices can you share with your peers to elevate overall team performance?
"loans: 105, accuracy: 95.7%, errors: 3","1. We noticed a recent dip in accuracy; what operational bottlenecks are you currently facing? | 2. With the recent increase in errors, how is the current workload affecting your document review process? | 3. What additional training, resources, or system support do you need to improve these metrics next month?"
"loans: 50, accuracy: 98.9%, errors: 5","1. We noticed a recent dip in accuracy; what operational bottlenecks are you currently facing? | 2. With the recent increase in errors, how is the current workload affecting your document review process? | 3. What additional training, resources, or system support do you need to improve these metrics next month?"
"loans: 59, accuracy: 70.1%, errors: 0","1. We noticed a recent dip in accuracy; what operational bottlenecks are you currently facing? | 2. With the recent increase in errors, how is the current workload affecting your document review process? | 3. What additional training, resources, or system support do you need to improve these metrics next month?"
"loans: 159, accuracy: 70.0%, errors: 3","1. We noticed a recent dip in accuracy; what operational bottlenecks are you currently facing? | 2. With the recent increase in errors, how is the current workload affecting your document review process? | 3. What additional training, resources, or system support do you need to improve these metrics next month?"
"loans: 114, accuracy: 76.9%, errors: 6","1. We noticed a recent dip in accuracy; what operational bottlenecks are you currently facing? | 2. With the recent increase in errors, how is the current workload affecting your document review process? | 3. What additional training, resources, or system support do you need to improve these metrics next month?"
"loans: 58, accuracy: 85.0%, errors: 0",1. You are maintaining a steady baseline; what are your primary focus areas for the upcoming month? | 2. Are there any specific steps in the transaction process currently causing you friction? | 3. What new skills or cross-training areas would you like to explore to increase your overall output?
"loans: 125, accuracy: 70.6%, errors: 5","1. We noticed a recent dip in accuracy; what operational bottlenecks are you currently facing? | 2. With the recent increase in errors, how is the current workload affecting your document review process? | 3. What additional training, resources, or system support do you need to improve these metrics next month?"
"loans: 92, accuracy: 89.1%, errors: 4","1. We noticed a recent dip in accuracy; what operational bottlenecks are you currently facing? | 2. With the recent increase in errors, how is the current workload affecting your document review process? | 3. What additional training, resources, or system support do you need to improve these metrics next month?"
"loans: 65, accuracy: 98.4%, errors: 1",1. You are maintaining a steady baseline; what are your primary focus areas for the upcoming month? | 2. Are there any specific steps in the transaction process currently causing you friction? | 3. What new skills or cross-training areas would you like to explore to increase your overall output?
"loans: 134, accuracy: 95.1%, errors: 1",1. You have consistently exceeded volume targets; what specific workflows helped you achieve this? | 2. Your transaction accuracy is exceptional; how do you maintain this precision during peak hours? | 3. What best practices can you share with your peers to elevate overall team performance?
"loans: 71, accuracy: 85.8%, errors: 3","1. We noticed a recent dip in accuracy; what operational bottlenecks are you currently facing? | 2. With the recent increase in errors, how is the current workload affecting your document review process? | 3. What additional training, resources, or system support do you need to improve these metrics next month?"
"loans: 118, accuracy: 75.4%, errors: 6","1. We noticed a recent dip in accuracy; what operational bottlenecks are you currently facing? | 2. With the recent increase in errors, how is the current workload affecting your document review process? | 3. What additional training, resources, or system support do you need to improve these metrics next month?"
"loans: 156, accuracy: 99.9%, errors: 0",1. You have consistently exceeded volume targets; what specific workflows helped you achieve this? | 2. Your transaction accuracy is exceptional; how do you maintain this precision during peak hours? | 3. What best practices can you share with your peers to elevate overall team performance?
"loans: 68, accuracy: 96.0%, errors: 3","1. We noticed a recent dip in accuracy; what operational bottlenecks are you currently facing? | 2. With the recent increase in errors, how is the current workload affecting your document review process? | 3. What additional training, resources, or system support do you need to improve these metrics next month?"
"loans: 43, accuracy: 96.6%, errors: 0",1. You are maintaining a steady baseline; what are your primary focus areas for the upcoming month? | 2. Are there any specific steps in the transaction process currently causing you friction? | 3. What new skills or cross-training areas would you like to explore to increase your overall output?
"loans: 118, accuracy: 92.1%, errors: 4","1. We noticed a recent dip in accuracy; what operational bottlenecks are you currently facing? | 2. With the recent increase in errors, how is the current workload affecting your document review process? | 3. What additional training, resources, or system support do you need to improve these metrics next month?"
"loans: 160, accuracy: 88.6%, errors: 1",1. You are maintaining a steady baseline; what are your primary focus areas for the upcoming month? | 2. Are there any specific steps in the transaction process currently causing you friction? | 3. What new skills or cross-training areas would you like to explore to increase your overall output?
"loans: 129, accuracy: 90.3%, errors: 4","1. We noticed a recent dip in accuracy; what operational bottlenecks are you currently facing? | 2. With the recent increase in errors, how is the current workload affecting your document review process? | 3. What additional training, resources, or system support do you need to improve these metrics next month?"
"loans: 125, accuracy: 77.5%, errors: 6","1. We noticed a recent dip in accuracy; what operational bottlenecks are you currently facing? | 2. With the recent increase in errors, how is the current workload affecting your document review process? | 3. What additional training, resources, or system support do you need to improve these metrics next month?"
"loans: 153, accuracy: 80.1%, errors: 3","1. We noticed a recent dip in accuracy; what operational bottlenecks are you currently facing? | 2. With the recent increase in errors, how is the current workload affecting your document review process? | 3. What additional training, resources, or system support do you need to improve these metrics next month?"
"loans: 56, accuracy: 81.0%, errors: 0","1. We noticed a recent dip in accuracy; what operational bottlenecks are you currently facing? | 2. With the recent increase in errors, how is the current workload affecting your document review process? | 3. What additional training, resources, or system support do you need to improve these metrics next month?"
"loans: 65, accuracy: 95.3%, errors: 3","1. We noticed a recent dip in accuracy; what operational bottlenecks are you currently facing? | 2. With the recent increase in errors, how is the current workload affecting your document review process? | 3. What additional training, resources, or system support do you need to improve these metrics next month?"
"loans: 112, accuracy: 84.5%, errors: 2","1. We noticed a recent dip in accuracy; what operational bottlenecks are you currently facing? | 2. With the recent increase in errors, how is the current workload affecting your document review process? | 3. What additional training, resources, or system support do you need to improve these metrics next month?"
"loans: 114, accuracy: 93.3%, errors: 3","1. We noticed a recent dip in accuracy; what operational bottlenecks are you currently facing? | 2. With the recent increase in errors, how is the current workload affecting your document review process? | 3. What additional training, resources, or system support do you need to improve these metrics next month?"
"loans: 46, accuracy: 85.3%, errors: 3","1. We noticed a recent dip in accuracy; what operational bottlenecks are you currently facing? | 2. With the recent increase in errors, how is the current workload affecting your document review process? | 3. What additional training, resources, or system support do you need to improve these metrics next month?"
"loans: 49, accuracy: 77.5%, errors: 1","1. We noticed a recent dip in accuracy; what operational bottlenecks are you currently facing? | 2. With the recent increase in errors, how is the current workload affecting your document review process? | 3. What additional training, resources, or system support do you need to improve these metrics next month?"
"loans: 112, accuracy: 85.0%, errors: 1",1. You are maintaining a steady baseline; what are your primary focus areas for the upcoming month? | 2. Are there any specific steps in the transaction process currently causing you friction? | 3. What new skills or cross-training areas would you like to explore to increase your overall output?
"loans: 75, accuracy: 78.8%, errors: 4","1. We noticed a recent dip in accuracy; what operational bottlenecks are you currently facing? | 2. With the recent increase in errors, how is the current workload affecting your document review process? | 3. What additional training, resources, or system support do you need to improve these metrics next month?"
"loans: 64, accuracy: 79.6%, errors: 5","1. We noticed a recent dip in accuracy; what operational bottlenecks are you currently facing? | 2. With the recent increase in errors, how is the current workload affecting your document review process? | 3. What additional training, resources, or system support do you need to improve these metrics next month?"
"loans: 114, accuracy: 97.3%, errors: 0",1. You have consistently exceeded volume targets; what specific workflows helped you achieve this? | 2. Your transaction accuracy is exceptional; how do you maintain this precision during peak hours? | 3. What best practices can you share with your peers to elevate overall team performance?
"loans: 44, accuracy: 74.8%, errors: 5","1. We noticed a recent dip in accuracy; what operational bottlenecks are you currently facing? | 2. With the recent increase in errors, how is the current workload affecting your document review process? | 3. What additional training, resources, or system support do you need to improve these metrics next month?"
"loans: 132, accuracy: 96.5%, errors: 4","1. We noticed a recent dip in accuracy; what operational bottlenecks are you currently facing? | 2. With the recent increase in errors, how is the current workload affecting your document review process? | 3. What additional training, resources, or system support do you need to improve these metrics next month?"
"loans: 132, accuracy: 93.1%, errors: 1",1. You have consistently exceeded volume targets; what specific workflows helped you achieve this? | 2. Your transaction accuracy is exceptional; how do you maintain this precision during peak hours? | 3. What best practices can you share with your peers to elevate overall team performance?
"loans: 57, accuracy: 73.2%, errors: 0","1. We noticed a recent dip in accuracy; what operational bottlenecks are you currently facing? | 2. With the recent increase in errors, how is the current workload affecting your document review process? | 3. What additional training, resources, or system support do you need to improve these metrics next month?"
"loans: 157, accuracy: 75.8%, errors: 0","1. We noticed a recent dip in accuracy; what operational bottlenecks are you currently facing? | 2. With the recent increase in errors, how is the current workload affecting your document review process? | 3. What additional training, resources, or system support do you need to improve these metrics next month?"
"loans: 144, accuracy: 82.5%, errors: 3","1. We noticed a recent dip in accuracy; what operational bottlenecks are you currently facing? | 2. With the recent increase in errors, how is the current workload affecting your document review process? | 3. What additional training, resources, or system support do you need to improve these metrics next month?"
"loans: 74, accuracy: 71.7%, errors: 3","1. We noticed a recent dip in accuracy; what operational bottlenecks are you currently facing? | 2. With the recent increase in errors, how is the current workload affecting your document review process? | 3. What additional training, resources, or system support do you need to improve these metrics next month?"
"loans: 128, accuracy: 87.6%, errors: 5","1. We noticed a recent dip in accuracy; what operational bottlenecks are you currently facing? | 2. With the recent increase in errors, how is the current workload affecting your document review process? | 3. What additional training, resources, or system support do you need to improve these metrics next month?"
"loans: 47, accuracy: 93.1%, errors: 0",1. You are maintaining a steady baseline; what are your primary focus areas for the upcoming month? | 2. Are there any specific steps in the transaction process currently causing you friction? | 3. What new skills or cross-training areas would you like to explore to increase your overall output?
"loans: 54, accuracy: 73.9%, errors: 6","1. We noticed a recent dip in accuracy; what operational bottlenecks are you currently facing? | 2. With the recent increase in errors, how is the current workload affecting your document review process? | 3. What additional training, resources, or system support do you need to improve these metrics next month?"
"loans: 152, accuracy: 73.9%, errors: 0","1. We noticed a recent dip in accuracy; what operational bottlenecks are you currently facing? | 2. With the recent increase in errors, how is the current workload affecting your document review process? | 3. What additional training, resources, or system support do you need to improve these metrics next month?"
"loans: 123, accuracy: 89.6%, errors: 3","1. We noticed a recent dip in accuracy; what operational bottlenecks are you currently facing? | 2. With the recent increase in errors, how is the current workload affecting your document review process? | 3. What additional training, resources, or system support do you need to improve these metrics next month?"
"loans: 43, accuracy: 98.9%, errors: 3","1. We noticed a recent dip in accuracy; what operational bottlenecks are you currently facing? | 2. With the recent increase in errors, how is the current workload affecting your document review process? | 3. What additional training, resources, or system support do you need to improve these metrics next month?"
"loans: 74, accuracy: 76.0%, errors: 1","1. We noticed a recent dip in accuracy; what operational bottlenecks are you currently facing? | 2. With the recent increase in errors, how is the current workload affecting your document review process? | 3. What additional training, resources, or system support do you need to improve these metrics next month?"
"loans: 110, accuracy: 73.6%, errors: 3","1. We noticed a recent dip in accuracy; what operational bottlenecks are you currently facing? | 2. With the recent increase in errors, how is the current workload affecting your document review process? | 3. What additional training, resources, or system support do you need to improve these metrics next month?"
"loans: 66, accuracy: 72.1%, errors: 6","1. We noticed a recent dip in accuracy; what operational bottlenecks are you currently facing? | 2. With the recent increase in errors, how is the current workload affecting your document review process? | 3. What additional training, resources, or system support do you need to improve these metrics next month?"
"loans: 133, accuracy: 72.9%, errors: 6","1. We noticed a recent dip in accuracy; what operational bottlenecks are you currently facing? | 2. With the recent increase in errors, how is the current workload affecting your document review process? | 3. What additional training, resources, or system support do you need to improve these metrics next month?"
"loans: 98, accuracy: 98.0%, errors: 5","1. We noticed a recent dip in accuracy; what operational bottlenecks are you currently facing? | 2. With the recent increase in errors, how is the current workload affecting your document review process? | 3. What additional training, resources, or system support do you need to improve these metrics next month?"
"loans: 40, accuracy: 91.1%, errors: 3","1. We noticed a recent dip in accuracy; what operational bottlenecks are you currently facing? | 2. With the recent increase in errors, how is the current workload affecting your document review process? | 3. What additional training, resources, or system support do you need to improve these metrics next month?"
"loans: 44, accuracy: 92.9%, errors: 3","1. We noticed a recent dip in accuracy; what operational bottlenecks are you currently facing? | 2. With the recent increase in errors, how is the current workload affecting your document review process? | 3. What additional training, resources, or system support do you need to improve these metrics next month?"
"loans: 77, accuracy: 96.2%, errors: 3","1. We noticed a recent dip in accuracy; what operational bottlenecks are you currently facing? | 2. With the recent increase in errors, how is the current workload affecting your document review process? | 3. What additional training, resources, or system support do you need to improve these metrics next month?"
"loans: 94, accuracy: 75.4%, errors: 5","1. We noticed a recent dip in accuracy; what operational bottlenecks are you currently facing? | 2. With the recent increase in errors, how is the current workload affecting your document review process? | 3. What additional training, resources, or system support do you need to improve these metrics next month?"
"loans: 81, accuracy: 72.2%, errors: 3","1. We noticed a recent dip in accuracy; what operational bottlenecks are you currently facing? | 2. With the recent increase in errors, how is the current workload affecting your document review process? | 3. What additional training, resources, or system support do you need to improve these metrics next month?"
"loans: 52, accuracy: 89.7%, errors: 5","1. We noticed a recent dip in accuracy; what operational bottlenecks are you currently facing? | 2. With the recent increase in errors, how is the current workload affecting your document review process? | 3. What additional training, resources, or system support do you need to improve these metrics next month?"
"loans: 112, accuracy: 98.5%, errors: 5","1. We noticed a recent dip in accuracy; what operational bottlenecks are you currently facing? | 2. With the recent increase in errors, how is the current workload affecting your document review process? | 3. What additional training, resources, or system support do you need to improve these metrics next month?"
"loans: 114, accuracy: 95.5%, errors: 4","1. We noticed a recent dip in accuracy; what operational bottlenecks are you currently facing? | 2. With the recent increase in errors, how is the current workload affecting your document review process? | 3. What additional training, resources, or system support do you need to improve these metrics next month?"
"loans: 88, accuracy: 91.3%, errors: 0",1. You are maintaining a steady baseline; what are your primary focus areas for the upcoming month? | 2. Are there any specific steps in the transaction process currently causing you friction? | 3. What new skills or cross-training areas would you like to explore to increase your overall output?
"loans: 102, accuracy: 95.6%, errors: 3","1. We noticed a recent dip in accuracy; what operational bottlenecks are you currently facing? | 2. With the recent increase in errors, how is the current workload affecting your document review process? | 3. What additional training, resources, or system support do you need to improve these metrics next month?"
"loans: 82, accuracy: 81.0%, errors: 4","1. We noticed a recent dip in accuracy; what operational bottlenecks are you currently facing? | 2. With the recent increase in errors, how is the current workload affecting your document review process? | 3. What additional training, resources, or system support do you need to improve these metrics next month?"
"loans: 114, accuracy: 79.9%, errors: 5","1. We noticed a recent dip in accuracy; what operational bottlenecks are you currently facing? | 2. With the recent increase in errors, how is the current workload affecting your document review process? | 3. What additional training, resources, or system support do you need to improve these metrics next month?"
"loans: 42, accuracy: 77.5%, errors: 1","1. We noticed a recent dip in accuracy; what operational bottlenecks are you currently facing? | 2. With the recent increase in errors, how is the current workload affecting your document review process? | 3. What additional training, resources, or system support do you need to improve these metrics next month?"
"loans: 80, accuracy: 94.8%, errors: 6","1. We noticed a recent dip in accuracy; what operational bottlenecks are you currently facing? | 2. With the recent increase in errors, how is the current workload affecting your document review process? | 3. What additional training, resources, or system support do you need to improve these metrics next month?"
"loans: 96, accuracy: 80.6%, errors: 5","1. We noticed a recent dip in accuracy; what operational bottlenecks are you currently facing? | 2. With the recent increase in errors, how is the current workload affecting your document review process? | 3. What additional training, resources, or system support do you need to improve these metrics next month?"
"loans: 49, accuracy: 72.6%, errors: 0","1. We noticed a recent dip in accuracy; what operational bottlenecks are you currently facing? | 2. With the recent increase in errors, how is the current workload affecting your document review process? | 3. What additional training, resources, or system support do you need to improve these metrics next month?"
"loans: 116, accuracy: 86.4%, errors: 4","1. We noticed a recent dip in accuracy; what operational bottlenecks are you currently facing? | 2. With the recent increase in errors, how is the current workload affecting your document review process? | 3. What additional training, resources, or system support do you need to improve these metrics next month?"
"loans: 87, accuracy: 78.6%, errors: 4","1. We noticed a recent dip in accuracy; what operational bottlenecks are you currently facing? | 2. With the recent increase in errors, how is the current workload affecting your document review process? | 3. What additional training, resources, or system support do you need to improve these metrics next month?"
"loans: 138, accuracy: 73.6%, errors: 5","1. We noticed a recent dip in accuracy; what operational bottlenecks are you currently facing? | 2. With the recent increase in errors, how is the current workload affecting your document review process? | 3. What additional training, resources, or system support do you need to improve these metrics next month?"
"loans: 112, accuracy: 83.7%, errors: 1","1. We noticed a recent dip in accuracy; what operational bottlenecks are you currently facing? | 2. With the recent increase in errors, how is the current workload affecting your document review process? | 3. What additional training, resources, or system support do you need to improve these metrics next month?"
"loans: 134, accuracy: 91.1%, errors: 1",1. You have consistently exceeded volume targets; what specific workflows helped you achieve this? | 2. Your transaction accuracy is exceptional; how do you maintain this precision during peak hours? | 3. What best practices can you share with your peers to elevate overall team performance?
"loans: 112, accuracy: 83.7%, errors: 3","1. We noticed a recent dip in accuracy; what operational bottlenecks are you currently facing? | 2. With the recent increase in errors, how is the current workload affecting your document review process? | 3. What additional training, resources, or system support do you need to improve these metrics next month?"
"loans: 117, accuracy: 94.1%, errors: 1",1. You have consistently exceeded volume targets; what specific workflows helped you achieve this? | 2. Your transaction accuracy is exceptional; how do you maintain this precision during peak hours? | 3. What best practices can you share with your peers to elevate overall team performance?
"loans: 120, accuracy: 79.5%, errors: 1","1. We noticed a recent dip in accuracy; what operational bottlenecks are you currently facing? | 2. With the recent increase in errors, how is the current workload affecting your document review process? | 3. What additional training, resources, or system support do you need to improve these metrics next month?"
"loans: 68, accuracy: 77.8%, errors: 6","1. We noticed a recent dip in accuracy; what operational bottlenecks are you currently facing? | 2. With the recent increase in errors, how is the current workload affecting your document review process? | 3. What additional training, resources, or system support do you need to improve these metrics next month?"
"loans: 116, accuracy: 94.2%, errors: 0",1. You have consistently exceeded volume targets; what specific workflows helped you achieve this? | 2. Your transaction accuracy is exceptional; how do you maintain this precision during peak hours? | 3. What best practices can you share with your peers to elevate overall team performance?
"loans: 70, accuracy: 80.6%, errors: 5","1. We noticed a recent dip in accuracy; what operational bottlenecks are you currently facing? | 2. With the recent increase in errors, how is the current workload affecting your document review process? | 3. What additional training, resources, or system support do you need to improve these metrics next month?"
"loans: 75, accuracy: 93.2%, errors: 2",1. You are maintaining a steady baseline; what are your primary focus areas for the upcoming month? | 2. Are there any specific steps in the transaction process currently causing you friction? | 3. What new skills or cross-training areas would you like to explore to increase your overall output?
"loans: 49, accuracy: 99.7%, errors: 6","1. We noticed a recent dip in accuracy; what operational bottlenecks are you currently facing? | 2. With the recent increase in errors, how is the current workload affecting your document review process? | 3. What additional training, resources, or system support do you need to improve these metrics next month?"
"loans: 141, accuracy: 87.0%, errors: 6","1. We noticed a recent dip in accuracy; what operational bottlenecks are you currently facing? | 2. With the recent increase in errors, how is the current workload affecting your document review process? | 3. What additional training, resources, or system support do you need to improve these metrics next month?"
"loans: 136, accuracy: 70.4%, errors: 2","1. We noticed a recent dip in accuracy; what operational bottlenecks are you currently facing? | 2. With the recent increase in errors, how is the current workload affecting your document review process? | 3. What additional training, resources, or system support do you need to improve these metrics next month?"
"loans: 67, accuracy: 91.1%, errors: 5","1. We noticed a recent dip in accuracy; what operational bottlenecks are you currently facing? | 2. With the recent increase in errors, how is the current workload affecting your document review process? | 3. What additional training, resources, or system support do you need to improve these metrics next month?"
"loans: 86, accuracy: 84.8%, errors: 3","1. We noticed a recent dip in accuracy; what operational bottlenecks are you currently facing? | 2. With the recent increase in errors, how is the current workload affecting your document review process? | 3. What additional training, resources, or system support do you need to improve these metrics next month?"
"loans: 109, accuracy: 83.4%, errors: 6","1. We noticed a recent dip in accuracy; what operational bottlenecks are you currently facing? | 2. With the recent increase in errors, how is the current workload affecting your document review process? | 3. What additional training, resources, or system support do you need to improve these metrics next month?"
"loans: 139, accuracy: 89.3%, errors: 0",1. You are maintaining a steady baseline; what are your primary focus areas for the upcoming month? | 2. Are there any specific steps in the transaction process currently causing you friction? | 3. What new skills or cross-training areas would you like to explore to increase your overall output?
"loans: 59, accuracy: 75.4%, errors: 3","1. We noticed a recent dip in accuracy; what operational bottlenecks are you currently facing? | 2. With the recent increase in errors, how is the current workload affecting your document review process? | 3. What additional training, resources, or system support do you need to improve these metrics next month?"
"loans: 93, accuracy: 94.3%, errors: 2",1. You are maintaining a steady baseline; what are your primary focus areas for the upcoming month? | 2. Are there any specific steps in the transaction process currently causing you friction? | 3. What new skills or cross-training areas would you like to explore to increase your overall output?
"loans: 47, accuracy: 80.5%, errors: 5","1. We noticed a recent dip in accuracy; what operational bottlenecks are you currently facing? | 2. With the recent increase in errors, how is the current workload affecting your document review process? | 3. What additional training, resources, or system support do you need to improve these metrics next month?"
"loans: 56, accuracy: 97.1%, errors: 2",1. You are maintaining a steady baseline; what are your primary focus areas for the upcoming month? | 2. Are there any specific steps in the transaction process currently causing you friction? | 3. What new skills or cross-training areas would you like to explore to increase your overall output?
"loans: 109, accuracy: 98.4%, errors: 5","1. We noticed a recent dip in accuracy; what operational bottlenecks are you currently facing? | 2. With the recent increase in errors, how is the current workload affecting your document review process? | 3. What additional training, resources, or system support do you need to improve these metrics next month?"
"loans: 144, accuracy: 95.2%, errors: 3","1. We noticed a recent dip in accuracy; what operational bottlenecks are you currently facing? | 2. With the recent increase in errors, how is the current workload affecting your document review process? | 3. What additional training, resources, or system support do you need to improve these metrics next month?"
"loans: 138, accuracy: 95.9%, errors: 4","1. We noticed a recent dip in accuracy; what operational bottlenecks are you currently facing? | 2. With the recent increase in errors, how is the current workload affecting your document review process? | 3. What additional training, resources, or system support do you need to improve these metrics next month?"
"loans: 126, accuracy: 76.5%, errors: 2","1. We noticed a recent dip in accuracy; what operational bottlenecks are you currently facing? | 2. With the recent increase in errors, how is the current workload affecting your document review process? | 3. What additional training, resources, or system support do you need to improve these metrics next month?"
"loans: 128, accuracy: 87.8%, errors: 1",1. You are maintaining a steady baseline; what are your primary focus areas for the upcoming month? | 2. Are there any specific steps in the transaction process currently causing you friction? | 3. What new skills or cross-training areas would you like to explore to increase your overall output?
"loans: 158, accuracy: 82.0%, errors: 1","1. We noticed a recent dip in accuracy; what operational bottlenecks are you currently facing? | 2. With the recent increase in errors, how is the current workload affecting your document review process? | 3. What additional training, resources, or system support do you need to improve these metrics next month?"
"loans: 122, accuracy: 96.6%, errors: 0",1. You have consistently exceeded volume targets; what specific workflows helped you achieve this? | 2. Your transaction accuracy is exceptional; how do you maintain this precision during peak hours? | 3. What best practices can you share with your peers to elevate overall team performance?
"loans: 131, accuracy: 97.6%, errors: 5","1. We noticed a recent dip in accuracy; what operational bottlenecks are you currently facing? | 2. With the recent increase in errors, how is the current workload affecting your document review process? | 3. What additional training, resources, or system support do you need to improve these metrics next month?"
"loans: 150, accuracy: 92.9%, errors: 3","1. We noticed a recent dip in accuracy; what operational bottlenecks are you currently facing? | 2. With the recent increase in errors, how is the current workload affecting your document review process? | 3. What additional training, resources, or system support do you need to improve these metrics next month?"
"loans: 155, accuracy: 74.7%, errors: 1","1. We noticed a recent dip in accuracy; what operational bottlenecks are you currently facing? | 2. With the recent increase in errors, how is the current workload affecting your document review process? | 3. What additional training, resources, or system support do you need to improve these metrics next month?"
"loans: 118, accuracy: 72.9%, errors: 4","1. We noticed a recent dip in accuracy; what operational bottlenecks are you currently facing? | 2. With the recent increase in errors, how is the current workload affecting your document review process? | 3. What additional training, resources, or system support do you need to improve these metrics next month?"
"loans: 153, accuracy: 82.5%, errors: 4","1. We noticed a recent dip in accuracy; what operational bottlenecks are you currently facing? | 2. With the recent increase in errors, how is the current workload affecting your document review process? | 3. What additional training, resources, or system support do you need to improve these metrics next month?"
"loans: 153, accuracy: 75.4%, errors: 3","1. We noticed a recent dip in accuracy; what operational bottlenecks are you currently facing? | 2. With the recent increase in errors, how is the current workload affecting your document review process? | 3. What additional training, resources, or system support do you need to improve these metrics next month?"
"loans: 46, accuracy: 75.0%, errors: 1","1. We noticed a recent dip in accuracy; what operational bottlenecks are you currently facing? | 2. With the recent increase in errors, how is the current workload affecting your document review process? | 3. What additional training, resources, or system support do you need to improve these metrics next month?"
"loans: 49, accuracy: 98.7%, errors: 2",1. You are maintaining a steady baseline; what are your primary focus areas for the upcoming month? | 2. Are there any specific steps in the transaction process currently causing you friction? | 3. What new skills or cross-training areas would you like to explore to increase your overall output?
"loans: 64, accuracy: 74.4%, errors: 5","1. We noticed a recent dip in accuracy; what operational bottlenecks are you currently facing? | 2. With the recent increase in errors, how is the current workload affecting your document review process? | 3. What additional training, resources, or system support do you need to improve these metrics next month?"
"loans: 144, accuracy: 93.1%, errors: 5","1. We noticed a recent dip in accuracy; what operational bottlenecks are you currently facing? | 2. With the recent increase in errors, how is the current workload affecting your document review process? | 3. What additional training, resources, or system support do you need to improve these metrics next month?"
"loans: 136, accuracy: 70.3%, errors: 5","1. We noticed a recent dip in accuracy; what operational bottlenecks are you currently facing? | 2. With the recent increase in errors, how is the current workload affecting your document review process? | 3. What additional training, resources, or system support do you need to improve these metrics next month?"
"loans: 153, accuracy: 74.3%, errors: 6","1. We noticed a recent dip in accuracy; what operational bottlenecks are you currently facing? | 2. With the recent increase in errors, how is the current workload affecting your document review process? | 3. What additional training, resources, or system support do you need to improve these metrics next month?"
"loans: 46, accuracy: 87.4%, errors: 6","1. We noticed a recent dip in accuracy; what operational bottlenecks are you currently facing? | 2. With the recent increase in errors, how is the current workload affecting your document review process? | 3. What additional training, resources, or system support do you need to improve these metrics next month?"
"loans: 93, accuracy: 84.0%, errors: 3","1. We noticed a recent dip in accuracy; what operational bottlenecks are you currently facing? | 2. With the recent increase in errors, how is the current workload affecting your document review process? | 3. What additional training, resources, or system support do you need to improve these metrics next month?"
"loans: 105, accuracy: 74.4%, errors: 5","1. We noticed a recent dip in accuracy; what operational bottlenecks are you currently facing? | 2. With the recent increase in errors, how is the current workload affecting your document review process? | 3. What additional training, resources, or system support do you need to improve these metrics next month?"
"loans: 63, accuracy: 94.7%, errors: 1",1. You are maintaining a steady baseline; what are your primary focus areas for the upcoming month? | 2. Are there any specific steps in the transaction process currently causing you friction? | 3. What new skills or cross-training areas would you like to explore to increase your overall output?
"loans: 105, accuracy: 81.7%, errors: 0","1. We noticed a recent dip in accuracy; what operational bottlenecks are you currently facing? | 2. With the recent increase in errors, how is the current workload affecting your document review process? | 3. What additional training, resources, or system support do you need to improve these metrics next month?"
"loans: 91, accuracy: 78.2%, errors: 6","1. We noticed a recent dip in accuracy; what operational bottlenecks are you currently facing? | 2. With the recent increase in errors, how is the current workload affecting your document review process? | 3. What additional training, resources, or system support do you need to improve these metrics next month?"
"loans: 64, accuracy: 90.3%, errors: 0",1. You are maintaining a steady baseline; what are your primary focus areas for the upcoming month? | 2. Are there any specific steps in the transaction process currently causing you friction? | 3. What new skills or cross-training areas would you like to explore to increase your overall output?
"loans: 137, accuracy: 89.6%, errors: 0",1. You are maintaining a steady baseline; what are your primary focus areas for the upcoming month? | 2. Are there any specific steps in the transaction process currently causing you friction? | 3. What new skills or cross-training areas would you like to explore to increase your overall output?
"loans: 83, accuracy: 73.4%, errors: 3","1. We noticed a recent dip in accuracy; what operational bottlenecks are you currently facing? | 2. With the recent increase in errors, how is the current workload affecting your document review process? | 3. What additional training, resources, or system support do you need to improve these metrics next month?"
"loans: 52, accuracy: 91.9%, errors: 5","1. We noticed a recent dip in accuracy; what operational bottlenecks are you currently facing? | 2. With the recent increase in errors, how is the current workload affecting your document review process? | 3. What additional training, resources, or system support do you need to improve these metrics next month?"
"loans: 126, accuracy: 86.3%, errors: 6","1. We noticed a recent dip in accuracy; what operational bottlenecks are you currently facing? | 2. With the recent increase in errors, how is the current workload affecting your document review process? | 3. What additional training, resources, or system support do you need to improve these metrics next month?"
"loans: 134, accuracy: 98.4%, errors: 0",1. You have consistently exceeded volume targets; what specific workflows helped you achieve this? | 2. Your transaction accuracy is exceptional; how do you maintain this precision during peak hours? | 3. What best practices can you share with your peers to elevate overall team performance?
"loans: 146, accuracy: 84.8%, errors: 2","1. We noticed a recent dip in accuracy; what operational bottlenecks are you currently facing? | 2. With the recent increase in errors, how is the current workload affecting your document review process? | 3. What additional training, resources, or system support do you need to improve these metrics next month?"
"loans: 101, accuracy: 81.9%, errors: 2","1. We noticed a recent dip in accuracy; what operational bottlenecks are you currently facing? | 2. With the recent increase in errors, how is the current workload affecting your document review process? | 3. What additional training, resources, or system support do you need to improve these metrics next month?"
"loans: 45, accuracy: 79.8%, errors: 1","1. We noticed a recent dip in accuracy; what operational bottlenecks are you currently facing? | 2. With the recent increase in errors, how is the current workload affecting your document review process? | 3. What additional training, resources, or system support do you need to improve these metrics next month?"
"loans: 53, accuracy: 71.0%, errors: 5","1. We noticed a recent dip in accuracy; what operational bottlenecks are you currently facing? | 2. With the recent increase in errors, how is the current workload affecting your document review process? | 3. What additional training, resources, or system support do you need to improve these metrics next month?"
"loans: 149, accuracy: 91.5%, errors: 4","1. We noticed a recent dip in accuracy; what operational bottlenecks are you currently facing? | 2. With the recent increase in errors, how is the current workload affecting your document review process? | 3. What additional training, resources, or system support do you need to improve these metrics next month?"
"loans: 119, accuracy: 73.1%, errors: 2","1. We noticed a recent dip in accuracy; what operational bottlenecks are you currently facing? | 2. With the recent increase in errors, how is the current workload affecting your document review process? | 3. What additional training, resources, or system support do you need to improve these metrics next month?"
"loans: 126, accuracy: 94.3%, errors: 3","1. We noticed a recent dip in accuracy; what operational bottlenecks are you currently facing? | 2. With the recent increase in errors, how is the current workload affecting your document review process? | 3. What additional training, resources, or system support do you need to improve these metrics next month?"
"loans: 158, accuracy: 95.5%, errors: 0",1. You have consistently exceeded volume targets; what specific workflows helped you achieve this? | 2. Your transaction accuracy is exceptional; how do you maintain this precision during peak hours? | 3. What best practices can you share with your peers to elevate overall team performance?
"loans: 107, accuracy: 87.3%, errors: 1",1. You are maintaining a steady baseline; what are your primary focus areas for the upcoming month? | 2. Are there any specific steps in the transaction process currently causing you friction? | 3. What new skills or cross-training areas would you like to explore to increase your overall output?
"loans: 107, accuracy: 78.2%, errors: 6","1. We noticed a recent dip in accuracy; what operational bottlenecks are you currently facing? | 2. With the recent increase in errors, how is the current workload affecting your document review process? | 3. What additional training, resources, or system support do you need to improve these metrics next month?"
"loans: 56, accuracy: 81.7%, errors: 1","1. We noticed a recent dip in accuracy; what operational bottlenecks are you currently facing? | 2. With the recent increase in errors, how is the current workload affecting your document review process? | 3. What additional training, resources, or system support do you need to improve these metrics next month?"
"loans: 150, accuracy: 81.3%, errors: 6","1. We noticed a recent dip in accuracy; what operational bottlenecks are you currently facing? | 2. With the recent increase in errors, how is the current workload affecting your document review process? | 3. What additional training, resources, or system support do you need to improve these metrics next month?"
"loans: 75, accuracy: 89.9%, errors: 3","1. We noticed a recent dip in accuracy; what operational bottlenecks are you currently facing? | 2. With the recent increase in errors, how is the current workload affecting your document review process? | 3. What additional training, resources, or system support do you need to improve these metrics next month?"
"loans: 76, accuracy: 78.4%, errors: 0","1. We noticed a recent dip in accuracy; what operational bottlenecks are you currently facing? | 2. With the recent increase in errors, how is the current workload affecting your document review process? | 3. What additional training, resources, or system support do you need to improve these metrics next month?"
"loans: 96, accuracy: 96.8%, errors: 4","1. We noticed a recent dip in accuracy; what operational bottlenecks are you currently facing? | 2. With the recent increase in errors, how is the current workload affecting your document review process? | 3. What additional training, resources, or system support do you need to improve these metrics next month?"
"loans: 116, accuracy: 92.6%, errors: 6","1. We noticed a recent dip in accuracy; what operational bottlenecks are you currently facing? | 2. With the recent increase in errors, how is the current workload affecting your document review process? | 3. What additional training, resources, or system support do you need to improve these metrics next month?"
"loans: 138, accuracy: 87.3%, errors: 5","1. We noticed a recent dip in accuracy; what operational bottlenecks are you currently facing? | 2. With the recent increase in errors, how is the current workload affecting your document review process? | 3. What additional training, resources, or system support do you need to improve these metrics next month?"
"loans: 80, accuracy: 96.6%, errors: 3","1. We noticed a recent dip in accuracy; what operational bottlenecks are you currently facing? | 2. With the recent increase in errors, how is the current workload affecting your document review process? | 3. What additional training, resources, or system support do you need to improve these metrics next month?"
"loans: 128, accuracy: 75.9%, errors: 4","1. We noticed a recent dip in accuracy; what operational bottlenecks are you currently facing? | 2. With the recent increase in errors, how is the current workload affecting your document review process? | 3. What additional training, resources, or system support do you need to improve these metrics next month?"
"loans: 64, accuracy: 81.3%, errors: 3","1. We noticed a recent dip in accuracy; what operational bottlenecks are you currently facing? | 2. With the recent increase in errors, how is the current workload affecting your document review process? | 3. What additional training, resources, or system support do you need to improve these metrics next month?"
"loans: 135, accuracy: 99.7%, errors: 3","1. We noticed a recent dip in accuracy; what operational bottlenecks are you currently facing? | 2. With the recent increase in errors, how is the current workload affecting your document review process? | 3. What additional training, resources, or system support do you need to improve these metrics next month?"
"loans: 48, accuracy: 89.7%, errors: 0",1. You are maintaining a steady baseline; what are your primary focus areas for the upcoming month? | 2. Are there any specific steps in the transaction process currently causing you friction? | 3. What new skills or cross-training areas would you like to explore to increase your overall output?
"loans: 116, accuracy: 79.4%, errors: 5","1. We noticed a recent dip in accuracy; what operational bottlenecks are you currently facing? | 2. With the recent increase in errors, how is the current workload affecting your document review process? | 3. What additional training, resources, or system support do you need to improve these metrics next month?"
"loans: 120, accuracy: 96.6%, errors: 3","1. We noticed a recent dip in accuracy; what operational bottlenecks are you currently facing? | 2. With the recent increase in errors, how is the current workload affecting your document review process? | 3. What additional training, resources, or system support do you need to improve these metrics next month?"
"loans: 140, accuracy: 75.6%, errors: 4","1. We noticed a recent dip in accuracy; what operational bottlenecks are you currently facing? | 2. With the recent increase in errors, how is the current workload affecting your document review process? | 3. What additional training, resources, or system support do you need to improve these metrics next month?"
"loans: 41, accuracy: 72.6%, errors: 1","1. We noticed a recent dip in accuracy; what operational bottlenecks are you currently facing? | 2. With the recent increase in errors, how is the current workload affecting your document review process? | 3. What additional training, resources, or system support do you need to improve these metrics next month?"
"loans: 133, accuracy: 96.4%, errors: 6","1. We noticed a recent dip in accuracy; what operational bottlenecks are you currently facing? | 2. With the recent increase in errors, how is the current workload affecting your document review process? | 3. What additional training, resources, or system support do you need to improve these metrics next month?"
"loans: 82, accuracy: 88.7%, errors: 2",1. You are maintaining a steady baseline; what are your primary focus areas for the upcoming month? | 2. Are there any specific steps in the transaction process currently causing you friction? | 3. What new skills or cross-training areas would you like to explore to increase your overall output?
"loans: 111, accuracy: 81.2%, errors: 1","1. We noticed a recent dip in accuracy; what operational bottlenecks are you currently facing? | 2. With the recent increase in errors, how is the current workload affecting your document review process? | 3. What additional training, resources, or system support do you need to improve these metrics next month?"
"loans: 150, accuracy: 88.1%, errors: 4","1. We noticed a recent dip in accuracy; what operational bottlenecks are you currently facing? | 2. With the recent increase in errors, how is the current workload affecting your document review process? | 3. What additional training, resources, or system support do you need to improve these metrics next month?"
"loans: 79, accuracy: 96.2%, errors: 6","1. We noticed a recent dip in accuracy; what operational bottlenecks are you currently facing? | 2. With the recent increase in errors, how is the current workload affecting your document review process? | 3. What additional training, resources, or system support do you need to improve these metrics next month?"
"loans: 104, accuracy: 76.7%, errors: 3","1. We noticed a recent dip in accuracy; what operational bottlenecks are you currently facing? | 2. With the recent increase in errors, how is the current workload affecting your document review process? | 3. What additional training, resources, or system support do you need to improve these metrics next month?"
"loans: 121, accuracy: 82.0%, errors: 4","1. We noticed a recent dip in accuracy; what operational bottlenecks are you currently facing? | 2. With the recent increase in errors, how is the current workload affecting your document review process? | 3. What additional training, resources, or system support do you need to improve these metrics next month?"
"loans: 46, accuracy: 85.6%, errors: 5","1. We noticed a recent dip in accuracy; what operational bottlenecks are you currently facing? | 2. With the recent increase in errors, how is the current workload affecting your document review process? | 3. What additional training, resources, or system support do you need to improve these metrics next month?"
"loans: 127, accuracy: 84.3%, errors: 6","1. We noticed a recent dip in accuracy; what operational bottlenecks are you currently facing? | 2. With the recent increase in errors, how is the current workload affecting your document review process? | 3. What additional training, resources, or system support do you need to improve these metrics next month?"
"loans: 69, accuracy: 78.6%, errors: 1","1. We noticed a recent dip in accuracy; what operational bottlenecks are you currently facing? | 2. With the recent increase in errors, how is the current workload affecting your document review process? | 3. What additional training, resources, or system support do you need to improve these metrics next month?"
"loans: 54, accuracy: 96.3%, errors: 1",1. You are maintaining a steady baseline; what are your primary focus areas for the upcoming month? | 2. Are there any specific steps in the transaction process currently causing you friction? | 3. What new skills or cross-training areas would you like to explore to increase your overall output?
"loans: 108, accuracy: 81.8%, errors: 5","1. We noticed a recent dip in accuracy; what operational bottlenecks are you currently facing? | 2. With the recent increase in errors, how is the current workload affecting your document review process? | 3. What additional training, resources, or system support do you need to improve these metrics next month?"
"loans: 48, accuracy: 97.6%, errors: 2",1. You are maintaining a steady baseline; what are your primary focus areas for the upcoming month? | 2. Are there any specific steps in the transaction process currently causing you friction? | 3. What new skills or cross-training areas would you like to explore to increase your overall output?
"loans: 40, accuracy: 81.9%, errors: 0","1. We noticed a recent dip in accuracy; what operational bottlenecks are you currently facing? | 2. With the recent increase in errors, how is the current workload affecting your document review process? | 3. What additional training, resources, or system support do you need to improve these metrics next month?"
"loans: 146, accuracy: 72.5%, errors: 0","1. We noticed a recent dip in accuracy; what operational bottlenecks are you currently facing? | 2. With the recent increase in errors, how is the current workload affecting your document review process? | 3. What additional training, resources, or system support do you need to improve these metrics next month?"
"loans: 100, accuracy: 88.7%, errors: 2",1. You are maintaining a steady baseline; what are your primary focus areas for the upcoming month? | 2. Are there any specific steps in the transaction process currently causing you friction? | 3. What new skills or cross-training areas would you like to explore to increase your overall output?
"loans: 107, accuracy: 92.6%, errors: 1",1. You are maintaining a steady baseline; what are your primary focus areas for the upcoming month? | 2. Are there any specific steps in the transaction process currently causing you friction? | 3. What new skills or cross-training areas would you like to explore to increase your overall output?
"loans: 93, accuracy: 71.2%, errors: 3","1. We noticed a recent dip in accuracy; what operational bottlenecks are you currently facing? | 2. With the recent increase in errors, how is the current workload affecting your document review process? | 3. What additional training, resources, or system support do you need to improve these metrics next month?"
"loans: 99, accuracy: 81.2%, errors: 6","1. We noticed a recent dip in accuracy; what operational bottlenecks are you currently facing? | 2. With the recent increase in errors, how is the current workload affecting your document review process? | 3. What additional training, resources, or system support do you need to improve these metrics next month?"
"loans: 125, accuracy: 78.2%, errors: 6","1. We noticed a recent dip in accuracy; what operational bottlenecks are you currently facing? | 2. With the recent increase in errors, how is the current workload affecting your document review process? | 3. What additional training, resources, or system support do you need to improve these metrics next month?"
"loans: 153, accuracy: 86.5%, errors: 2",1. You are maintaining a steady baseline; what are your primary focus areas for the upcoming month? | 2. Are there any specific steps in the transaction process currently causing you friction? | 3. What new skills or cross-training areas would you like to explore to increase your overall output?
"loans: 43, accuracy: 74.6%, errors: 6","1. We noticed a recent dip in accuracy; what operational bottlenecks are you currently facing? | 2. With the recent increase in errors, how is the current workload affecting your document review process? | 3. What additional training, resources, or system support do you need to improve these metrics next month?"
"loans: 48, accuracy: 87.7%, errors: 2",1. You are maintaining a steady baseline; what are your primary focus areas for the upcoming month? | 2. Are there any specific steps in the transaction process currently causing you friction? | 3. What new skills or cross-training areas would you like to explore to increase your overall output?
"loans: 130, accuracy: 90.3%, errors: 1",1. You have consistently exceeded volume targets; what specific workflows helped you achieve this? | 2. Your transaction accuracy is exceptional; how do you maintain this precision during peak hours? | 3. What best practices can you share with your peers to elevate overall team performance?
"loans: 160, accuracy: 93.6%, errors: 5","1. We noticed a recent dip in accuracy; what operational bottlenecks are you currently facing? | 2. With the recent increase in errors, how is the current workload affecting your document review process? | 3. What additional training, resources, or system support do you need to improve these metrics next month?"
"loans: 53, accuracy: 97.0%, errors: 2",1. You are maintaining a steady baseline; what are your primary focus areas for the upcoming month? | 2. Are there any specific steps in the transaction process currently causing you friction? | 3. What new skills or cross-training areas would you like to explore to increase your overall output?
"loans: 50, accuracy: 95.8%, errors: 1",1. You are maintaining a steady baseline; what are your primary focus areas for the upcoming month? | 2. Are there any specific steps in the transaction process currently causing you friction? | 3. What new skills or cross-training areas would you like to explore to increase your overall output?
"loans: 92, accuracy: 70.9%, errors: 1","1. We noticed a recent dip in accuracy; what operational bottlenecks are you currently facing? | 2. With the recent increase in errors, how is the current workload affecting your document review process? | 3. What additional training, resources, or system support do you need to improve these metrics next month?"
"loans: 61, accuracy: 75.8%, errors: 0","1. We noticed a recent dip in accuracy; what operational bottlenecks are you currently facing? | 2. With the recent increase in errors, how is the current workload affecting your document review process? | 3. What additional training, resources, or system support do you need to improve these metrics next month?"
"loans: 140, accuracy: 96.6%, errors: 5","1. We noticed a recent dip in accuracy; what operational bottlenecks are you currently facing? | 2. With the recent increase in errors, how is the current workload affecting your document review process? | 3. What additional training, resources, or system support do you need to improve these metrics next month?"
"loans: 138, accuracy: 87.4%, errors: 4","1. We noticed a recent dip in accuracy; what operational bottlenecks are you currently facing? | 2. With the recent increase in errors, how is the current workload affecting your document review process? | 3. What additional training, resources, or system support do you need to improve these metrics next month?"
"loans: 98, accuracy: 72.9%, errors: 4","1. We noticed a recent dip in accuracy; what operational bottlenecks are you currently facing? | 2. With the recent increase in errors, how is the current workload affecting your document review process? | 3. What additional training, resources, or system support do you need to improve these metrics next month?"
"loans: 139, accuracy: 71.8%, errors: 5","1. We noticed a recent dip in accuracy; what operational bottlenecks are you currently facing? | 2. With the recent increase in errors, how is the current workload affecting your document review process? | 3. What additional training, resources, or system support do you need to improve these metrics next month?"
"loans: 126, accuracy: 87.1%, errors: 6","1. We noticed a recent dip in accuracy; what operational bottlenecks are you currently facing? | 2. With the recent increase in errors, how is the current workload affecting your document review process? | 3. What additional training, resources, or system support do you need to improve these metrics next month?"
"loans: 108, accuracy: 96.6%, errors: 1",1. You are maintaining a steady baseline; what are your primary focus areas for the upcoming month? | 2. Are there any specific steps in the transaction process currently causing you friction? | 3. What new skills or cross-training areas would you like to explore to increase your overall output?
"loans: 102, accuracy: 92.2%, errors: 1",1. You are maintaining a steady baseline; what are your primary focus areas for the upcoming month? | 2. Are there any specific steps in the transaction process currently causing you friction? | 3. What new skills or cross-training areas would you like to explore to increase your overall output?
"loans: 86, accuracy: 76.9%, errors: 3","1. We noticed a recent dip in accuracy; what operational bottlenecks are you currently facing? | 2. With the recent increase in errors, how is the current workload affecting your document review process? | 3. What additional training, resources, or system support do you need to improve these metrics next month?"
"loans: 41, accuracy: 84.8%, errors: 3","1. We noticed a recent dip in accuracy; what operational bottlenecks are you currently facing? | 2. With the recent increase in errors, how is the current workload affecting your document review process? | 3. What additional training, resources, or system support do you need to improve these metrics next month?"
"loans: 133, accuracy: 95.4%, errors: 6","1. We noticed a recent dip in accuracy; what operational bottlenecks are you currently facing? | 2. With the recent increase in errors, how is the current workload affecting your document review process? | 3. What additional training, resources, or system support do you need to improve these metrics next month?"
"loans: 53, accuracy: 75.3%, errors: 0","1. We noticed a recent dip in accuracy; what operational bottlenecks are you currently facing? | 2. With the recent increase in errors, how is the current workload affecting your document review process? | 3. What additional training, resources, or system support do you need to improve these metrics next month?"
"loans: 90, accuracy: 88.0%, errors: 2",1. You are maintaining a steady baseline; what are your primary focus areas for the upcoming month? | 2. Are there any specific steps in the transaction process currently causing you friction? | 3. What new skills or cross-training areas would you like to explore to increase your overall output?
"loans: 158, accuracy: 74.7%, errors: 4","1. We noticed a recent dip in accuracy; what operational bottlenecks are you currently facing? | 2. With the recent increase in errors, how is the current workload affecting your document review process? | 3. What additional training, resources, or system support do you need to improve these metrics next month?"
"loans: 80, accuracy: 84.0%, errors: 2","1. We noticed a recent dip in accuracy; what operational bottlenecks are you currently facing? | 2. With the recent increase in errors, how is the current workload affecting your document review process? | 3. What additional training, resources, or system support do you need to improve these metrics next month?"
"loans: 51, accuracy: 75.7%, errors: 0","1. We noticed a recent dip in accuracy; what operational bottlenecks are you currently facing? | 2. With the recent increase in errors, how is the current workload affecting your document review process? | 3. What additional training, resources, or system support do you need to improve these metrics next month?"
"loans: 142, accuracy: 92.6%, errors: 3","1. We noticed a recent dip in accuracy; what operational bottlenecks are you currently facing? | 2. With the recent increase in errors, how is the current workload affecting your document review process? | 3. What additional training, resources, or system support do you need to improve these metrics next month?"
"loans: 118, accuracy: 94.8%, errors: 0",1. You have consistently exceeded volume targets; what specific workflows helped you achieve this? | 2. Your transaction accuracy is exceptional; how do you maintain this precision during peak hours? | 3. What best practices can you share with your peers to elevate overall team performance?
"loans: 115, accuracy: 98.4%, errors: 4","1. We noticed a recent dip in accuracy; what operational bottlenecks are you currently facing? | 2. With the recent increase in errors, how is the current workload affecting your document review process? | 3. What additional training, resources, or system support do you need to improve these metrics next month?"
"loans: 99, accuracy: 81.6%, errors: 6","1. We noticed a recent dip in accuracy; what operational bottlenecks are you currently facing? | 2. With the recent increase in errors, how is the current workload affecting your document review process? | 3. What additional training, resources, or system support do you need to improve these metrics next month?"
"loans: 94, accuracy: 87.0%, errors: 0",1. You are maintaining a steady baseline; what are your primary focus areas for the upcoming month? | 2. Are there any specific steps in the transaction process currently causing you friction? | 3. What new skills or cross-training areas would you like to explore to increase your overall output?
"loans: 67, accuracy: 77.1%, errors: 6","1. We noticed a recent dip in accuracy; what operational bottlenecks are you currently facing? | 2. With the recent increase in errors, how is the current workload affecting your document review process? | 3. What additional training, resources, or system support do you need to improve these metrics next month?"
"loans: 89, accuracy: 97.5%, errors: 2",1. You are maintaining a steady baseline; what are your primary focus areas for the upcoming month? | 2. Are there any specific steps in the transaction process currently causing you friction? | 3. What new skills or cross-training areas would you like to explore to increase your overall output?
"loans: 112, accuracy: 91.3%, errors: 3","1. We noticed a recent dip in accuracy; what operational bottlenecks are you currently facing? | 2. With the recent increase in errors, how is the current workload affecting your document review process? | 3. What additional training, resources, or system support do you need to improve these metrics next month?"
"loans: 87, accuracy: 80.2%, errors: 6","1. We noticed a recent dip in accuracy; what operational bottlenecks are you currently facing? | 2. With the recent increase in errors, how is the current workload affecting your document review process? | 3. What additional training, resources, or system support do you need to improve these metrics next month?"
"loans: 41, accuracy: 74.1%, errors: 4","1. We noticed a recent dip in accuracy; what operational bottlenecks are you currently facing? | 2. With the recent increase in errors, how is the current workload affecting your document review process? | 3. What additional training, resources, or system support do you need to improve these metrics next month?"
"loans: 54, accuracy: 90.4%, errors: 1",1. You are maintaining a steady baseline; what are your primary focus areas for the upcoming month? | 2. Are there any specific steps in the transaction process currently causing you friction? | 3. What new skills or cross-training areas would you like to explore to increase your overall output?
"loans: 97, accuracy: 81.2%, errors: 1","1. We noticed a recent dip in accuracy; what operational bottlenecks are you currently facing? | 2. With the recent increase in errors, how is the current workload affecting your document review process? | 3. What additional training, resources, or system support do you need to improve these metrics next month?"
"loans: 50, accuracy: 83.1%, errors: 3","1. We noticed a recent dip in accuracy; what operational bottlenecks are you currently facing? | 2. With the recent increase in errors, how is the current workload affecting your document review process? | 3. What additional training, resources, or system support do you need to improve these metrics next month?"
"loans: 107, accuracy: 80.3%, errors: 3","1. We noticed a recent dip in accuracy; what operational bottlenecks are you currently facing? | 2. With the recent increase in errors, how is the current workload affecting your document review process? | 3. What additional training, resources, or system support do you need to improve these metrics next month?"
"loans: 140, accuracy: 85.5%, errors: 3","1. We noticed a recent dip in accuracy; what operational bottlenecks are you currently facing? | 2. With the recent increase in errors, how is the current workload affecting your document review process? | 3. What additional training, resources, or system support do you need to improve these metrics next month?"
"loans: 145, accuracy: 70.4%, errors: 5","1. We noticed a recent dip in accuracy; what operational bottlenecks are you currently facing? | 2. With the recent increase in errors, how is the current workload affecting your document review process? | 3. What additional training, resources, or system support do you need to improve these metrics next month?"
"loans: 45, accuracy: 95.0%, errors: 1",1. You are maintaining a steady baseline; what are your primary focus areas for the upcoming month? | 2. Are there any specific steps in the transaction process currently causing you friction? | 3. What new skills or cross-training areas would you like to explore to increase your overall output?
"loans: 104, accuracy: 77.8%, errors: 5","1. We noticed a recent dip in accuracy; what operational bottlenecks are you currently facing? | 2. With the recent increase in errors, how is the current workload affecting your document review process? | 3. What additional training, resources, or system support do you need to improve these metrics next month?"
"loans: 87, accuracy: 98.9%, errors: 6","1. We noticed a recent dip in accuracy; what operational bottlenecks are you currently facing? | 2. With the recent increase in errors, how is the current workload affecting your document review process? | 3. What additional training, resources, or system support do you need to improve these metrics next month?"
"loans: 157, accuracy: 91.5%, errors: 0",1. You have consistently exceeded volume targets; what specific workflows helped you achieve this? | 2. Your transaction accuracy is exceptional; how do you maintain this precision during peak hours? | 3. What best practices can you share with your peers to elevate overall team performance?
"loans: 129, accuracy: 81.8%, errors: 5","1. We noticed a recent dip in accuracy; what operational bottlenecks are you currently facing? | 2. With the recent increase in errors, how is the current workload affecting your document review process? | 3. What additional training, resources, or system support do you need to improve these metrics next month?"
"loans: 61, accuracy: 93.4%, errors: 0",1. You are maintaining a steady baseline; what are your primary focus areas for the upcoming month? | 2. Are there any specific steps in the transaction process currently causing you friction? | 3. What new skills or cross-training areas would you like to explore to increase your overall output?
"loans: 116, accuracy: 72.4%, errors: 4","1. We noticed a recent dip in accuracy; what operational bottlenecks are you currently facing? | 2. With the recent increase in errors, how is the current workload affecting your document review process? | 3. What additional training, resources, or system support do you need to improve these metrics next month?"
"loans: 159, accuracy: 72.7%, errors: 1","1. We noticed a recent dip in accuracy; what operational bottlenecks are you currently facing? | 2. With the recent increase in errors, how is the current workload affecting your document review process? | 3. What additional training, resources, or system support do you need to improve these metrics next month?"
"loans: 115, accuracy: 81.3%, errors: 3","1. We noticed a recent dip in accuracy; what operational bottlenecks are you currently facing? | 2. With the recent increase in errors, how is the current workload affecting your document review process? | 3. What additional training, resources, or system support do you need to improve these metrics next month?"
"loans: 118, accuracy: 73.2%, errors: 6","1. We noticed a recent dip in accuracy; what operational bottlenecks are you currently facing? | 2. With the recent increase in errors, how is the current workload affecting your document review process? | 3. What additional training, resources, or system support do you need to improve these metrics next month?"
"loans: 74, accuracy: 93.7%, errors: 5","1. We noticed a recent dip in accuracy; what operational bottlenecks are you currently facing? | 2. With the recent increase in errors, how is the current workload affecting your document review process? | 3. What additional training, resources, or system support do you need to improve these metrics next month?"
"loans: 74, accuracy: 86.7%, errors: 0",1. You are maintaining a steady baseline; what are your primary focus areas for the upcoming month? | 2. Are there any specific steps in the transaction process currently causing you friction? | 3. What new skills or cross-training areas would you like to explore to increase your overall output?
"loans: 147, accuracy: 79.8%, errors: 3","1. We noticed a recent dip in accuracy; what operational bottlenecks are you currently facing? | 2. With the recent increase in errors, how is the current workload affecting your document review process? | 3. What additional training, resources, or system support do you need to improve these metrics next month?"
"loans: 129, accuracy: 91.3%, errors: 0",1. You have consistently exceeded volume targets; what specific workflows helped you achieve this? | 2. Your transaction accuracy is exceptional; how do you maintain this precision during peak hours? | 3. What best practices can you share with your peers to elevate overall team performance?
"loans: 154, accuracy: 81.3%, errors: 0","1. We noticed a recent dip in accuracy; what operational bottlenecks are you currently facing? | 2. With the recent increase in errors, how is the current workload affecting your document review process? | 3. What additional training, resources, or system support do you need to improve these metrics next month?"
"loans: 72, accuracy: 82.3%, errors: 4","1. We noticed a recent dip in accuracy; what operational bottlenecks are you currently facing? | 2. With the recent increase in errors, how is the current workload affecting your document review process? | 3. What additional training, resources, or system support do you need to improve these metrics next month?"
"loans: 84, accuracy: 87.9%, errors: 0",1. You are maintaining a steady baseline; what are your primary focus areas for the upcoming month? | 2. Are there any specific steps in the transaction process currently causing you friction? | 3. What new skills or cross-training areas would you like to explore to increase your overall output?
"loans: 142, accuracy: 79.2%, errors: 3","1. We noticed a recent dip in accuracy; what operational bottlenecks are you currently facing? | 2. With the recent increase in errors, how is the current workload affecting your document review process? | 3. What additional training, resources, or system support do you need to improve these metrics next month?"
"loans: 101, accuracy: 85.4%, errors: 2",1. You are maintaining a steady baseline; what are your primary focus areas for the upcoming month? | 2. Are there any specific steps in the transaction process currently causing you friction? | 3. What new skills or cross-training areas would you like to explore to increase your overall output?
"loans: 90, accuracy: 80.9%, errors: 0","1. We noticed a recent dip in accuracy; what operational bottlenecks are you currently facing? | 2. With the recent increase in errors, how is the current workload affecting your document review process? | 3. What additional training, resources, or system support do you need to improve these metrics next month?"
"loans: 89, accuracy: 99.5%, errors: 4","1. We noticed a recent dip in accuracy; what operational bottlenecks are you currently facing? | 2. With the recent increase in errors, how is the current workload affecting your document review process? | 3. What additional training, resources, or system support do you need to improve these metrics next month?"
"loans: 91, accuracy: 83.7%, errors: 5","1. We noticed a recent dip in accuracy; what operational bottlenecks are you currently facing? | 2. With the recent increase in errors, how is the current workload affecting your document review process? | 3. What additional training, resources, or system support do you need to improve these metrics next month?"
"loans: 49, accuracy: 81.8%, errors: 1","1. We noticed a recent dip in accuracy; what operational bottlenecks are you currently facing? | 2. With the recent increase in errors, how is the current workload affecting your document review process? | 3. What additional training, resources, or system support do you need to improve these metrics next month?"
"loans: 58, accuracy: 90.9%, errors: 0",1. You are maintaining a steady baseline; what are your primary focus areas for the upcoming month? | 2. Are there any specific steps in the transaction process currently causing you friction? | 3. What new skills or cross-training areas would you like to explore to increase your overall output?
"loans: 143, accuracy: 73.7%, errors: 5","1. We noticed a recent dip in accuracy; what operational bottlenecks are you currently facing? | 2. With the recent increase in errors, how is the current workload affecting your document review process? | 3. What additional training, resources, or system support do you need to improve these metrics next month?"
"loans: 49, accuracy: 75.0%, errors: 1","1. We noticed a recent dip in accuracy; what operational bottlenecks are you currently facing? | 2. With the recent increase in errors, how is the current workload affecting your document review process? | 3. What additional training, resources, or system support do you need to improve these metrics next month?"
"loans: 148, accuracy: 71.2%, errors: 3","1. We noticed a recent dip in accuracy; what operational bottlenecks are you currently facing? | 2. With the recent increase in errors, how is the current workload affecting your document review process? | 3. What additional training, resources, or system support do you need to improve these metrics next month?"
"loans: 142, accuracy: 99.8%, errors: 4","1. We noticed a recent dip in accuracy; what operational bottlenecks are you currently facing? | 2. With the recent increase in errors, how is the current workload affecting your document review process? | 3. What additional training, resources, or system support do you need to improve these metrics next month?"
"loans: 70, accuracy: 84.9%, errors: 6","1. We noticed a recent dip in accuracy; what operational bottlenecks are you currently facing? | 2. With the recent increase in errors, how is the current workload affecting your document review process? | 3. What additional training, resources, or system support do you need to improve these metrics next month?"
"loans: 54, accuracy: 70.4%, errors: 6","1. We noticed a recent dip in accuracy; what operational bottlenecks are you currently facing? | 2. With the recent increase in errors, how is the current workload affecting your document review process? | 3. What additional training, resources, or system support do you need to improve these metrics next month?"
"loans: 125, accuracy: 99.6%, errors: 6","1. We noticed a recent dip in accuracy; what operational bottlenecks are you currently facing? | 2. With the recent increase in errors, how is the current workload affecting your document review process? | 3. What additional training, resources, or system support do you need to improve these metrics next month?"
"loans: 159, accuracy: 78.9%, errors: 1","1. We noticed a recent dip in accuracy; what operational bottlenecks are you currently facing? | 2. With the recent increase in errors, how is the current workload affecting your document review process? | 3. What additional training, resources, or system support do you need to improve these metrics next month?"
"loans: 148, accuracy: 99.2%, errors: 3","1. We noticed a recent dip in accuracy; what operational bottlenecks are you currently facing? | 2. With the recent increase in errors, how is the current workload affecting your document review process? | 3. What additional training, resources, or system support do you need to improve these metrics next month?"
"loans: 43, accuracy: 77.3%, errors: 0","1. We noticed a recent dip in accuracy; what operational bottlenecks are you currently facing? | 2. With the recent increase in errors, how is the current workload affecting your document review process? | 3. What additional training, resources, or system support do you need to improve these metrics next month?"
"loans: 59, accuracy: 96.5%, errors: 4","1. We noticed a recent dip in accuracy; what operational bottlenecks are you currently facing? | 2. With the recent increase in errors, how is the current workload affecting your document review process? | 3. What additional training, resources, or system support do you need to improve these metrics next month?"
"loans: 45, accuracy: 82.1%, errors: 6","1. We noticed a recent dip in accuracy; what operational bottlenecks are you currently facing? | 2. With the recent increase in errors, how is the current workload affecting your document review process? | 3. What additional training, resources, or system support do you need to improve these metrics next month?"
"loans: 158, accuracy: 81.5%, errors: 3","1. We noticed a recent dip in accuracy; what operational bottlenecks are you currently facing? | 2. With the recent increase in errors, how is the current workload affecting your document review process? | 3. What additional training, resources, or system support do you need to improve these metrics next month?"
"loans: 152, accuracy: 72.7%, errors: 2","1. We noticed a recent dip in accuracy; what operational bottlenecks are you currently facing? | 2. With the recent increase in errors, how is the current workload affecting your document review process? | 3. What additional training, resources, or system support do you need to improve these metrics next month?"
"loans: 123, accuracy: 91.7%, errors: 5","1. We noticed a recent dip in accuracy; what operational bottlenecks are you currently facing? | 2. With the recent increase in errors, how is the current workload affecting your document review process? | 3. What additional training, resources, or system support do you need to improve these metrics next month?"
"loans: 135, accuracy: 81.4%, errors: 5","1. We noticed a recent dip in accuracy; what operational bottlenecks are you currently facing? | 2. With the recent increase in errors, how is the current workload affecting your document review process? | 3. What additional training, resources, or system support do you need to improve these metrics next month?"
"loans: 93, accuracy: 72.8%, errors: 5","1. We noticed a recent dip in accuracy; what operational bottlenecks are you currently facing? | 2. With the recent increase in errors, how is the current workload affecting your document review process? | 3. What additional training, resources, or system support do you need to improve these metrics next month?"
"loans: 86, accuracy: 87.6%, errors: 1",1. You are maintaining a steady baseline; what are your primary focus areas for the upcoming month? | 2. Are there any specific steps in the transaction process currently causing you friction? | 3. What new skills or cross-training areas would you like to explore to increase your overall output?
"loans: 86, accuracy: 79.4%, errors: 6","1. We noticed a recent dip in accuracy; what operational bottlenecks are you currently facing? | 2. With the recent increase in errors, how is the current workload affecting your document review process? | 3. What additional training, resources, or system support do you need to improve these metrics next month?"
"loans: 160, accuracy: 99.9%, errors: 5","1. We noticed a recent dip in accuracy; what operational bottlenecks are you currently facing? | 2. With the recent increase in errors, how is the current workload affecting your document review process? | 3. What additional training, resources, or system support do you need to improve these metrics next month?"
"loans: 147, accuracy: 99.1%, errors: 3","1. We noticed a recent dip in accuracy; what operational bottlenecks are you currently facing? | 2. With the recent increase in errors, how is the current workload affecting your document review process? | 3. What additional training, resources, or system support do you need to improve these metrics next month?"
"loans: 140, accuracy: 83.7%, errors: 2","1. We noticed a recent dip in accuracy; what operational bottlenecks are you currently facing? | 2. With the recent increase in errors, how is the current workload affecting your document review process? | 3. What additional training, resources, or system support do you need to improve these metrics next month?"
"loans: 139, accuracy: 70.8%, errors: 3","1. We noticed a recent dip in accuracy; what operational bottlenecks are you currently facing? | 2. With the recent increase in errors, how is the current workload affecting your document review process? | 3. What additional training, resources, or system support do you need to improve these metrics next month?"
"loans: 86, accuracy: 80.3%, errors: 5","1. We noticed a recent dip in accuracy; what operational bottlenecks are you currently facing? | 2. With the recent increase in errors, how is the current workload affecting your document review process? | 3. What additional training, resources, or system support do you need to improve these metrics next month?"
"loans: 108, accuracy: 75.2%, errors: 6","1. We noticed a recent dip in accuracy; what operational bottlenecks are you currently facing? | 2. With the recent increase in errors, how is the current workload affecting your document review process? | 3. What additional training, resources, or system support do you need to improve these metrics next month?"
"loans: 150, accuracy: 91.4%, errors: 3","1. We noticed a recent dip in accuracy; what operational bottlenecks are you currently facing? | 2. With the recent increase in errors, how is the current workload affecting your document review process? | 3. What additional training, resources, or system support do you need to improve these metrics next month?"
"loans: 145, accuracy: 85.7%, errors: 3","1. We noticed a recent dip in accuracy; what operational bottlenecks are you currently facing? | 2. With the recent increase in errors, how is the current workload affecting your document review process? | 3. What additional training, resources, or system support do you need to improve these metrics next month?"
"loans: 132, accuracy: 93.1%, errors: 5","1. We noticed a recent dip in accuracy; what operational bottlenecks are you currently facing? | 2. With the recent increase in errors, how is the current workload affecting your document review process? | 3. What additional training, resources, or system support do you need to improve these metrics next month?"
"loans: 65, accuracy: 76.8%, errors: 1","1. We noticed a recent dip in accuracy; what operational bottlenecks are you currently facing? | 2. With the recent increase in errors, how is the current workload affecting your document review process? | 3. What additional training, resources, or system support do you need to improve these metrics next month?"
"loans: 44, accuracy: 91.5%, errors: 3","1. We noticed a recent dip in accuracy; what operational bottlenecks are you currently facing? | 2. With the recent increase in errors, how is the current workload affecting your document review process? | 3. What additional training, resources, or system support do you need to improve these metrics next month?"
"loans: 126, accuracy: 92.1%, errors: 1",1. You have consistently exceeded volume targets; what specific workflows helped you achieve this? | 2. Your transaction accuracy is exceptional; how do you maintain this precision during peak hours? | 3. What best practices can you share with your peers to elevate overall team performance?
"loans: 132, accuracy: 78.0%, errors: 6","1. We noticed a recent dip in accuracy; what operational bottlenecks are you currently facing? | 2. With the recent increase in errors, how is the current workload affecting your document review process? | 3. What additional training, resources, or system support do you need to improve these metrics next month?"
"loans: 109, accuracy: 88.7%, errors: 1",1. You are maintaining a steady baseline; what are your primary focus areas for the upcoming month? | 2. Are there any specific steps in the transaction process currently causing you friction? | 3. What new skills or cross-training areas would you like to explore to increase your overall output?
"loans: 104, accuracy: 81.9%, errors: 5","1. We noticed a recent dip in accuracy; what operational bottlenecks are you currently facing? | 2. With the recent increase in errors, how is the current workload affecting your document review process? | 3. What additional training, resources, or system support do you need to improve these metrics next month?"
"loans: 72, accuracy: 83.9%, errors: 5","1. We noticed a recent dip in accuracy; what operational bottlenecks are you currently facing? | 2. With the recent increase in errors, how is the current workload affecting your document review process? | 3. What additional training, resources, or system support do you need to improve these metrics next month?"
"loans: 144, accuracy: 90.9%, errors: 4","1. We noticed a recent dip in accuracy; what operational bottlenecks are you currently facing? | 2. With the recent increase in errors, how is the current workload affecting your document review process? | 3. What additional training, resources, or system support do you need to improve these metrics next month?"
"loans: 85, accuracy: 77.6%, errors: 4","1. We noticed a recent dip in accuracy; what operational bottlenecks are you currently facing? | 2. With the recent increase in errors, how is the current workload affecting your document review process? | 3. What additional training, resources, or system support do you need to improve these metrics next month?"
"loans: 83, accuracy: 85.4%, errors: 5","1. We noticed a recent dip in accuracy; what operational bottlenecks are you currently facing? | 2. With the recent increase in errors, how is the current workload affecting your document review process? | 3. What additional training, resources, or system support do you need to improve these metrics next month?"
"loans: 86, accuracy: 77.9%, errors: 6","1. We noticed a recent dip in accuracy; what operational bottlenecks are you currently facing? | 2. With the recent increase in errors, how is the current workload affecting your document review process? | 3. What additional training, resources, or system support do you need to improve these metrics next month?"
"loans: 64, accuracy: 70.8%, errors: 5","1. We noticed a recent dip in accuracy; what operational bottlenecks are you currently facing? | 2. With the recent increase in errors, how is the current workload affecting your document review process? | 3. What additional training, resources, or system support do you need to improve these metrics next month?"
"loans: 154, accuracy: 72.6%, errors: 5","1. We noticed a recent dip in accuracy; what operational bottlenecks are you currently facing? | 2. With the recent increase in errors, how is the current workload affecting your document review process? | 3. What additional training, resources, or system support do you need to improve these metrics next month?"
"loans: 43, accuracy: 82.7%, errors: 5","1. We noticed a recent dip in accuracy; what operational bottlenecks are you currently facing? | 2. With the recent increase in errors, how is the current workload affecting your document review process? | 3. What additional training, resources, or system support do you need to improve these metrics next month?"
"loans: 64, accuracy: 85.8%, errors: 3","1. We noticed a recent dip in accuracy; what operational bottlenecks are you currently facing? | 2. With the recent increase in errors, how is the current workload affecting your document review process? | 3. What additional training, resources, or system support do you need to improve these metrics next month?"
"loans: 78, accuracy: 85.4%, errors: 5","1. We noticed a recent dip in accuracy; what operational bottlenecks are you currently facing? | 2. With the recent increase in errors, how is the current workload affecting your document review process? | 3. What additional training, resources, or system support do you need to improve these metrics next month?"
"loans: 122, accuracy: 82.2%, errors: 6","1. We noticed a recent dip in accuracy; what operational bottlenecks are you currently facing? | 2. With the recent increase in errors, how is the current workload affecting your document review process? | 3. What additional training, resources, or system support do you need to improve these metrics next month?"
"loans: 135, accuracy: 88.4%, errors: 6","1. We noticed a recent dip in accuracy; what operational bottlenecks are you currently facing? | 2. With the recent increase in errors, how is the current workload affecting your document review process? | 3. What additional training, resources, or system support do you need to improve these metrics next month?"
"loans: 153, accuracy: 93.1%, errors: 4","1. We noticed a recent dip in accuracy; what operational bottlenecks are you currently facing? | 2. With the recent increase in errors, how is the current workload affecting your document review process? | 3. What additional training, resources, or system support do you need to improve these metrics next month?"
"loans: 133, accuracy: 99.1%, errors: 6","1. We noticed a recent dip in accuracy; what operational bottlenecks are you currently facing? | 2. With the recent increase in errors, how is the current workload affecting your document review process? | 3. What additional training, resources, or system support do you need to improve these metrics next month?"
"loans: 117, accuracy: 94.2%, errors: 3","1. We noticed a recent dip in accuracy; what operational bottlenecks are you currently facing? | 2. With the recent increase in errors, how is the current workload affecting your document review process? | 3. What additional training, resources, or system support do you need to improve these metrics next month?"
"loans: 75, accuracy: 96.4%, errors: 3","1. We noticed a recent dip in accuracy; what operational bottlenecks are you currently facing? | 2. With the recent increase in errors, how is the current workload affecting your document review process? | 3. What additional training, resources, or system support do you need to improve these metrics next month?"
"loans: 131, accuracy: 78.7%, errors: 4","1. We noticed a recent dip in accuracy; what operational bottlenecks are you currently facing? | 2. With the recent increase in errors, how is the current workload affecting your document review process? | 3. What additional training, resources, or system support do you need to improve these metrics next month?"
"loans: 94, accuracy: 84.0%, errors: 5","1. We noticed a recent dip in accuracy; what operational bottlenecks are you currently facing? | 2. With the recent increase in errors, how is the current workload affecting your document review process? | 3. What additional training, resources, or system support do you need to improve these metrics next month?"
"loans: 60, accuracy: 75.2%, errors: 6","1. We noticed a recent dip in accuracy; what operational bottlenecks are you currently facing? | 2. With the recent increase in errors, how is the current workload affecting your document review process? | 3. What additional training, resources, or system support do you need to improve these metrics next month?"
"loans: 109, accuracy: 71.2%, errors: 4","1. We noticed a recent dip in accuracy; what operational bottlenecks are you currently facing? | 2. With the recent increase in errors, how is the current workload affecting your document review process? | 3. What additional training, resources, or system support do you need to improve these metrics next month?"
"loans: 57, accuracy: 76.8%, errors: 1","1. We noticed a recent dip in accuracy; what operational bottlenecks are you currently facing? | 2. With the recent increase in errors, how is the current workload affecting your document review process? | 3. What additional training, resources, or system support do you need to improve these metrics next month?"
"loans: 113, accuracy: 98.5%, errors: 6","1. We noticed a recent dip in accuracy; what operational bottlenecks are you currently facing? | 2. With the recent increase in errors, how is the current workload affecting your document review process? | 3. What additional training, resources, or system support do you need to improve these metrics next month?"
"loans: 96, accuracy: 95.8%, errors: 0",1. You are maintaining a steady baseline; what are your primary focus areas for the upcoming month? | 2. Are there any specific steps in the transaction process currently causing you friction? | 3. What new skills or cross-training areas would you like to explore to increase your overall output?
"loans: 71, accuracy: 91.5%, errors: 3","1. We noticed a recent dip in accuracy; what operational bottlenecks are you currently facing? | 2. With the recent increase in errors, how is the current workload affecting your document review process? | 3. What additional training, resources, or system support do you need to improve these metrics next month?"
"loans: 119, accuracy: 80.9%, errors: 2","1. We noticed a recent dip in accuracy; what operational bottlenecks are you currently facing? | 2. With the recent increase in errors, how is the current workload affecting your document review process? | 3. What additional training, resources, or system support do you need to improve these metrics next month?"
"loans: 72, accuracy: 70.8%, errors: 6","1. We noticed a recent dip in accuracy; what operational bottlenecks are you currently facing? | 2. With the recent increase in errors, how is the current workload affecting your document review process? | 3. What additional training, resources, or system support do you need to improve these metrics next month?"
"loans: 99, accuracy: 85.8%, errors: 4","1. We noticed a recent dip in accuracy; what operational bottlenecks are you currently facing? | 2. With the recent increase in errors, how is the current workload affecting your document review process? | 3. What additional training, resources, or system support do you need to improve these metrics next month?"
"loans: 52, accuracy: 70.4%, errors: 1","1. We noticed a recent dip in accuracy; what operational bottlenecks are you currently facing? | 2. With the recent increase in errors, how is the current workload affecting your document review process? | 3. What additional training, resources, or system support do you need to improve these metrics next month?"
"loans: 83, accuracy: 77.9%, errors: 0","1. We noticed a recent dip in accuracy; what operational bottlenecks are you currently facing? | 2. With the recent increase in errors, how is the current workload affecting your document review process? | 3. What additional training, resources, or system support do you need to improve these metrics next month?"
"loans: 108, accuracy: 77.4%, errors: 0","1. We noticed a recent dip in accuracy; what operational bottlenecks are you currently facing? | 2. With the recent increase in errors, how is the current workload affecting your document review process? | 3. What additional training, resources, or system support do you need to improve these metrics next month?"
"loans: 106, accuracy: 94.5%, errors: 0",1. You are maintaining a steady baseline; what are your primary focus areas for the upcoming month? | 2. Are there any specific steps in the transaction process currently causing you friction? | 3. What new skills or cross-training areas would you like to explore to increase your overall output?
"loans: 158, accuracy: 93.9%, errors: 2",1. You are maintaining a steady baseline; what are your primary focus areas for the upcoming month? | 2. Are there any specific steps in the transaction process currently causing you friction? | 3. What new skills or cross-training areas would you like to explore to increase your overall output?
"loans: 146, accuracy: 89.2%, errors: 5","1. We noticed a recent dip in accuracy; what operational bottlenecks are you currently facing? | 2. With the recent increase in errors, how is the current workload affecting your document review process? | 3. What additional training, resources, or system support do you need to improve these metrics next month?"
"loans: 122, accuracy: 77.2%, errors: 6","1. We noticed a recent dip in accuracy; what operational bottlenecks are you currently facing? | 2. With the recent increase in errors, how is the current workload affecting your document review process? | 3. What additional training, resources, or system support do you need to improve these metrics next month?"
"loans: 48, accuracy: 85.5%, errors: 2",1. You are maintaining a steady baseline; what are your primary focus areas for the upcoming month? | 2. Are there any specific steps in the transaction process currently causing you friction? | 3. What new skills or cross-training areas would you like to explore to increase your overall output?
"loans: 137, accuracy: 94.2%, errors: 0",1. You have consistently exceeded volume targets; what specific workflows helped you achieve this? | 2. Your transaction accuracy is exceptional; how do you maintain this precision during peak hours? | 3. What best practices can you share with your peers to elevate overall team performance?
"loans: 155, accuracy: 98.1%, errors: 6","1. We noticed a recent dip in accuracy; what operational bottlenecks are you currently facing? | 2. With the recent increase in errors, how is the current workload affecting your document review process? | 3. What additional training, resources, or system support do you need to improve these metrics next month?"
"loans: 77, accuracy: 77.3%, errors: 0","1. We noticed a recent dip in accuracy; what operational bottlenecks are you currently facing? | 2. With the recent increase in errors, how is the current workload affecting your document review process? | 3. What additional training, resources, or system support do you need to improve these metrics next month?"
"loans: 73, accuracy: 97.2%, errors: 5","1. We noticed a recent dip in accuracy; what operational bottlenecks are you currently facing? | 2. With the recent increase in errors, how is the current workload affecting your document review process? | 3. What additional training, resources, or system support do you need to improve these metrics next month?"
"loans: 83, accuracy: 81.3%, errors: 2","1. We noticed a recent dip in accuracy; what operational bottlenecks are you currently facing? | 2. With the recent increase in errors, how is the current workload affecting your document review process? | 3. What additional training, resources, or system support do you need to improve these metrics next month?"
"loans: 156, accuracy: 97.5%, errors: 1",1. You have consistently exceeded volume targets; what specific workflows helped you achieve this? | 2. Your transaction accuracy is exceptional; how do you maintain this precision during peak hours? | 3. What best practices can you share with your peers to elevate overall team performance?
"loans: 59, accuracy: 82.5%, errors: 0","1. We noticed a recent dip in accuracy; what operational bottlenecks are you currently facing? | 2. With the recent increase in errors, how is the current workload affecting your document review process? | 3. What additional training, resources, or system support do you need to improve these metrics next month?"
"loans: 127, accuracy: 92.3%, errors: 2",1. You are maintaining a steady baseline; what are your primary focus areas for the upcoming month? | 2. Are there any specific steps in the transaction process currently causing you friction? | 3. What new skills or cross-training areas would you like to explore to increase your overall output?
"loans: 52, accuracy: 99.5%, errors: 1",1. You are maintaining a steady baseline; what are your primary focus areas for the upcoming month? | 2. Are there any specific steps in the transaction process currently causing you friction? | 3. What new skills or cross-training areas would you like to explore to increase your overall output?
"loans: 149, accuracy: 71.9%, errors: 1","1. We noticed a recent dip in accuracy; what operational bottlenecks are you currently facing? | 2. With the recent increase in errors, how is the current workload affecting your document review process? | 3. What additional training, resources, or system support do you need to improve these metrics next month?"
"loans: 139, accuracy: 78.3%, errors: 0","1. We noticed a recent dip in accuracy; what operational bottlenecks are you currently facing? | 2. With the recent increase in errors, how is the current workload affecting your document review process? | 3. What additional training, resources, or system support do you need to improve these metrics next month?"
"loans: 54, accuracy: 93.0%, errors: 2",1. You are maintaining a steady baseline; what are your primary focus areas for the upcoming month? | 2. Are there any specific steps in the transaction process currently causing you friction? | 3. What new skills or cross-training areas would you like to explore to increase your overall output?
"loans: 93, accuracy: 97.4%, errors: 3","1. We noticed a recent dip in accuracy; what operational bottlenecks are you currently facing? | 2. With the recent increase in errors, how is the current workload affecting your document review process? | 3. What additional training, resources, or system support do you need to improve these metrics next month?"
"loans: 61, accuracy: 96.0%, errors: 0",1. You are maintaining a steady baseline; what are your primary focus areas for the upcoming month? | 2. Are there any specific steps in the transaction process currently causing you friction? | 3. What new skills or cross-training areas would you like to explore to increase your overall output?
"loans: 148, accuracy: 72.3%, errors: 6","1. We noticed a recent dip in accuracy; what operational bottlenecks are you currently facing? | 2. With the recent increase in errors, how is the current workload affecting your document review process? | 3. What additional training, resources, or system support do you need to improve these metrics next month?"
"loans: 137, accuracy: 88.4%, errors: 3","1. We noticed a recent dip in accuracy; what operational bottlenecks are you currently facing? | 2. With the recent increase in errors, how is the current workload affecting your document review process? | 3. What additional training, resources, or system support do you need to improve these metrics next month?"
"loans: 95, accuracy: 88.6%, errors: 1",1. You are maintaining a steady baseline; what are your primary focus areas for the upcoming month? | 2. Are there any specific steps in the transaction process currently causing you friction? | 3. What new skills or cross-training areas would you like to explore to increase your overall output?
"loans: 150, accuracy: 84.9%, errors: 0","1. We noticed a recent dip in accuracy; what operational bottlenecks are you currently facing? | 2. With the recent increase in errors, how is the current workload affecting your document review process? | 3. What additional training, resources, or system support do you need to improve these metrics next month?"
"loans: 99, accuracy: 73.8%, errors: 4","1. We noticed a recent dip in accuracy; what operational bottlenecks are you currently facing? | 2. With the recent increase in errors, how is the current workload affecting your document review process? | 3. What additional training, resources, or system support do you need to improve these metrics next month?"
"loans: 133, accuracy: 96.3%, errors: 5","1. We noticed a recent dip in accuracy; what operational bottlenecks are you currently facing? | 2. With the recent increase in errors, how is the current workload affecting your document review process? | 3. What additional training, resources, or system support do you need to improve these metrics next month?"
"loans: 46, accuracy: 81.5%, errors: 4","1. We noticed a recent dip in accuracy; what operational bottlenecks are you currently facing? | 2. With the recent increase in errors, how is the current workload affecting your document review process? | 3. What additional training, resources, or system support do you need to improve these metrics next month?"
"loans: 72, accuracy: 94.0%, errors: 3","1. We noticed a recent dip in accuracy; what operational bottlenecks are you currently facing? | 2. With the recent increase in errors, how is the current workload affecting your document review process? | 3. What additional training, resources, or system support do you need to improve these metrics next month?"
"loans: 101, accuracy: 89.9%, errors: 4","1. We noticed a recent dip in accuracy; what operational bottlenecks are you currently facing? | 2. With the recent increase in errors, how is the current workload affecting your document review process? | 3. What additional training, resources, or system support do you need to improve these metrics next month?"
"loans: 138, accuracy: 71.6%, errors: 5","1. We noticed a recent dip in accuracy; what operational bottlenecks are you currently facing? | 2. With the recent increase in errors, how is the current workload affecting your document review process? | 3. What additional training, resources, or system support do you need to improve these metrics next month?"
"loans: 103, accuracy: 81.5%, errors: 5","1. We noticed a recent dip in accuracy; what operational bottlenecks are you currently facing? | 2. With the recent increase in errors, how is the current workload affecting your document review process? | 3. What additional training, resources, or system support do you need to improve these metrics next month?"
"loans: 139, accuracy: 88.5%, errors: 4","1. We noticed a recent dip in accuracy; what operational bottlenecks are you currently facing? | 2. With the recent increase in errors, how is the current workload affecting your document review process? | 3. What additional training, resources, or system support do you need to improve these metrics next month?"
"loans: 123, accuracy: 90.2%, errors: 6","1. We noticed a recent dip in accuracy; what operational bottlenecks are you currently facing? | 2. With the recent increase in errors, how is the current workload affecting your document review process? | 3. What additional training, resources, or system support do you need to improve these metrics next month?"
"loans: 112, accuracy: 90.8%, errors: 0",1. You have consistently exceeded volume targets; what specific workflows helped you achieve this? | 2. Your transaction accuracy is exceptional; how do you maintain this precision during peak hours? | 3. What best practices can you share with your peers to elevate overall team performance?
"loans: 69, accuracy: 79.1%, errors: 6","1. We noticed a recent dip in accuracy; what operational bottlenecks are you currently facing? | 2. With the recent increase in errors, how is the current workload affecting your document review process? | 3. What additional training, resources, or system support do you need to improve these metrics next month?"
"loans: 123, accuracy: 89.4%, errors: 6","1. We noticed a recent dip in accuracy; what operational bottlenecks are you currently facing? | 2. With the recent increase in errors, how is the current workload affecting your document review process? | 3. What additional training, resources, or system support do you need to improve these metrics next month?"
"loans: 144, accuracy: 73.2%, errors: 5","1. We noticed a recent dip in accuracy; what operational bottlenecks are you currently facing? | 2. With the recent increase in errors, how is the current workload affecting your document review process? | 3. What additional training, resources, or system support do you need to improve these metrics next month?"
"loans: 116, accuracy: 79.6%, errors: 1","1. We noticed a recent dip in accuracy; what operational bottlenecks are you currently facing? | 2. With the recent increase in errors, how is the current workload affecting your document review process? | 3. What additional training, resources, or system support do you need to improve these metrics next month?"
"loans: 82, accuracy: 92.2%, errors: 2",1. You are maintaining a steady baseline; what are your primary focus areas for the upcoming month? | 2. Are there any specific steps in the transaction process currently causing you friction? | 3. What new skills or cross-training areas would you like to explore to increase your overall output?
"loans: 47, accuracy: 94.7%, errors: 3","1. We noticed a recent dip in accuracy; what operational bottlenecks are you currently facing? | 2. With the recent increase in errors, how is the current workload affecting your document review process? | 3. What additional training, resources, or system support do you need to improve these metrics next month?"
"loans: 95, accuracy: 91.6%, errors: 3","1. We noticed a recent dip in accuracy; what operational bottlenecks are you currently facing? | 2. With the recent increase in errors, how is the current workload affecting your document review process? | 3. What additional training, resources, or system support do you need to improve these metrics next month?"
"loans: 68, accuracy: 82.5%, errors: 0","1. We noticed a recent dip in accuracy; what operational bottlenecks are you currently facing? | 2. With the recent increase in errors, how is the current workload affecting your document review process? | 3. What additional training, resources, or system support do you need to improve these metrics next month?"
"loans: 150, accuracy: 81.8%, errors: 3","1. We noticed a recent dip in accuracy; what operational bottlenecks are you currently facing? | 2. With the recent increase in errors, how is the current workload affecting your document review process? | 3. What additional training, resources, or system support do you need to improve these metrics next month?"
"loans: 120, accuracy: 99.2%, errors: 3","1. We noticed a recent dip in accuracy; what operational bottlenecks are you currently facing? | 2. With the recent increase in errors, how is the current workload affecting your document review process? | 3. What additional training, resources, or system support do you need to improve these metrics next month?"
"loans: 105, accuracy: 99.7%, errors: 3","1. We noticed a recent dip in accuracy; what operational bottlenecks are you currently facing? | 2. With the recent increase in errors, how is the current workload affecting your document review process? | 3. What additional training, resources, or system support do you need to improve these metrics next month?"
"loans: 62, accuracy: 79.3%, errors: 2","1. We noticed a recent dip in accuracy; what operational bottlenecks are you currently facing? | 2. With the recent increase in errors, how is the current workload affecting your document review process? | 3. What additional training, resources, or system support do you need to improve these metrics next month?"
"loans: 136, accuracy: 96.4%, errors: 4","1. We noticed a recent dip in accuracy; what operational bottlenecks are you currently facing? | 2. With the recent increase in errors, how is the current workload affecting your document review process? | 3. What additional training, resources, or system support do you need to improve these metrics next month?"
"loans: 123, accuracy: 95.9%, errors: 4","1. We noticed a recent dip in accuracy; what operational bottlenecks are you currently facing? | 2. With the recent increase in errors, how is the current workload affecting your document review process? | 3. What additional training, resources, or system support do you need to improve these metrics next month?"
"loans: 97, accuracy: 90.7%, errors: 1",1. You are maintaining a steady baseline; what are your primary focus areas for the upcoming month? | 2. Are there any specific steps in the transaction process currently causing you friction? | 3. What new skills or cross-training areas would you like to explore to increase your overall output?
"loans: 155, accuracy: 83.7%, errors: 2","1. We noticed a recent dip in accuracy; what operational bottlenecks are you currently facing? | 2. With the recent increase in errors, how is the current workload affecting your document review process? | 3. What additional training, resources, or system support do you need to improve these metrics next month?"
"loans: 115, accuracy: 71.1%, errors: 1","1. We noticed a recent dip in accuracy; what operational bottlenecks are you currently facing? | 2. With the recent increase in errors, how is the current workload affecting your document review process? | 3. What additional training, resources, or system support do you need to improve these metrics next month?"
"loans: 127, accuracy: 92.4%, errors: 1",1. You have consistently exceeded volume targets; what specific workflows helped you achieve this? | 2. Your transaction accuracy is exceptional; how do you maintain this precision during peak hours? | 3. What best practices can you share with your peers to elevate overall team performance?
"loans: 110, accuracy: 93.0%, errors: 2",1. You are maintaining a steady baseline; what are your primary focus areas for the upcoming month? | 2. Are there any specific steps in the transaction process currently causing you friction? | 3. What new skills or cross-training areas would you like to explore to increase your overall output?
"loans: 132, accuracy: 83.4%, errors: 6","1. We noticed a recent dip in accuracy; what operational bottlenecks are you currently facing? | 2. With the recent increase in errors, how is the current workload affecting your document review process? | 3. What additional training, resources, or system support do you need to improve these metrics next month?"
"loans: 45, accuracy: 94.0%, errors: 5","1. We noticed a recent dip in accuracy; what operational bottlenecks are you currently facing? | 2. With the recent increase in errors, how is the current workload affecting your document review process? | 3. What additional training, resources, or system support do you need to improve these metrics next month?"
"loans: 84, accuracy: 81.8%, errors: 3","1. We noticed a recent dip in accuracy; what operational bottlenecks are you currently facing? | 2. With the recent increase in errors, how is the current workload affecting your document review process? | 3. What additional training, resources, or system support do you need to improve these metrics next month?"
"loans: 102, accuracy: 85.4%, errors: 3","1. We noticed a recent dip in accuracy; what operational bottlenecks are you currently facing? | 2. With the recent increase in errors, how is the current workload affecting your document review process? | 3. What additional training, resources, or system support do you need to improve these metrics next month?"
"loans: 116, accuracy: 74.9%, errors: 5","1. We noticed a recent dip in accuracy; what operational bottlenecks are you currently facing? | 2. With the recent increase in errors, how is the current workload affecting your document review process? | 3. What additional training, resources, or system support do you need to improve these metrics next month?"
"loans: 53, accuracy: 99.1%, errors: 5","1. We noticed a recent dip in accuracy; what operational bottlenecks are you currently facing? | 2. With the recent increase in errors, how is the current workload affecting your document review process? | 3. What additional training, resources, or system support do you need to improve these metrics next month?"
"loans: 92, accuracy: 85.4%, errors: 0",1. You are maintaining a steady baseline; what are your primary focus areas for the upcoming month? | 2. Are there any specific steps in the transaction process currently causing you friction? | 3. What new skills or cross-training areas would you like to explore to increase your overall output?
"loans: 134, accuracy: 97.6%, errors: 6","1. We noticed a recent dip in accuracy; what operational bottlenecks are you currently facing? | 2. With the recent increase in errors, how is the current workload affecting your document review process? | 3. What additional training, resources, or system support do you need to improve these metrics next month?"
"loans: 124, accuracy: 98.5%, errors: 3","1. We noticed a recent dip in accuracy; what operational bottlenecks are you currently facing? | 2. With the recent increase in errors, how is the current workload affecting your document review process? | 3. What additional training, resources, or system support do you need to improve these metrics next month?"
"loans: 49, accuracy: 89.5%, errors: 4","1. We noticed a recent dip in accuracy; what operational bottlenecks are you currently facing? | 2. With the recent increase in errors, how is the current workload affecting your document review process? | 3. What additional training, resources, or system support do you need to improve these metrics next month?"
"loans: 92, accuracy: 98.7%, errors: 5","1. We noticed a recent dip in accuracy; what operational bottlenecks are you currently facing? | 2. With the recent increase in errors, how is the current workload affecting your document review process? | 3. What additional training, resources, or system support do you need to improve these metrics next month?"
"loans: 89, accuracy: 77.3%, errors: 6","1. We noticed a recent dip in accuracy; what operational bottlenecks are you currently facing? | 2. With the recent increase in errors, how is the current workload affecting your document review process? | 3. What additional training, resources, or system support do you need to improve these metrics next month?"
"loans: 73, accuracy: 78.8%, errors: 6","1. We noticed a recent dip in accuracy; what operational bottlenecks are you currently facing? | 2. With the recent increase in errors, how is the current workload affecting your document review process? | 3. What additional training, resources, or system support do you need to improve these metrics next month?"
"loans: 138, accuracy: 88.5%, errors: 0",1. You are maintaining a steady baseline; what are your primary focus areas for the upcoming month? | 2. Are there any specific steps in the transaction process currently causing you friction? | 3. What new skills or cross-training areas would you like to explore to increase your overall output?
"loans: 61, accuracy: 72.6%, errors: 4","1. We noticed a recent dip in accuracy; what operational bottlenecks are you currently facing? | 2. With the recent increase in errors, how is the current workload affecting your document review process? | 3. What additional training, resources, or system support do you need to improve these metrics next month?"
"loans: 149, accuracy: 98.3%, errors: 0",1. You have consistently exceeded volume targets; what specific workflows helped you achieve this? | 2. Your transaction accuracy is exceptional; how do you maintain this precision during peak hours? | 3. What best practices can you share with your peers to elevate overall team performance?
"loans: 97, accuracy: 91.5%, errors: 4","1. We noticed a recent dip in accuracy; what operational bottlenecks are you currently facing? | 2. With the recent increase in errors, how is the current workload affecting your document review process? | 3. What additional training, resources, or system support do you need to improve these metrics next month?"
"loans: 48, accuracy: 96.7%, errors: 0",1. You are maintaining a steady baseline; what are your primary focus areas for the upcoming month? | 2. Are there any specific steps in the transaction process currently causing you friction? | 3. What new skills or cross-training areas would you like to explore to increase your overall output?
"loans: 70, accuracy: 94.5%, errors: 3","1. We noticed a recent dip in accuracy; what operational bottlenecks are you currently facing? | 2. With the recent increase in errors, how is the current workload affecting your document review process? | 3. What additional training, resources, or system support do you need to improve these metrics next month?"
"loans: 99, accuracy: 97.7%, errors: 1",1. You are maintaining a steady baseline; what are your primary focus areas for the upcoming month? | 2. Are there any specific steps in the transaction process currently causing you friction? | 3. What new skills or cross-training areas would you like to explore to increase your overall output?
"loans: 76, accuracy: 82.7%, errors: 2","1. We noticed a recent dip in accuracy; what operational bottlenecks are you currently facing? | 2. With the recent increase in errors, how is the current workload affecting your document review process? | 3. What additional training, resources, or system support do you need to improve these metrics next month?"
"loans: 149, accuracy: 86.4%, errors: 6","1. We noticed a recent dip in accuracy; what operational bottlenecks are you currently facing? | 2. With the recent increase in errors, how is the current workload affecting your document review process? | 3. What additional training, resources, or system support do you need to improve these metrics next month?"
"loans: 93, accuracy: 95.9%, errors: 1",1. You are maintaining a steady baseline; what are your primary focus areas for the upcoming month? | 2. Are there any specific steps in the transaction process currently causing you friction? | 3. What new skills or cross-training areas would you like to explore to increase your overall output?
"loans: 44, accuracy: 70.8%, errors: 0","1. We noticed a recent dip in accuracy; what operational bottlenecks are you currently facing? | 2. With the recent increase in errors, how is the current workload affecting your document review process? | 3. What additional training, resources, or system support do you need to improve these metrics next month?"
"loans: 112, accuracy: 79.2%, errors: 0","1. We noticed a recent dip in accuracy; what operational bottlenecks are you currently facing? | 2. With the recent increase in errors, how is the current workload affecting your document review process? | 3. What additional training, resources, or system support do you need to improve these metrics next month?"
"loans: 104, accuracy: 78.0%, errors: 0","1. We noticed a recent dip in accuracy; what operational bottlenecks are you currently facing? | 2. With the recent increase in errors, how is the current workload affecting your document review process? | 3. What additional training, resources, or system support do you need to improve these metrics next month?"
"loans: 90, accuracy: 73.6%, errors: 2","1. We noticed a recent dip in accuracy; what operational bottlenecks are you currently facing? | 2. With the recent increase in errors, how is the current workload affecting your document review process? | 3. What additional training, resources, or system support do you need to improve these metrics next month?"
"loans: 160, accuracy: 86.0%, errors: 2",1. You are maintaining a steady baseline; what are your primary focus areas for the upcoming month? | 2. Are there any specific steps in the transaction process currently causing you friction? | 3. What new skills or cross-training areas would you like to explore to increase your overall output?
"loans: 126, accuracy: 85.5%, errors: 2",1. You are maintaining a steady baseline; what are your primary focus areas for the upcoming month? | 2. Are there any specific steps in the transaction process currently causing you friction? | 3. What new skills or cross-training areas would you like to explore to increase your overall output?
"loans: 103, accuracy: 95.4%, errors: 5","1. We noticed a recent dip in accuracy; what operational bottlenecks are you currently facing? | 2. With the recent increase in errors, how is the current workload affecting your document review process? | 3. What additional training, resources, or system support do you need to improve these metrics next month?"
"loans: 77, accuracy: 70.3%, errors: 4","1. We noticed a recent dip in accuracy; what operational bottlenecks are you currently facing? | 2. With the recent increase in errors, how is the current workload affecting your document review process? | 3. What additional training, resources, or system support do you need to improve these metrics next month?"
"loans: 142, accuracy: 76.0%, errors: 6","1. We noticed a recent dip in accuracy; what operational bottlenecks are you currently facing? | 2. With the recent increase in errors, how is the current workload affecting your document review process? | 3. What additional training, resources, or system support do you need to improve these metrics next month?"
"loans: 146, accuracy: 78.6%, errors: 5","1. We noticed a recent dip in accuracy; what operational bottlenecks are you currently facing? | 2. With the recent increase in errors, how is the current workload affecting your document review process? | 3. What additional training, resources, or system support do you need to improve these metrics next month?"
"loans: 120, accuracy: 80.8%, errors: 2","1. We noticed a recent dip in accuracy; what operational bottlenecks are you currently facing? | 2. With the recent increase in errors, how is the current workload affecting your document review process? | 3. What additional training, resources, or system support do you need to improve these metrics next month?"
"loans: 137, accuracy: 88.1%, errors: 6","1. We noticed a recent dip in accuracy; what operational bottlenecks are you currently facing? | 2. With the recent increase in errors, how is the current workload affecting your document review process? | 3. What additional training, resources, or system support do you need to improve these metrics next month?"
"loans: 154, accuracy: 94.7%, errors: 5","1. We noticed a recent dip in accuracy; what operational bottlenecks are you currently facing? | 2. With the recent increase in errors, how is the current workload affecting your document review process? | 3. What additional training, resources, or system support do you need to improve these metrics next month?"
"loans: 53, accuracy: 98.0%, errors: 5","1. We noticed a recent dip in accuracy; what operational bottlenecks are you currently facing? | 2. With the recent increase in errors, how is the current workload affecting your document review process? | 3. What additional training, resources, or system support do you need to improve these metrics next month?"
"loans: 88, accuracy: 84.4%, errors: 4","1. We noticed a recent dip in accuracy; what operational bottlenecks are you currently facing? | 2. With the recent increase in errors, how is the current workload affecting your document review process? | 3. What additional training, resources, or system support do you need to improve these metrics next month?"
"loans: 83, accuracy: 81.2%, errors: 5","1. We noticed a recent dip in accuracy; what operational bottlenecks are you currently facing? | 2. With the recent increase in errors, how is the current workload affecting your document review process? | 3. What additional training, resources, or system support do you need to improve these metrics next month?"
"loans: 115, accuracy: 89.0%, errors: 2",1. You are maintaining a steady baseline; what are your primary focus areas for the upcoming month? | 2. Are there any specific steps in the transaction process currently causing you friction? | 3. What new skills or cross-training areas would you like to explore to increase your overall output?
"loans: 51, accuracy: 90.8%, errors: 4","1. We noticed a recent dip in accuracy; what operational bottlenecks are you currently facing? | 2. With the recent increase in errors, how is the current workload affecting your document review process? | 3. What additional training, resources, or system support do you need to improve these metrics next month?"
"loans: 59, accuracy: 71.4%, errors: 0","1. We noticed a recent dip in accuracy; what operational bottlenecks are you currently facing? | 2. With the recent increase in errors, how is the current workload affecting your document review process? | 3. What additional training, resources, or system support do you need to improve these metrics next month?"
"loans: 111, accuracy: 81.6%, errors: 6","1. We noticed a recent dip in accuracy; what operational bottlenecks are you currently facing? | 2. With the recent increase in errors, how is the current workload affecting your document review process? | 3. What additional training, resources, or system support do you need to improve these metrics next month?"
"loans: 154, accuracy: 81.9%, errors: 5","1. We noticed a recent dip in accuracy; what operational bottlenecks are you currently facing? | 2. With the recent increase in errors, how is the current workload affecting your document review process? | 3. What additional training, resources, or system support do you need to improve these metrics next month?"
"loans: 141, accuracy: 80.7%, errors: 5","1. We noticed a recent dip in accuracy; what operational bottlenecks are you currently facing? | 2. With the recent increase in errors, how is the current workload affecting your document review process? | 3. What additional training, resources, or system support do you need to improve these metrics next month?"
"loans: 59, accuracy: 73.9%, errors: 3","1. We noticed a recent dip in accuracy; what operational bottlenecks are you currently facing? | 2. With the recent increase in errors, how is the current workload affecting your document review process? | 3. What additional training, resources, or system support do you need to improve these metrics next month?"
"loans: 118, accuracy: 92.3%, errors: 4","1. We noticed a recent dip in accuracy; what operational bottlenecks are you currently facing? | 2. With the recent increase in errors, how is the current workload affecting your document review process? | 3. What additional training, resources, or system support do you need to improve these metrics next month?"
"loans: 70, accuracy: 80.6%, errors: 5","1. We noticed a recent dip in accuracy; what operational bottlenecks are you currently facing? | 2. With the recent increase in errors, how is the current workload affecting your document review process? | 3. What additional training, resources, or system support do you need to improve these metrics next month?"
"loans: 44, accuracy: 92.7%, errors: 5","1. We noticed a recent dip in accuracy; what operational bottlenecks are you currently facing? | 2. With the recent increase in errors, how is the current workload affecting your document review process? | 3. What additional training, resources, or system support do you need to improve these metrics next month?"
"loans: 77, accuracy: 92.7%, errors: 4","1. We noticed a recent dip in accuracy; what operational bottlenecks are you currently facing? | 2. With the recent increase in errors, how is the current workload affecting your document review process? | 3. What additional training, resources, or system support do you need to improve these metrics next month?"
"loans: 69, accuracy: 91.2%, errors: 3","1. We noticed a recent dip in accuracy; what operational bottlenecks are you currently facing? | 2. With the recent increase in errors, how is the current workload affecting your document review process? | 3. What additional training, resources, or system support do you need to improve these metrics next month?"
"loans: 157, accuracy: 82.1%, errors: 3","1. We noticed a recent dip in accuracy; what operational bottlenecks are you currently facing? | 2. With the recent increase in errors, how is the current workload affecting your document review process? | 3. What additional training, resources, or system support do you need to improve these metrics next month?"
"loans: 135, accuracy: 87.0%, errors: 0",1. You are maintaining a steady baseline; what are your primary focus areas for the upcoming month? | 2. Are there any specific steps in the transaction process currently causing you friction? | 3. What new skills or cross-training areas would you like to explore to increase your overall output?
"loans: 43, accuracy: 87.2%, errors: 2",1. You are maintaining a steady baseline; what are your primary focus areas for the upcoming month? | 2. Are there any specific steps in the transaction process currently causing you friction? | 3. What new skills or cross-training areas would you like to explore to increase your overall output?
"loans: 113, accuracy: 95.2%, errors: 0",1. You have consistently exceeded volume targets; what specific workflows helped you achieve this? | 2. Your transaction accuracy is exceptional; how do you maintain this precision during peak hours? | 3. What best practices can you share with your peers to elevate overall team performance?
"loans: 68, accuracy: 91.0%, errors: 2",1. You are maintaining a steady baseline; what are your primary focus areas for the upcoming month? | 2. Are there any specific steps in the transaction process currently causing you friction? | 3. What new skills or cross-training areas would you like to explore to increase your overall output?
"loans: 80, accuracy: 80.1%, errors: 6","1. We noticed a recent dip in accuracy; what operational bottlenecks are you currently facing? | 2. With the recent increase in errors, how is the current workload affecting your document review process? | 3. What additional training, resources, or system support do you need to improve these metrics next month?"
"loans: 149, accuracy: 73.8%, errors: 1","1. We noticed a recent dip in accuracy; what operational bottlenecks are you currently facing? | 2. With the recent increase in errors, how is the current workload affecting your document review process? | 3. What additional training, resources, or system support do you need to improve these metrics next month?"
"loans: 61, accuracy: 88.7%, errors: 5","1. We noticed a recent dip in accuracy; what operational bottlenecks are you currently facing? | 2. With the recent increase in errors, how is the current workload affecting your document review process? | 3. What additional training, resources, or system support do you need to improve these metrics next month?"
"loans: 55, accuracy: 80.7%, errors: 4","1. We noticed a recent dip in accuracy; what operational bottlenecks are you currently facing? | 2. With the recent increase in errors, how is the current workload affecting your document review process? | 3. What additional training, resources, or system support do you need to improve these metrics next month?"
"loans: 43, accuracy: 86.3%, errors: 2",1. You are maintaining a steady baseline; what are your primary focus areas for the upcoming month? | 2. Are there any specific steps in the transaction process currently causing you friction? | 3. What new skills or cross-training areas would you like to explore to increase your overall output?
"loans: 117, accuracy: 95.3%, errors: 2",1. You are maintaining a steady baseline; what are your primary focus areas for the upcoming month? | 2. Are there any specific steps in the transaction process currently causing you friction? | 3. What new skills or cross-training areas would you like to explore to increase your overall output?
"loans: 141, accuracy: 94.0%, errors: 0",1. You have consistently exceeded volume targets; what specific workflows helped you achieve this? | 2. Your transaction accuracy is exceptional; how do you maintain this precision during peak hours? | 3. What best practices can you share with your peers to elevate overall team performance?
"loans: 114, accuracy: 76.0%, errors: 5","1. We noticed a recent dip in accuracy; what operational bottlenecks are you currently facing? | 2. With the recent increase in errors, how is the current workload affecting your document review process? | 3. What additional training, resources, or system support do you need to improve these metrics next month?"
"loans: 61, accuracy: 73.3%, errors: 6","1. We noticed a recent dip in accuracy; what operational bottlenecks are you currently facing? | 2. With the recent increase in errors, how is the current workload affecting your document review process? | 3. What additional training, resources, or system support do you need to improve these metrics next month?"
"loans: 133, accuracy: 98.0%, errors: 0",1. You have consistently exceeded volume targets; what specific workflows helped you achieve this? | 2. Your transaction accuracy is exceptional; how do you maintain this precision during peak hours? | 3. What best practices can you share with your peers to elevate overall team performance?
"loans: 87, accuracy: 86.5%, errors: 1",1. You are maintaining a steady baseline; what are your primary focus areas for the upcoming month? | 2. Are there any specific steps in the transaction process currently causing you friction? | 3. What new skills or cross-training areas would you like to explore to increase your overall output?
"loans: 136, accuracy: 85.7%, errors: 1",1. You are maintaining a steady baseline; what are your primary focus areas for the upcoming month? | 2. Are there any specific steps in the transaction process currently causing you friction? | 3. What new skills or cross-training areas would you like to explore to increase your overall output?
"loans: 76, accuracy: 75.0%, errors: 5","1. We noticed a recent dip in accuracy; what operational bottlenecks are you currently facing? | 2. With the recent increase in errors, how is the current workload affecting your document review process? | 3. What additional training, resources, or system support do you need to improve these metrics next month?"
"loans: 89, accuracy: 86.7%, errors: 1",1. You are maintaining a steady baseline; what are your primary focus areas for the upcoming month? | 2. Are there any specific steps in the transaction process currently causing you friction? | 3. What new skills or cross-training areas would you like to explore to increase your overall output?
"loans: 110, accuracy: 81.0%, errors: 6","1. We noticed a recent dip in accuracy; what operational bottlenecks are you currently facing? | 2. With the recent increase in errors, how is the current workload affecting your document review process? | 3. What additional training, resources, or system support do you need to improve these metrics next month?"
"loans: 50, accuracy: 94.2%, errors: 4","1. We noticed a recent dip in accuracy; what operational bottlenecks are you currently facing? | 2. With the recent increase in errors, how is the current workload affecting your document review process? | 3. What additional training, resources, or system support do you need to improve these metrics next month?"
"loans: 49, accuracy: 70.5%, errors: 4","1. We noticed a recent dip in accuracy; what operational bottlenecks are you currently facing? | 2. With the recent increase in errors, how is the current workload affecting your document review process? | 3. What additional training, resources, or system support do you need to improve these metrics next month?"
"loans: 77, accuracy: 79.2%, errors: 2","1. We noticed a recent dip in accuracy; what operational bottlenecks are you currently facing? | 2. With the recent increase in errors, how is the current workload affecting your document review process? | 3. What additional training, resources, or system support do you need to improve these metrics next month?"
"loans: 45, accuracy: 91.6%, errors: 2",1. You are maintaining a steady baseline; what are your primary focus areas for the upcoming month? | 2. Are there any specific steps in the transaction process currently causing you friction? | 3. What new skills or cross-training areas would you like to explore to increase your overall output?
"loans: 96, accuracy: 92.0%, errors: 1",1. You are maintaining a steady baseline; what are your primary focus areas for the upcoming month? | 2. Are there any specific steps in the transaction process currently causing you friction? | 3. What new skills or cross-training areas would you like to explore to increase your overall output?
"loans: 55, accuracy: 95.2%, errors: 4","1. We noticed a recent dip in accuracy; what operational bottlenecks are you currently facing? | 2. With the recent increase in errors, how is the current workload affecting your document review process? | 3. What additional training, resources, or system support do you need to improve these metrics next month?"
"loans: 155, accuracy: 72.5%, errors: 4","1. We noticed a recent dip in accuracy; what operational bottlenecks are you currently facing? | 2. With the recent increase in errors, how is the current workload affecting your document review process? | 3. What additional training, resources, or system support do you need to improve these metrics next month?"
"loans: 128, accuracy: 78.4%, errors: 5","1. We noticed a recent dip in accuracy; what operational bottlenecks are you currently facing? | 2. With the recent increase in errors, how is the current workload affecting your document review process? | 3. What additional training, resources, or system support do you need to improve these metrics next month?"
"loans: 120, accuracy: 84.0%, errors: 1","1. We noticed a recent dip in accuracy; what operational bottlenecks are you currently facing? | 2. With the recent increase in errors, how is the current workload affecting your document review process? | 3. What additional training, resources, or system support do you need to improve these metrics next month?"
"loans: 56, accuracy: 80.6%, errors: 3","1. We noticed a recent dip in accuracy; what operational bottlenecks are you currently facing? | 2. With the recent increase in errors, how is the current workload affecting your document review process? | 3. What additional training, resources, or system support do you need to improve these metrics next month?"
"loans: 136, accuracy: 82.5%, errors: 0","1. We noticed a recent dip in accuracy; what operational bottlenecks are you currently facing? | 2. With the recent increase in errors, how is the current workload affecting your document review process? | 3. What additional training, resources, or system support do you need to improve these metrics next month?"
"loans: 159, accuracy: 73.8%, errors: 0","1. We noticed a recent dip in accuracy; what operational bottlenecks are you currently facing? | 2. With the recent increase in errors, how is the current workload affecting your document review process? | 3. What additional training, resources, or system support do you need to improve these metrics next month?"
"loans: 131, accuracy: 78.3%, errors: 6","1. We noticed a recent dip in accuracy; what operational bottlenecks are you currently facing? | 2. With the recent increase in errors, how is the current workload affecting your document review process? | 3. What additional training, resources, or system support do you need to improve these metrics next month?"
"loans: 102, accuracy: 80.8%, errors: 1","1. We noticed a recent dip in accuracy; what operational bottlenecks are you currently facing? | 2. With the recent increase in errors, how is the current workload affecting your document review process? | 3. What additional training, resources, or system support do you need to improve these metrics next month?"
"loans: 95, accuracy: 76.8%, errors: 1","1. We noticed a recent dip in accuracy; what operational bottlenecks are you currently facing? | 2. With the recent increase in errors, how is the current workload affecting your document review process? | 3. What additional training, resources, or system support do you need to improve these metrics next month?"
"loans: 90, accuracy: 91.3%, errors: 3","1. We noticed a recent dip in accuracy; what operational bottlenecks are you currently facing? | 2. With the recent increase in errors, how is the current workload affecting your document review process? | 3. What additional training, resources, or system support do you need to improve these metrics next month?"
"loans: 81, accuracy: 89.5%, errors: 1",1. You are maintaining a steady baseline; what are your primary focus areas for the upcoming month? | 2. Are there any specific steps in the transaction process currently causing you friction? | 3. What new skills or cross-training areas would you like to explore to increase your overall output?
"loans: 154, accuracy: 97.4%, errors: 1",1. You have consistently exceeded volume targets; what specific workflows helped you achieve this? | 2. Your transaction accuracy is exceptional; how do you maintain this precision during peak hours? | 3. What best practices can you share with your peers to elevate overall team performance?
"loans: 104, accuracy: 86.6%, errors: 2",1. You are maintaining a steady baseline; what are your primary focus areas for the upcoming month? | 2. Are there any specific steps in the transaction process currently causing you friction? | 3. What new skills or cross-training areas would you like to explore to increase your overall output?
"loans: 102, accuracy: 96.3%, errors: 3","1. We noticed a recent dip in accuracy; what operational bottlenecks are you currently facing? | 2. With the recent increase in errors, how is the current workload affecting your document review process? | 3. What additional training, resources, or system support do you need to improve these metrics next month?"
"loans: 96, accuracy: 76.8%, errors: 3","1. We noticed a recent dip in accuracy; what operational bottlenecks are you currently facing? | 2. With the recent increase in errors, how is the current workload affecting your document review process? | 3. What additional training, resources, or system support do you need to improve these metrics next month?"
"loans: 54, accuracy: 96.6%, errors: 4","1. We noticed a recent dip in accuracy; what operational bottlenecks are you currently facing? | 2. With the recent increase in errors, how is the current workload affecting your document review process? | 3. What additional training, resources, or system support do you need to improve these metrics next month?"
"loans: 89, accuracy: 80.5%, errors: 4","1. We noticed a recent dip in accuracy; what operational bottlenecks are you currently facing? | 2. With the recent increase in errors, how is the current workload affecting your document review process? | 3. What additional training, resources, or system support do you need to improve these metrics next month?"
"loans: 156, accuracy: 83.9%, errors: 4","1. We noticed a recent dip in accuracy; what operational bottlenecks are you currently facing? | 2. With the recent increase in errors, how is the current workload affecting your document review process? | 3. What additional training, resources, or system support do you need to improve these metrics next month?"
"loans: 151, accuracy: 72.2%, errors: 0","1. We noticed a recent dip in accuracy; what operational bottlenecks are you currently facing? | 2. With the recent increase in errors, how is the current workload affecting your document review process? | 3. What additional training, resources, or system support do you need to improve these metrics next month?"
"loans: 46, accuracy: 92.1%, errors: 5","1. We noticed a recent dip in accuracy; what operational bottlenecks are you currently facing? | 2. With the recent increase in errors, how is the current workload affecting your document review process? | 3. What additional training, resources, or system support do you need to improve these metrics next month?"
"loans: 98, accuracy: 72.5%, errors: 6","1. We noticed a recent dip in accuracy; what operational bottlenecks are you currently facing? | 2. With the recent increase in errors, how is the current workload affecting your document review process? | 3. What additional training, resources, or system support do you need to improve these metrics next month?"
"loans: 81, accuracy: 92.1%, errors: 5","1. We noticed a recent dip in accuracy; what operational bottlenecks are you currently facing? | 2. With the recent increase in errors, how is the current workload affecting your document review process? | 3. What additional training, resources, or system support do you need to improve these metrics next month?"
"loans: 147, accuracy: 76.3%, errors: 2","1. We noticed a recent dip in accuracy; what operational bottlenecks are you currently facing? | 2. With the recent increase in errors, how is the current workload affecting your document review process? | 3. What additional training, resources, or system support do you need to improve these metrics next month?"
"loans: 121, accuracy: 96.7%, errors: 2",1. You are maintaining a steady baseline; what are your primary focus areas for the upcoming month? | 2. Are there any specific steps in the transaction process currently causing you friction? | 3. What new skills or cross-training areas would you like to explore to increase your overall output?
"loans: 61, accuracy: 76.0%, errors: 5","1. We noticed a recent dip in accuracy; what operational bottlenecks are you currently facing? | 2. With the recent increase in errors, how is the current workload affecting your document review process? | 3. What additional training, resources, or system support do you need to improve these metrics next month?"
"loans: 111, accuracy: 84.1%, errors: 1","1. We noticed a recent dip in accuracy; what operational bottlenecks are you currently facing? | 2. With the recent increase in errors, how is the current workload affecting your document review process? | 3. What additional training, resources, or system support do you need to improve these metrics next month?"
"loans: 62, accuracy: 74.6%, errors: 0","1. We noticed a recent dip in accuracy; what operational bottlenecks are you currently facing? | 2. With the recent increase in errors, how is the current workload affecting your document review process? | 3. What additional training, resources, or system support do you need to improve these metrics next month?"
"loans: 87, accuracy: 96.4%, errors: 3","1. We noticed a recent dip in accuracy; what operational bottlenecks are you currently facing? | 2. With the recent increase in errors, how is the current workload affecting your document review process? | 3. What additional training, resources, or system support do you need to improve these metrics next month?"
"loans: 53, accuracy: 72.9%, errors: 4","1. We noticed a recent dip in accuracy; what operational bottlenecks are you currently facing? | 2. With the recent increase in errors, how is the current workload affecting your document review process? | 3. What additional training, resources, or system support do you need to improve these metrics next month?"
"loans: 150, accuracy: 76.6%, errors: 6","1. We noticed a recent dip in accuracy; what operational bottlenecks are you currently facing? | 2. With the recent increase in errors, how is the current workload affecting your document review process? | 3. What additional training, resources, or system support do you need to improve these metrics next month?"
"loans: 85, accuracy: 89.9%, errors: 0",1. You are maintaining a steady baseline; what are your primary focus areas for the upcoming month? | 2. Are there any specific steps in the transaction process currently causing you friction? | 3. What new skills or cross-training areas would you like to explore to increase your overall output?
"loans: 130, accuracy: 75.8%, errors: 5","1. We noticed a recent dip in accuracy; what operational bottlenecks are you currently facing? | 2. With the recent increase in errors, how is the current workload affecting your document review process? | 3. What additional training, resources, or system support do you need to improve these metrics next month?"
"loans: 83, accuracy: 88.8%, errors: 3","1. We noticed a recent dip in accuracy; what operational bottlenecks are you currently facing? | 2. With the recent increase in errors, how is the current workload affecting your document review process? | 3. What additional training, resources, or system support do you need to improve these metrics next month?"
"loans: 71, accuracy: 95.8%, errors: 4","1. We noticed a recent dip in accuracy; what operational bottlenecks are you currently facing? | 2. With the recent increase in errors, how is the current workload affecting your document review process? | 3. What additional training, resources, or system support do you need to improve these metrics next month?"
"loans: 50, accuracy: 71.0%, errors: 6","1. We noticed a recent dip in accuracy; what operational bottlenecks are you currently facing? | 2. With the recent increase in errors, how is the current workload affecting your document review process? | 3. What additional training, resources, or system support do you need to improve these metrics next month?"
"loans: 143, accuracy: 87.7%, errors: 5","1. We noticed a recent dip in accuracy; what operational bottlenecks are you currently facing? | 2. With the recent increase in errors, how is the current workload affecting your document review process? | 3. What additional training, resources, or system support do you need to improve these metrics next month?"
"loans: 104, accuracy: 93.0%, errors: 0",1. You are maintaining a steady baseline; what are your primary focus areas for the upcoming month? | 2. Are there any specific steps in the transaction process currently causing you friction? | 3. What new skills or cross-training areas would you like to explore to increase your overall output?
"loans: 158, accuracy: 99.1%, errors: 0",1. You have consistently exceeded volume targets; what specific workflows helped you achieve this? | 2. Your transaction accuracy is exceptional; how do you maintain this precision during peak hours? | 3. What best practices can you share with your peers to elevate overall team performance?
"loans: 143, accuracy: 95.2%, errors: 4","1. We noticed a recent dip in accuracy; what operational bottlenecks are you currently facing? | 2. With the recent increase in errors, how is the current workload affecting your document review process? | 3. What additional training, resources, or system support do you need to improve these metrics next month?"
"loans: 153, accuracy: 85.7%, errors: 6","1. We noticed a recent dip in accuracy; what operational bottlenecks are you currently facing? | 2. With the recent increase in errors, how is the current workload affecting your document review process? | 3. What additional training, resources, or system support do you need to improve these metrics next month?"
"loans: 67, accuracy: 76.7%, errors: 0","1. We noticed a recent dip in accuracy; what operational bottlenecks are you currently facing? | 2. With the recent increase in errors, how is the current workload affecting your document review process? | 3. What additional training, resources, or system support do you need to improve these metrics next month?"
"loans: 153, accuracy: 96.4%, errors: 6","1. We noticed a recent dip in accuracy; what operational bottlenecks are you currently facing? | 2. With the recent increase in errors, how is the current workload affecting your document review process? | 3. What additional training, resources, or system support do you need to improve these metrics next month?"
"loans: 113, accuracy: 83.4%, errors: 0","1. We noticed a recent dip in accuracy; what operational bottlenecks are you currently facing? | 2. With the recent increase in errors, how is the current workload affecting your document review process? | 3. What additional training, resources, or system support do you need to improve these metrics next month?"
"loans: 142, accuracy: 85.6%, errors: 3","1. We noticed a recent dip in accuracy; what operational bottlenecks are you currently facing? | 2. With the recent increase in errors, how is the current workload affecting your document review process? | 3. What additional training, resources, or system support do you need to improve these metrics next month?"
"loans: 128, accuracy: 71.2%, errors: 5","1. We noticed a recent dip in accuracy; what operational bottlenecks are you currently facing? | 2. With the recent increase in errors, how is the current workload affecting your document review process? | 3. What additional training, resources, or system support do you need to improve these metrics next month?"
"loans: 72, accuracy: 94.3%, errors: 0",1. You are maintaining a steady baseline; what are your primary focus areas for the upcoming month? | 2. Are there any specific steps in the transaction process currently causing you friction? | 3. What new skills or cross-training areas would you like to explore to increase your overall output?
"loans: 156, accuracy: 87.3%, errors: 2",1. You are maintaining a steady baseline; what are your primary focus areas for the upcoming month? | 2. Are there any specific steps in the transaction process currently causing you friction? | 3. What new skills or cross-training areas would you like to explore to increase your overall output?
"loans: 98, accuracy: 75.4%, errors: 0","1. We noticed a recent dip in accuracy; what operational bottlenecks are you currently facing? | 2. With the recent increase in errors, how is the current workload affecting your document review process? | 3. What additional training, resources, or system support do you need to improve these metrics next month?"
"loans: 135, accuracy: 96.1%, errors: 1",1. You have consistently exceeded volume targets; what specific workflows helped you achieve this? | 2. Your transaction accuracy is exceptional; how do you maintain this precision during peak hours? | 3. What best practices can you share with your peers to elevate overall team performance?
"loans: 126, accuracy: 82.3%, errors: 3","1. We noticed a recent dip in accuracy; what operational bottlenecks are you currently facing? | 2. With the recent increase in errors, how is the current workload affecting your document review process? | 3. What additional training, resources, or system support do you need to improve these metrics next month?"
"loans: 154, accuracy: 87.9%, errors: 0",1. You are maintaining a steady baseline; what are your primary focus areas for the upcoming month? | 2. Are there any specific steps in the transaction process currently causing you friction? | 3. What new skills or cross-training areas would you like to explore to increase your overall output?
"loans: 55, accuracy: 84.1%, errors: 1","1. We noticed a recent dip in accuracy; what operational bottlenecks are you currently facing? | 2. With the recent increase in errors, how is the current workload affecting your document review process? | 3. What additional training, resources, or system support do you need to improve these metrics next month?"
"loans: 138, accuracy: 96.3%, errors: 2",1. You are maintaining a steady baseline; what are your primary focus areas for the upcoming month? | 2. Are there any specific steps in the transaction process currently causing you friction? | 3. What new skills or cross-training areas would you like to explore to increase your overall output?
"loans: 144, accuracy: 72.3%, errors: 1","1. We noticed a recent dip in accuracy; what operational bottlenecks are you currently facing? | 2. With the recent increase in errors, how is the current workload affecting your document review process? | 3. What additional training, resources, or system support do you need to improve these metrics next month?"
"loans: 127, accuracy: 77.2%, errors: 0","1. We noticed a recent dip in accuracy; what operational bottlenecks are you currently facing? | 2. With the recent increase in errors, how is the current workload affecting your document review process? | 3. What additional training, resources, or system support do you need to improve these metrics next month?"
"loans: 120, accuracy: 82.9%, errors: 6","1. We noticed a recent dip in accuracy; what operational bottlenecks are you currently facing? | 2. With the recent increase in errors, how is the current workload affecting your document review process? | 3. What additional training, resources, or system support do you need to improve these metrics next month?"
"loans: 90, accuracy: 85.0%, errors: 4","1. We noticed a recent dip in accuracy; what operational bottlenecks are you currently facing? | 2. With the recent increase in errors, how is the current workload affecting your document review process? | 3. What additional training, resources, or system support do you need to improve these metrics next month?"
"loans: 43, accuracy: 77.4%, errors: 2","1. We noticed a recent dip in accuracy; what operational bottlenecks are you currently facing? | 2. With the recent increase in errors, how is the current workload affecting your document review process? | 3. What additional training, resources, or system support do you need to improve these metrics next month?"
"loans: 52, accuracy: 89.7%, errors: 3","1. We noticed a recent dip in accuracy; what operational bottlenecks are you currently facing? | 2. With the recent increase in errors, how is the current workload affecting your document review process? | 3. What additional training, resources, or system support do you need to improve these metrics next month?"
"loans: 94, accuracy: 89.7%, errors: 0",1. You are maintaining a steady baseline; what are your primary focus areas for the upcoming month? | 2. Are there any specific steps in the transaction process currently causing you friction? | 3. What new skills or cross-training areas would you like to explore to increase your overall output?
"loans: 84, accuracy: 89.4%, errors: 6","1. We noticed a recent dip in accuracy; what operational bottlenecks are you currently facing? | 2. With the recent increase in errors, how is the current workload affecting your document review process? | 3. What additional training, resources, or system support do you need to improve these metrics next month?"
"loans: 83, accuracy: 96.1%, errors: 3","1. We noticed a recent dip in accuracy; what operational bottlenecks are you currently facing? | 2. With the recent increase in errors, how is the current workload affecting your document review process? | 3. What additional training, resources, or system support do you need to improve these metrics next month?"
"loans: 147, accuracy: 75.9%, errors: 1","1. We noticed a recent dip in accuracy; what operational bottlenecks are you currently facing? | 2. With the recent increase in errors, how is the current workload affecting your document review process? | 3. What additional training, resources, or system support do you need to improve these metrics next month?"
"loans: 131, accuracy: 89.0%, errors: 5","1. We noticed a recent dip in accuracy; what operational bottlenecks are you currently facing? | 2. With the recent increase in errors, how is the current workload affecting your document review process? | 3. What additional training, resources, or system support do you need to improve these metrics next month?"
"loans: 98, accuracy: 85.3%, errors: 1",1. You are maintaining a steady baseline; what are your primary focus areas for the upcoming month? | 2. Are there any specific steps in the transaction process currently causing you friction? | 3. What new skills or cross-training areas would you like to explore to increase your overall output?
"loans: 133, accuracy: 86.0%, errors: 6","1. We noticed a recent dip in accuracy; what operational bottlenecks are you currently facing? | 2. With the recent increase in errors, how is the current workload affecting your document review process? | 3. What additional training, resources, or system support do you need to improve these metrics next month?"
"loans: 64, accuracy: 72.4%, errors: 0","1. We noticed a recent dip in accuracy; what operational bottlenecks are you currently facing? | 2. With the recent increase in errors, how is the current workload affecting your document review process? | 3. What additional training, resources, or system support do you need to improve these metrics next month?"
"loans: 157, accuracy: 75.2%, errors: 1","1. We noticed a recent dip in accuracy; what operational bottlenecks are you currently facing? | 2. With the recent increase in errors, how is the current workload affecting your document review process? | 3. What additional training, resources, or system support do you need to improve these metrics next month?"
"loans: 76, accuracy: 95.9%, errors: 0",1. You are maintaining a steady baseline; what are your primary focus areas for the upcoming month? | 2. Are there any specific steps in the transaction process currently causing you friction? | 3. What new skills or cross-training areas would you like to explore to increase your overall output?
"loans: 140, accuracy: 88.3%, errors: 6","1. We noticed a recent dip in accuracy; what operational bottlenecks are you currently facing? | 2. With the recent increase in errors, how is the current workload affecting your document review process? | 3. What additional training, resources, or system support do you need to improve these metrics next month?"
"loans: 105, accuracy: 97.8%, errors: 3","1. We noticed a recent dip in accuracy; what operational bottlenecks are you currently facing? | 2. With the recent increase in errors, how is the current workload affecting your document review process? | 3. What additional training, resources, or system support do you need to improve these metrics next month?"
"loans: 123, accuracy: 74.4%, errors: 0","1. We noticed a recent dip in accuracy; what operational bottlenecks are you currently facing? | 2. With the recent increase in errors, how is the current workload affecting your document review process? | 3. What additional training, resources, or system support do you need to improve these metrics next month?"
"loans: 114, accuracy: 74.0%, errors: 0","1. We noticed a recent dip in accuracy; what operational bottlenecks are you currently facing? | 2. With the recent increase in errors, how is the current workload affecting your document review process? | 3. What additional training, resources, or system support do you need to improve these metrics next month?"
"loans: 67, accuracy: 99.0%, errors: 1",1. You are maintaining a steady baseline; what are your primary focus areas for the upcoming month? | 2. Are there any specific steps in the transaction process currently causing you friction? | 3. What new skills or cross-training areas would you like to explore to increase your overall output?
"loans: 126, accuracy: 99.9%, errors: 6","1. We noticed a recent dip in accuracy; what operational bottlenecks are you currently facing? | 2. With the recent increase in errors, how is the current workload affecting your document review process? | 3. What additional training, resources, or system support do you need to improve these metrics next month?"
"loans: 130, accuracy: 74.4%, errors: 4","1. We noticed a recent dip in accuracy; what operational bottlenecks are you currently facing? | 2. With the recent increase in errors, how is the current workload affecting your document review process? | 3. What additional training, resources, or system support do you need to improve these metrics next month?"
"loans: 148, accuracy: 79.5%, errors: 1","1. We noticed a recent dip in accuracy; what operational bottlenecks are you currently facing? | 2. With the recent increase in errors, how is the current workload affecting your document review process? | 3. What additional training, resources, or system support do you need to improve these metrics next month?"
"loans: 121, accuracy: 99.8%, errors: 2",1. You are maintaining a steady baseline; what are your primary focus areas for the upcoming month? | 2. Are there any specific steps in the transaction process currently causing you friction? | 3. What new skills or cross-training areas would you like to explore to increase your overall output?
"loans: 64, accuracy: 95.0%, errors: 3","1. We noticed a recent dip in accuracy; what operational bottlenecks are you currently facing? | 2. With the recent increase in errors, how is the current workload affecting your document review process? | 3. What additional training, resources, or system support do you need to improve these metrics next month?"
"loans: 120, accuracy: 87.9%, errors: 5","1. We noticed a recent dip in accuracy; what operational bottlenecks are you currently facing? | 2. With the recent increase in errors, how is the current workload affecting your document review process? | 3. What additional training, resources, or system support do you need to improve these metrics next month?"
"loans: 42, accuracy: 85.3%, errors: 1",1. You are maintaining a steady baseline; what are your primary focus areas for the upcoming month? | 2. Are there any specific steps in the transaction process currently causing you friction? | 3. What new skills or cross-training areas would you like to explore to increase your overall output?
"loans: 156, accuracy: 75.8%, errors: 2","1. We noticed a recent dip in accuracy; what operational bottlenecks are you currently facing? | 2. With the recent increase in errors, how is the current workload affecting your document review process? | 3. What additional training, resources, or system support do you need to improve these metrics next month?"
"loans: 105, accuracy: 82.4%, errors: 3","1. We noticed a recent dip in accuracy; what operational bottlenecks are you currently facing? | 2. With the recent increase in errors, how is the current workload affecting your document review process? | 3. What additional training, resources, or system support do you need to improve these metrics next month?"
"loans: 126, accuracy: 80.6%, errors: 4","1. We noticed a recent dip in accuracy; what operational bottlenecks are you currently facing? | 2. With the recent increase in errors, how is the current workload affecting your document review process? | 3. What additional training, resources, or system support do you need to improve these metrics next month?"
"loans: 152, accuracy: 94.2%, errors: 6","1. We noticed a recent dip in accuracy; what operational bottlenecks are you currently facing? | 2. With the recent increase in errors, how is the current workload affecting your document review process? | 3. What additional training, resources, or system support do you need to improve these metrics next month?"
"loans: 119, accuracy: 75.2%, errors: 4","1. We noticed a recent dip in accuracy; what operational bottlenecks are you currently facing? | 2. With the recent increase in errors, how is the current workload affecting your document review process? | 3. What additional training, resources, or system support do you need to improve these metrics next month?"
"loans: 81, accuracy: 77.7%, errors: 6","1. We noticed a recent dip in accuracy; what operational bottlenecks are you currently facing? | 2. With the recent increase in errors, how is the current workload affecting your document review process? | 3. What additional training, resources, or system support do you need to improve these metrics next month?"
"loans: 144, accuracy: 88.4%, errors: 0",1. You are maintaining a steady baseline; what are your primary focus areas for the upcoming month? | 2. Are there any specific steps in the transaction process currently causing you friction? | 3. What new skills or cross-training areas would you like to explore to increase your overall output?
"loans: 131, accuracy: 75.1%, errors: 3","1. We noticed a recent dip in accuracy; what operational bottlenecks are you currently facing? | 2. With the recent increase in errors, how is the current workload affecting your document review process? | 3. What additional training, resources, or system support do you need to improve these metrics next month?"
"loans: 56, accuracy: 94.8%, errors: 2",1. You are maintaining a steady baseline; what are your primary focus areas for the upcoming month? | 2. Are there any specific steps in the transaction process currently causing you friction? | 3. What new skills or cross-training areas would you like to explore to increase your overall output?
"loans: 42, accuracy: 96.9%, errors: 1",1. You are maintaining a steady baseline; what are your primary focus areas for the upcoming month? | 2. Are there any specific steps in the transaction process currently causing you friction? | 3. What new skills or cross-training areas would you like to explore to increase your overall output?
"loans: 52, accuracy: 85.9%, errors: 2",1. You are maintaining a steady baseline; what are your primary focus areas for the upcoming month? | 2. Are there any specific steps in the transaction process currently causing you friction? | 3. What new skills or cross-training areas would you like to explore to increase your overall output?
"loans: 57, accuracy: 86.6%, errors: 6","1. We noticed a recent dip in accuracy; what operational bottlenecks are you currently facing? | 2. With the recent increase in errors, how is the current workload affecting your document review process? | 3. What additional training, resources, or system support do you need to improve these metrics next month?"
"loans: 55, accuracy: 99.4%, errors: 3","1. We noticed a recent dip in accuracy; what operational bottlenecks are you currently facing? | 2. With the recent increase in errors, how is the current workload affecting your document review process? | 3. What additional training, resources, or system support do you need to improve these metrics next month?"
"loans: 48, accuracy: 75.5%, errors: 4","1. We noticed a recent dip in accuracy; what operational bottlenecks are you currently facing? | 2. With the recent increase in errors, how is the current workload affecting your document review process? | 3. What additional training, resources, or system support do you need to improve these metrics next month?"
"loans: 160, accuracy: 81.3%, errors: 5","1. We noticed a recent dip in accuracy; what operational bottlenecks are you currently facing? | 2. With the recent increase in errors, how is the current workload affecting your document review process? | 3. What additional training, resources, or system support do you need to improve these metrics next month?"
"loans: 41, accuracy: 88.9%, errors: 2",1. You are maintaining a steady baseline; what are your primary focus areas for the upcoming month? | 2. Are there any specific steps in the transaction process currently causing you friction? | 3. What new skills or cross-training areas would you like to explore to increase your overall output?
"loans: 45, accuracy: 87.0%, errors: 4","1. We noticed a recent dip in accuracy; what operational bottlenecks are you currently facing? | 2. With the recent increase in errors, how is the current workload affecting your document review process? | 3. What additional training, resources, or system support do you need to improve these metrics next month?"
"loans: 119, accuracy: 73.8%, errors: 1","1. We noticed a recent dip in accuracy; what operational bottlenecks are you currently facing? | 2. With the recent increase in errors, how is the current workload affecting your document review process? | 3. What additional training, resources, or system support do you need to improve these metrics next month?"
"loans: 51, accuracy: 83.9%, errors: 6","1. We noticed a recent dip in accuracy; what operational bottlenecks are you currently facing? | 2. With the recent increase in errors, how is the current workload affecting your document review process? | 3. What additional training, resources, or system support do you need to improve these metrics next month?"
"loans: 116, accuracy: 88.9%, errors: 4","1. We noticed a recent dip in accuracy; what operational bottlenecks are you currently facing? | 2. With the recent increase in errors, how is the current workload affecting your document review process? | 3. What additional training, resources, or system support do you need to improve these metrics next month?"
"loans: 157, accuracy: 81.4%, errors: 3","1. We noticed a recent dip in accuracy; what operational bottlenecks are you currently facing? | 2. With the recent increase in errors, how is the current workload affecting your document review process? | 3. What additional training, resources, or system support do you need to improve these metrics next month?"
"loans: 83, accuracy: 88.6%, errors: 2",1. You are maintaining a steady baseline; what are your primary focus areas for the upcoming month? | 2. Are there any specific steps in the transaction process currently causing you friction? | 3. What new skills or cross-training areas would you like to explore to increase your overall output?
"loans: 70, accuracy: 91.5%, errors: 6","1. We noticed a recent dip in accuracy; what operational bottlenecks are you currently facing? | 2. With the recent increase in errors, how is the current workload affecting your document review process? | 3. What additional training, resources, or system support do you need to improve these metrics next month?"
"loans: 68, accuracy: 96.8%, errors: 1",1. You are maintaining a steady baseline; what are your primary focus areas for the upcoming month? | 2. Are there any specific steps in the transaction process currently causing you friction? | 3. What new skills or cross-training areas would you like to explore to increase your overall output?
"loans: 49, accuracy: 90.5%, errors: 0",1. You are maintaining a steady baseline; what are your primary focus areas for the upcoming month? | 2. Are there any specific steps in the transaction process currently causing you friction? | 3. What new skills or cross-training areas would you like to explore to increase your overall output?
"loans: 118, accuracy: 88.2%, errors: 2",1. You are maintaining a steady baseline; what are your primary focus areas for the upcoming month? | 2. Are there any specific steps in the transaction process currently causing you friction? | 3. What new skills or cross-training areas would you like to explore to increase your overall output?
"loans: 160, accuracy: 83.5%, errors: 2","1. We noticed a recent dip in accuracy; what operational bottlenecks are you currently facing? | 2. With the recent increase in errors, how is the current workload affecting your document review process? | 3. What additional training, resources, or system support do you need to improve these metrics next month?"
"loans: 114, accuracy: 71.8%, errors: 4","1. We noticed a recent dip in accuracy; what operational bottlenecks are you currently facing? | 2. With the recent increase in errors, how is the current workload affecting your document review process? | 3. What additional training, resources, or system support do you need to improve these metrics next month?"
"loans: 130, accuracy: 83.4%, errors: 2","1. We noticed a recent dip in accuracy; what operational bottlenecks are you currently facing? | 2. With the recent increase in errors, how is the current workload affecting your document review process? | 3. What additional training, resources, or system support do you need to improve these metrics next month?"
"loans: 70, accuracy: 90.0%, errors: 2",1. You are maintaining a steady baseline; what are your primary focus areas for the upcoming month? | 2. Are there any specific steps in the transaction process currently causing you friction? | 3. What new skills or cross-training areas would you like to explore to increase your overall output?
"loans: 104, accuracy: 87.1%, errors: 3","1. We noticed a recent dip in accuracy; what operational bottlenecks are you currently facing? | 2. With the recent increase in errors, how is the current workload affecting your document review process? | 3. What additional training, resources, or system support do you need to improve these metrics next month?"
"loans: 107, accuracy: 85.8%, errors: 4","1. We noticed a recent dip in accuracy; what operational bottlenecks are you currently facing? | 2. With the recent increase in errors, how is the current workload affecting your document review process? | 3. What additional training, resources, or system support do you need to improve these metrics next month?"
"loans: 56, accuracy: 79.9%, errors: 0","1. We noticed a recent dip in accuracy; what operational bottlenecks are you currently facing? | 2. With the recent increase in errors, how is the current workload affecting your document review process? | 3. What additional training, resources, or system support do you need to improve these metrics next month?"
"loans: 115, accuracy: 73.1%, errors: 5","1. We noticed a recent dip in accuracy; what operational bottlenecks are you currently facing? | 2. With the recent increase in errors, how is the current workload affecting your document review process? | 3. What additional training, resources, or system support do you need to improve these metrics next month?"
"loans: 160, accuracy: 76.1%, errors: 2","1. We noticed a recent dip in accuracy; what operational bottlenecks are you currently facing? | 2. With the recent increase in errors, how is the current workload affecting your document review process? | 3. What additional training, resources, or system support do you need to improve these metrics next month?"
"loans: 115, accuracy: 86.3%, errors: 0",1. You are maintaining a steady baseline; what are your primary focus areas for the upcoming month? | 2. Are there any specific steps in the transaction process currently causing you friction? | 3. What new skills or cross-training areas would you like to explore to increase your overall output?
"loans: 125, accuracy: 72.1%, errors: 1","1. We noticed a recent dip in accuracy; what operational bottlenecks are you currently facing? | 2. With the recent increase in errors, how is the current workload affecting your document review process? | 3. What additional training, resources, or system support do you need to improve these metrics next month?"
"loans: 115, accuracy: 80.0%, errors: 0","1. We noticed a recent dip in accuracy; what operational bottlenecks are you currently facing? | 2. With the recent increase in errors, how is the current workload affecting your document review process? | 3. What additional training, resources, or system support do you need to improve these metrics next month?"
"loans: 58, accuracy: 74.3%, errors: 5","1. We noticed a recent dip in accuracy; what operational bottlenecks are you currently facing? | 2. With the recent increase in errors, how is the current workload affecting your document review process? | 3. What additional training, resources, or system support do you need to improve these metrics next month?"
"loans: 117, accuracy: 85.5%, errors: 1",1. You are maintaining a steady baseline; what are your primary focus areas for the upcoming month? | 2. Are there any specific steps in the transaction process currently causing you friction? | 3. What new skills or cross-training areas would you like to explore to increase your overall output?
"loans: 121, accuracy: 91.9%, errors: 3","1. We noticed a recent dip in accuracy; what operational bottlenecks are you currently facing? | 2. With the recent increase in errors, how is the current workload affecting your document review process? | 3. What additional training, resources, or system support do you need to improve these metrics next month?"
"loans: 149, accuracy: 96.8%, errors: 0",1. You have consistently exceeded volume targets; what specific workflows helped you achieve this? | 2. Your transaction accuracy is exceptional; how do you maintain this precision during peak hours? | 3. What best practices can you share with your peers to elevate overall team performance?
"loans: 132, accuracy: 89.0%, errors: 1",1. You are maintaining a steady baseline; what are your primary focus areas for the upcoming month? | 2. Are there any specific steps in the transaction process currently causing you friction? | 3. What new skills or cross-training areas would you like to explore to increase your overall output?
"loans: 110, accuracy: 96.3%, errors: 6","1. We noticed a recent dip in accuracy; what operational bottlenecks are you currently facing? | 2. With the recent increase in errors, how is the current workload affecting your document review process? | 3. What additional training, resources, or system support do you need to improve these metrics next month?"
"loans: 160, accuracy: 86.4%, errors: 0",1. You are maintaining a steady baseline; what are your primary focus areas for the upcoming month? | 2. Are there any specific steps in the transaction process currently causing you friction? | 3. What new skills or cross-training areas would you like to explore to increase your overall output?
"loans: 90, accuracy: 82.4%, errors: 4","1. We noticed a recent dip in accuracy; what operational bottlenecks are you currently facing? | 2. With the recent increase in errors, how is the current workload affecting your document review process? | 3. What additional training, resources, or system support do you need to improve these metrics next month?"
"loans: 146, accuracy: 76.8%, errors: 4","1. We noticed a recent dip in accuracy; what operational bottlenecks are you currently facing? | 2. With the recent increase in errors, how is the current workload affecting your document review process? | 3. What additional training, resources, or system support do you need to improve these metrics next month?"
"loans: 134, accuracy: 76.8%, errors: 0","1. We noticed a recent dip in accuracy; what operational bottlenecks are you currently facing? | 2. With the recent increase in errors, how is the current workload affecting your document review process? | 3. What additional training, resources, or system support do you need to improve these metrics next month?"
"loans: 45, accuracy: 99.2%, errors: 3","1. We noticed a recent dip in accuracy; what operational bottlenecks are you currently facing? | 2. With the recent increase in errors, how is the current workload affecting your document review process? | 3. What additional training, resources, or system support do you need to improve these metrics next month?"
"loans: 119, accuracy: 92.0%, errors: 3","1. We noticed a recent dip in accuracy; what operational bottlenecks are you currently facing? | 2. With the recent increase in errors, how is the current workload affecting your document review process? | 3. What additional training, resources, or system support do you need to improve these metrics next month?"
"loans: 97, accuracy: 81.3%, errors: 4","1. We noticed a recent dip in accuracy; what operational bottlenecks are you currently facing? | 2. With the recent increase in errors, how is the current workload affecting your document review process? | 3. What additional training, resources, or system support do you need to improve these metrics next month?"
"loans: 153, accuracy: 83.6%, errors: 0","1. We noticed a recent dip in accuracy; what operational bottlenecks are you currently facing? | 2. With the recent increase in errors, how is the current workload affecting your document review process? | 3. What additional training, resources, or system support do you need to improve these metrics next month?"
"loans: 102, accuracy: 97.2%, errors: 6","1. We noticed a recent dip in accuracy; what operational bottlenecks are you currently facing? | 2. With the recent increase in errors, how is the current workload affecting your document review process? | 3. What additional training, resources, or system support do you need to improve these metrics next month?"
"loans: 146, accuracy: 94.3%, errors: 3","1. We noticed a recent dip in accuracy; what operational bottlenecks are you currently facing? | 2. With the recent increase in errors, how is the current workload affecting your document review process? | 3. What additional training, resources, or system support do you need to improve these metrics next month?"
"loans: 41, accuracy: 73.4%, errors: 0","1. We noticed a recent dip in accuracy; what operational bottlenecks are you currently facing? | 2. With the recent increase in errors, how is the current workload affecting your document review process? | 3. What additional training, resources, or system support do you need to improve these metrics next month?"
"loans: 53, accuracy: 81.2%, errors: 3","1. We noticed a recent dip in accuracy; what operational bottlenecks are you currently facing? | 2. With the recent increase in errors, how is the current workload affecting your document review process? | 3. What additional training, resources, or system support do you need to improve these metrics next month?"
"loans: 98, accuracy: 91.9%, errors: 2",1. You are maintaining a steady baseline; what are your primary focus areas for the upcoming month? | 2. Are there any specific steps in the transaction process currently causing you friction? | 3. What new skills or cross-training areas would you like to explore to increase your overall output?
"loans: 137, accuracy: 75.0%, errors: 3","1. We noticed a recent dip in accuracy; what operational bottlenecks are you currently facing? | 2. With the recent increase in errors, how is the current workload affecting your document review process? | 3. What additional training, resources, or system support do you need to improve these metrics next month?"
"loans: 64, accuracy: 79.9%, errors: 5","1. We noticed a recent dip in accuracy; what operational bottlenecks are you currently facing? | 2. With the recent increase in errors, how is the current workload affecting your document review process? | 3. What additional training, resources, or system support do you need to improve these metrics next month?"
"loans: 128, accuracy: 90.0%, errors: 0",1. You have consistently exceeded volume targets; what specific workflows helped you achieve this? | 2. Your transaction accuracy is exceptional; how do you maintain this precision during peak hours? | 3. What best practices can you share with your peers to elevate overall team performance?
"loans: 108, accuracy: 90.1%, errors: 1",1. You are maintaining a steady baseline; what are your primary focus areas for the upcoming month? | 2. Are there any specific steps in the transaction process currently causing you friction? | 3. What new skills or cross-training areas would you like to explore to increase your overall output?
"loans: 141, accuracy: 98.8%, errors: 0",1. You have consistently exceeded volume targets; what specific workflows helped you achieve this? | 2. Your transaction accuracy is exceptional; how do you maintain this precision during peak hours? | 3. What best practices can you share with your peers to elevate overall team performance?
