record_id,employee_id,loan_volumes,transaction_accuracy,workplan_completion,error_frequencies,feedback_text,truthfulness_weight,reliability_target,recorded_at
1,1,134,94.45,94.48,1,Struggles with meeting deadlines.,0.8,0,2025-01-01 00:00:00
2,1,165,100.0,95.67,0,,0.97,1,2025-02-01 00:00:00
3,1,102,92.9,82.29,2,Consistently meets targets with high integrity.,0.89,0,2025-03-01 00:00:00
4,1,92,90.95,91.14,1,Excellent collaboration skills during month-end reconciliation.,0.92,0,2025-04-01 00:00:00
5,1,163,94.1,88.68,1,,0.82,0,2025-05-01 00:00:00
6,1,77,90.4,91.76,0,,0.93,0,2025-06-01 00:00:00
7,1,101,98.79,90.91,1,Excellent collaboration skills during month-end reconciliation.,0.93,0,2025-07-01 00:00:00
8,1,100,92.87,87.94,3,Struggles with meeting deadlines.,0.97,0,2025-08-01 00:00:00
9,1,203,99.77,90.19,1,,0.81,0,2025-09-01 00:00:00
10,1,146,90.96,72.17,2,Excellent collaboration skills during month-end reconciliation.,1.0,0,2025-10-01 00:00:00
11,1,130,87.95,91.24,0,Struggles with meeting deadlines.,1.0,0,2025-11-01 00:00:00
12,1,108,97.33,96.88,2,Needs improvement in peer collaboration and ledger speed.,0.97,0,2025-12-01 00:00:00
13,2,94,93.76,91.31,1,,0.94,0,2025-01-01 00:00:00
14,2,149,90.57,76.04,4,Consistently meets targets with high integrity.,0.86,0,2025-02-01 00:00:00
15,2,149,98.18,100.0,2,,0.87,0,2025-03-01 00:00:00
16,2,130,95.35,85.01,3,,0.85,0,2025-04-01 00:00:00
17,2,164,92.93,79.92,5,,0.94,0,2025-05-01 00:00:00
18,2,104,95.39,97.69,3,,0.84,0,2025-06-01 00:00:00
19,2,108,89.15,90.96,0,Struggles with meeting deadlines.,0.92,0,2025-07-01 00:00:00
20,2,127,84.38,91.46,1,,0.98,0,2025-08-01 00:00:00
21,2,133,94.34,90.15,4,,0.89,0,2025-09-01 00:00:00
22,2,59,87.32,87.73,1,,0.85,0,2025-10-01 00:00:00
23,2,121,100.0,86.08,1,,0.96,0,2025-11-01 00:00:00
24,2,129,99.57,95.52,2,Needs improvement in peer collaboration and ledger speed.,0.91,0,2025-12-01 00:00:00
25,3,162,100.0,79.19,2,,0.99,0,2025-01-01 00:00:00
26,3,122,95.4,82.97,1,Excellent collaboration skills during month-end reconciliation.,0.93,0,2025-02-01 00:00:00
27,3,73,95.27,77.38,3,,0.85,0,2025-03-01 00:00:00
28,3,134,91.87,84.78,4,Shows strong ethical compliance and teamwork.,1.0,0,2025-04-01 00:00:00
29,3,160,100.0,84.76,4,Consistently meets targets with high integrity.,0.85,0,2025-05-01 00:00:00
30,3,113,97.09,90.97,3,Minor KYC compliance oversight noted.,0.86,0,2025-06-01 00:00:00
31,3,128,92.14,100.0,2,Consistently meets targets with high integrity.,1.0,0,2025-07-01 00:00:00
32,3,134,92.0,76.7,5,Excellent collaboration skills during month-end reconciliation.,0.8,0,2025-08-01 00:00:00
33,3,78,91.91,96.79,4,Needs improvement in peer collaboration and ledger speed.,0.99,0,2025-09-01 00:00:00
34,3,112,97.5,79.43,1,Needs improvement in peer collaboration and ledger speed.,0.9,0,2025-10-01 00:00:00
35,3,87,96.93,85.77,0,Excellent collaboration skills during month-end reconciliation.,0.96,0,2025-11-01 00:00:00
36,3,141,94.5,95.4,4,,0.96,0,2025-12-01 00:00:00
37,4,106,98.43,90.14,3,,0.84,0,2025-01-01 00:00:00
38,4,82,95.23,76.57,4,,0.95,0,2025-02-01 00:00:00
39,4,147,92.58,91.04,4,Needs improvement in peer collaboration and ledger speed.,0.97,0,2025-03-01 00:00:00
40,4,127,98.82,94.51,2,Needs improvement in peer collaboration and ledger speed.,0.93,0,2025-04-01 00:00:00
41,4,124,91.58,87.6,2,,0.89,0,2025-05-01 00:00:00
42,4,103,93.11,98.89,0,Needs improvement in peer collaboration and ledger speed.,0.83,1,2025-06-01 00:00:00
43,4,166,95.51,93.5,0,Excellent collaboration skills during month-end reconciliation.,0.95,1,2025-07-01 00:00:00
44,4,81,95.18,81.48,4,,0.83,0,2025-08-01 00:00:00
45,4,151,92.49,83.56,0,Excellent collaboration skills during month-end reconciliation.,0.91,0,2025-09-01 00:00:00
46,4,69,97.02,96.66,1,Shows strong ethical compliance and teamwork.,0.85,0,2025-10-01 00:00:00
47,4,105,92.39,100.0,3,Struggles with meeting deadlines.,0.99,0,2025-11-01 00:00:00
48,4,132,100.0,98.32,1,,0.97,0,2025-12-01 00:00:00
49,5,158,92.17,92.44,1,Struggles with meeting deadlines.,0.99,0,2025-01-01 00:00:00
50,5,143,82.03,77.76,1,,0.99,0,2025-02-01 00:00:00
51,5,168,89.28,83.6,2,Needs improvement in peer collaboration and ledger speed.,0.93,0,2025-03-01 00:00:00
52,5,123,96.62,97.1,1,,0.97,0,2025-04-01 00:00:00
53,5,113,95.24,94.47,3,Consistently meets targets with high integrity.,0.96,0,2025-05-01 00:00:00
54,5,123,97.75,88.71,3,,0.91,0,2025-06-01 00:00:00
55,5,105,95.83,96.85,0,,0.93,1,2025-07-01 00:00:00
56,5,106,92.64,96.5,0,Minor KYC compliance oversight noted.,0.88,1,2025-08-01 00:00:00
57,5,148,100.0,91.62,2,Excellent collaboration skills during month-end reconciliation.,0.82,0,2025-09-01 00:00:00
58,5,137,97.99,94.1,3,,0.81,0,2025-10-01 00:00:00
59,5,136,94.19,85.82,2,Minor KYC compliance oversight noted.,0.87,0,2025-11-01 00:00:00
60,5,152,95.05,97.31,3,Needs improvement in peer collaboration and ledger speed.,0.81,0,2025-12-01 00:00:00
61,6,111,92.55,100.0,1,Needs improvement in peer collaboration and ledger speed.,0.86,0,2025-01-01 00:00:00
62,6,151,99.82,76.03,3,,0.83,0,2025-02-01 00:00:00
63,6,99,94.96,67.1,2,Excellent collaboration skills during month-end reconciliation.,1.0,0,2025-03-01 00:00:00
64,6,173,96.65,82.36,1,,0.85,0,2025-04-01 00:00:00
65,6,127,92.97,83.29,0,Struggles with meeting deadlines.,0.89,0,2025-05-01 00:00:00
66,6,126,99.62,83.23,4,Needs improvement in peer collaboration and ledger speed.,0.94,0,2025-06-01 00:00:00
67,6,129,100.0,96.58,0,Minor KYC compliance oversight noted.,0.95,1,2025-07-01 00:00:00
68,6,115,93.79,87.95,1,,0.88,0,2025-08-01 00:00:00
69,6,158,98.08,92.93,1,,0.9,0,2025-09-01 00:00:00
70,6,122,93.63,92.58,1,,0.99,0,2025-10-01 00:00:00
71,6,122,98.93,92.74,3,,0.87,0,2025-11-01 00:00:00
72,6,121,99.8,100.0,1,,0.99,0,2025-12-01 00:00:00
73,7,116,98.91,73.47,1,Consistently meets targets with high integrity.,1.0,0,2025-01-01 00:00:00
74,7,143,99.13,69.9,0,,0.98,0,2025-02-01 00:00:00
75,7,130,100.0,97.5,1,Consistently meets targets with high integrity.,0.88,0,2025-03-01 00:00:00
76,7,102,89.72,100.0,2,,0.82,0,2025-04-01 00:00:00
77,7,117,93.87,90.95,4,Struggles with meeting deadlines.,0.82,0,2025-05-01 00:00:00
78,7,87,88.62,82.01,0,,0.93,0,2025-06-01 00:00:00
79,7,127,96.21,100.0,3,Consistently meets targets with high integrity.,0.96,0,2025-07-01 00:00:00
80,7,129,89.53,93.35,3,,0.83,0,2025-08-01 00:00:00
81,7,127,100.0,89.15,4,Consistently meets targets with high integrity.,0.97,0,2025-09-01 00:00:00
82,7,166,97.58,100.0,2,Minor KYC compliance oversight noted.,0.84,0,2025-10-01 00:00:00
83,7,68,100.0,96.86,3,Excellent collaboration skills during month-end reconciliation.,0.95,0,2025-11-01 00:00:00
84,7,115,98.93,91.31,2,Minor KYC compliance oversight noted.,0.8,0,2025-12-01 00:00:00
85,8,68,94.78,91.84,2,Shows strong ethical compliance and teamwork.,1.0,0,2025-01-01 00:00:00
86,8,119,94.51,87.25,0,Shows strong ethical compliance and teamwork.,0.82,0,2025-02-01 00:00:00
87,8,130,91.24,82.86,3,Shows strong ethical compliance and teamwork.,0.8,0,2025-03-01 00:00:00
88,8,88,92.88,80.07,1,Shows strong ethical compliance and teamwork.,0.92,0,2025-04-01 00:00:00
89,8,116,90.86,82.46,2,,0.85,0,2025-05-01 00:00:00
90,8,84,97.06,100.0,0,,0.88,1,2025-06-01 00:00:00
91,8,116,94.12,94.14,1,,0.81,0,2025-07-01 00:00:00
92,8,142,93.9,64.98,2,,0.87,0,2025-08-01 00:00:00
93,8,145,91.05,88.29,1,Struggles with meeting deadlines.,0.9,0,2025-09-01 00:00:00
94,8,149,100.0,63.43,1,Consistently meets targets with high integrity.,0.95,0,2025-10-01 00:00:00
95,8,114,94.81,77.39,1,Needs improvement in peer collaboration and ledger speed.,0.9,0,2025-11-01 00:00:00
96,8,100,95.87,97.11,3,,0.99,0,2025-12-01 00:00:00
97,9,191,99.06,83.59,0,,0.9,0,2025-01-01 00:00:00
98,9,167,91.5,74.17,2,,0.94,0,2025-02-01 00:00:00
99,9,120,95.51,84.39,1,,0.98,0,2025-03-01 00:00:00
100,9,112,93.47,83.87,1,,0.82,0,2025-04-01 00:00:00
101,9,44,97.74,91.9,3,Consistently meets targets with high integrity.,0.83,0,2025-05-01 00:00:00
102,9,117,97.11,90.08,2,Minor KYC compliance oversight noted.,0.91,0,2025-06-01 00:00:00
103,9,100,97.28,80.37,1,,1.0,0,2025-07-01 00:00:00
104,9,65,96.04,78.96,2,Struggles with meeting deadlines.,0.9,0,2025-08-01 00:00:00
105,9,203,88.56,86.51,0,,0.96,0,2025-09-01 00:00:00
106,9,107,99.03,82.23,2,,0.93,0,2025-10-01 00:00:00
107,9,98,100.0,70.3,3,Minor KYC compliance oversight noted.,0.94,0,2025-11-01 00:00:00
108,9,89,95.68,88.89,1,,0.89,0,2025-12-01 00:00:00
109,10,134,100.0,86.8,2,,0.87,0,2025-01-01 00:00:00
110,10,123,96.58,83.79,2,,0.88,0,2025-02-01 00:00:00
111,10,111,98.79,85.5,2,,0.89,0,2025-03-01 00:00:00
112,10,159,95.07,100.0,2,Excellent collaboration skills during month-end reconciliation.,0.99,0,2025-04-01 00:00:00
113,10,146,95.38,79.15,3,Struggles with meeting deadlines.,0.81,0,2025-05-01 00:00:00
114,10,128,97.04,100.0,3,Consistently meets targets with high integrity.,0.89,0,2025-06-01 00:00:00
115,10,87,91.73,100.0,3,Excellent collaboration skills during month-end reconciliation.,0.96,0,2025-07-01 00:00:00
116,10,132,100.0,83.55,1,Minor KYC compliance oversight noted.,0.99,0,2025-08-01 00:00:00
117,10,148,98.89,100.0,2,Needs improvement in peer collaboration and ledger speed.,0.82,0,2025-09-01 00:00:00
118,10,150,87.89,100.0,2,,0.93,0,2025-10-01 00:00:00
119,10,125,100.0,85.97,6,Needs improvement in peer collaboration and ledger speed.,0.81,0,2025-11-01 00:00:00
120,10,121,100.0,100.0,4,,0.86,0,2025-12-01 00:00:00
121,11,196,97.1,82.12,2,,0.9,0,2025-01-01 00:00:00
122,11,115,90.95,71.45,3,,0.9,0,2025-02-01 00:00:00
123,11,109,100.0,85.4,1,Excellent collaboration skills during month-end reconciliation.,0.97,0,2025-03-01 00:00:00
124,11,74,84.21,87.46,3,,0.95,0,2025-04-01 00:00:00
125,11,111,90.57,100.0,0,Struggles with meeting deadlines.,0.97,1,2025-05-01 00:00:00
126,11,121,91.87,94.74,2,Minor KYC compliance oversight noted.,0.92,0,2025-06-01 00:00:00
127,11,119,92.83,80.87,3,Consistently meets targets with high integrity.,0.92,0,2025-07-01 00:00:00
128,11,123,99.98,67.27,1,Needs improvement in peer collaboration and ledger speed.,0.85,0,2025-08-01 00:00:00
129,11,77,91.89,76.89,0,,0.94,0,2025-09-01 00:00:00
130,11,172,96.94,80.27,1,,0.87,0,2025-10-01 00:00:00
131,11,98,92.09,88.99,1,,0.97,0,2025-11-01 00:00:00
132,11,116,93.6,85.71,3,Struggles with meeting deadlines.,0.81,0,2025-12-01 00:00:00
133,12,169,90.97,81.43,1,Consistently meets targets with high integrity.,0.82,0,2025-01-01 00:00:00
134,12,91,88.32,100.0,3,Struggles with meeting deadlines.,0.88,0,2025-02-01 00:00:00
135,12,159,87.99,95.56,2,,0.87,0,2025-03-01 00:00:00
136,12,77,95.84,87.03,1,Minor KYC compliance oversight noted.,0.92,0,2025-04-01 00:00:00
137,12,118,99.41,89.14,1,Shows strong ethical compliance and teamwork.,0.83,0,2025-05-01 00:00:00
138,12,124,96.23,70.9,2,Needs improvement in peer collaboration and ledger speed.,0.82,0,2025-06-01 00:00:00
139,12,81,95.4,71.7,3,,0.88,0,2025-07-01 00:00:00
140,12,136,100.0,100.0,1,Struggles with meeting deadlines.,0.85,0,2025-08-01 00:00:00
141,12,115,98.23,91.84,0,Consistently meets targets with high integrity.,0.87,1,2025-09-01 00:00:00
142,12,48,97.07,80.74,0,,0.94,0,2025-10-01 00:00:00
143,12,76,97.32,72.76,2,Minor KYC compliance oversight noted.,0.93,0,2025-11-01 00:00:00
144,12,96,91.2,100.0,3,,0.88,0,2025-12-01 00:00:00
145,13,102,95.49,100.0,2,Consistently meets targets with high integrity.,0.84,0,2025-01-01 00:00:00
146,13,117,95.72,84.65,3,Shows strong ethical compliance and teamwork.,0.95,0,2025-02-01 00:00:00
147,13,134,97.13,77.12,2,,0.82,0,2025-03-01 00:00:00
148,13,147,94.7,94.21,1,,0.89,0,2025-04-01 00:00:00
149,13,131,97.44,93.6,3,,0.91,0,2025-05-01 00:00:00
150,13,152,96.72,90.08,1,,0.91,0,2025-06-01 00:00:00
151,13,87,99.21,87.6,4,Excellent collaboration skills during month-end reconciliation.,0.81,0,2025-07-01 00:00:00
152,13,140,89.38,93.01,0,Consistently meets targets with high integrity.,0.89,0,2025-08-01 00:00:00
153,13,126,93.09,100.0,0,,0.82,1,2025-09-01 00:00:00
154,13,93,96.65,68.7,4,,0.89,0,2025-10-01 00:00:00
155,13,122,99.26,82.83,5,,0.93,0,2025-11-01 00:00:00
156,13,162,100.0,82.77,1,,0.88,0,2025-12-01 00:00:00
157,14,79,91.33,77.96,0,Shows strong ethical compliance and teamwork.,0.96,0,2025-01-01 00:00:00
158,14,96,87.27,75.93,3,Needs improvement in peer collaboration and ledger speed.,0.98,0,2025-02-01 00:00:00
159,14,115,91.7,100.0,2,,0.97,0,2025-03-01 00:00:00
160,14,100,95.67,92.92,2,,0.92,0,2025-04-01 00:00:00
161,14,104,92.6,93.55,1,Struggles with meeting deadlines.,0.97,0,2025-05-01 00:00:00
162,14,101,93.51,76.26,2,Shows strong ethical compliance and teamwork.,0.87,0,2025-06-01 00:00:00
163,14,103,97.53,90.03,2,,0.9,0,2025-07-01 00:00:00
164,14,74,93.55,93.84,0,,0.9,0,2025-08-01 00:00:00
165,14,128,96.34,94.59,0,Excellent collaboration skills during month-end reconciliation.,0.87,1,2025-09-01 00:00:00
166,14,180,88.01,75.43,2,Needs improvement in peer collaboration and ledger speed.,0.96,0,2025-10-01 00:00:00
167,14,104,95.9,87.84,3,,0.83,0,2025-11-01 00:00:00
168,14,155,97.73,100.0,3,,0.92,0,2025-12-01 00:00:00
169,15,144,97.03,98.67,2,Needs improvement in peer collaboration and ledger speed.,0.82,0,2025-01-01 00:00:00
170,15,155,93.52,79.66,1,Needs improvement in peer collaboration and ledger speed.,0.9,0,2025-02-01 00:00:00
171,15,132,96.6,85.74,3,Minor KYC compliance oversight noted.,0.89,0,2025-03-01 00:00:00
172,15,120,98.01,74.5,2,Minor KYC compliance oversight noted.,0.93,0,2025-04-01 00:00:00
173,15,127,100.0,87.05,2,Excellent collaboration skills during month-end reconciliation.,0.97,0,2025-05-01 00:00:00
174,15,128,95.7,92.09,0,Shows strong ethical compliance and teamwork.,0.89,1,2025-06-01 00:00:00
175,15,152,90.89,89.33,2,,0.93,0,2025-07-01 00:00:00
176,15,98,96.47,82.74,0,Minor KYC compliance oversight noted.,0.81,0,2025-08-01 00:00:00
177,15,166,94.74,82.45,2,Excellent collaboration skills during month-end reconciliation.,0.89,0,2025-09-01 00:00:00
178,15,176,90.08,86.22,2,,0.87,0,2025-10-01 00:00:00
179,15,127,92.74,75.2,2,,0.93,0,2025-11-01 00:00:00
180,15,146,94.54,94.33,2,Consistently meets targets with high integrity.,0.92,0,2025-12-01 00:00:00
181,16,118,95.97,85.59,1,Struggles with meeting deadlines.,0.92,0,2025-01-01 00:00:00
182,16,130,89.99,100.0,3,Needs improvement in peer collaboration and ledger speed.,0.98,0,2025-02-01 00:00:00
183,16,130,96.83,93.7,2,,0.96,0,2025-03-01 00:00:00
184,16,133,100.0,92.91,1,Excellent collaboration skills during month-end reconciliation.,0.92,0,2025-04-01 00:00:00
185,16,131,91.97,74.42,1,Consistently meets targets with high integrity.,0.89,0,2025-05-01 00:00:00
186,16,110,88.63,93.65,2,Excellent collaboration skills during month-end reconciliation.,1.0,0,2025-06-01 00:00:00
187,16,106,85.3,72.16,3,,0.93,0,2025-07-01 00:00:00
188,16,142,91.13,87.52,2,,0.94,0,2025-08-01 00:00:00
189,16,192,94.91,93.25,0,Minor KYC compliance oversight noted.,0.9,1,2025-09-01 00:00:00
190,16,173,95.83,67.58,0,,0.87,0,2025-10-01 00:00:00
191,16,111,94.66,86.21,0,,0.88,0,2025-11-01 00:00:00
192,16,98,100.0,94.41,2,,0.92,0,2025-12-01 00:00:00
193,17,128,91.81,100.0,5,Needs improvement in peer collaboration and ledger speed.,0.87,0,2025-01-01 00:00:00
194,17,130,95.46,97.5,3,,0.91,0,2025-02-01 00:00:00
195,17,108,95.82,77.68,4,,0.85,0,2025-03-01 00:00:00
196,17,104,95.15,89.2,2,Minor KYC compliance oversight noted.,0.97,0,2025-04-01 00:00:00
197,17,152,94.56,97.33,2,,0.92,0,2025-05-01 00:00:00
198,17,146,95.9,98.47,3,,0.87,0,2025-06-01 00:00:00
199,17,114,98.53,94.52,2,Needs improvement in peer collaboration and ledger speed.,0.93,0,2025-07-01 00:00:00
200,17,72,100.0,95.77,0,,0.94,1,2025-08-01 00:00:00
201,17,134,96.04,82.5,3,,0.91,0,2025-09-01 00:00:00
202,17,99,97.17,84.29,2,Excellent collaboration skills during month-end reconciliation.,0.96,0,2025-10-01 00:00:00
203,17,85,96.28,91.74,2,Needs improvement in peer collaboration and ledger speed.,1.0,0,2025-11-01 00:00:00
204,17,117,93.13,91.47,2,Consistently meets targets with high integrity.,0.93,0,2025-12-01 00:00:00
205,18,57,96.02,85.41,2,,0.87,0,2025-01-01 00:00:00
206,18,157,93.61,84.51,0,,0.84,0,2025-02-01 00:00:00
207,18,145,99.89,100.0,3,,0.99,0,2025-03-01 00:00:00
208,18,117,93.69,82.49,0,,0.85,0,2025-04-01 00:00:00
209,18,141,95.21,95.33,2,,0.82,0,2025-05-01 00:00:00
210,18,117,95.56,92.53,3,Consistently meets targets with high integrity.,0.9,0,2025-06-01 00:00:00
211,18,93,96.61,78.62,2,Needs improvement in peer collaboration and ledger speed.,0.98,0,2025-07-01 00:00:00
212,18,139,92.5,100.0,2,,0.87,0,2025-08-01 00:00:00
213,18,119,100.0,97.63,1,Shows strong ethical compliance and teamwork.,0.92,0,2025-09-01 00:00:00
214,18,129,95.79,92.49,2,,0.84,0,2025-10-01 00:00:00
215,18,169,90.41,91.03,1,Minor KYC compliance oversight noted.,0.96,0,2025-11-01 00:00:00
216,18,97,94.74,91.29,5,,0.89,0,2025-12-01 00:00:00
217,19,155,90.09,93.97,3,,0.94,0,2025-01-01 00:00:00
218,19,141,94.31,88.16,1,,0.89,0,2025-02-01 00:00:00
219,19,167,91.61,78.09,1,,0.95,0,2025-03-01 00:00:00
220,19,55,100.0,98.1,2,,0.91,0,2025-04-01 00:00:00
221,19,121,99.5,83.46,1,,0.96,0,2025-05-01 00:00:00
222,19,119,100.0,69.76,6,,0.97,0,2025-06-01 00:00:00
223,19,142,96.12,89.04,0,,0.99,0,2025-07-01 00:00:00
224,19,118,94.24,93.53,0,Struggles with meeting deadlines.,0.95,1,2025-08-01 00:00:00
225,19,69,94.61,78.11,2,Minor KYC compliance oversight noted.,0.91,0,2025-09-01 00:00:00
226,19,86,100.0,95.73,1,Shows strong ethical compliance and teamwork.,0.96,0,2025-10-01 00:00:00
227,19,115,94.36,78.31,2,,0.85,0,2025-11-01 00:00:00
228,19,136,88.63,92.4,4,Excellent collaboration skills during month-end reconciliation.,0.91,0,2025-12-01 00:00:00
229,20,134,95.56,100.0,2,,0.97,0,2025-01-01 00:00:00
230,20,131,89.39,100.0,3,Excellent collaboration skills during month-end reconciliation.,0.82,0,2025-02-01 00:00:00
231,20,98,98.58,85.05,1,,0.89,0,2025-03-01 00:00:00
232,20,157,91.66,100.0,1,Struggles with meeting deadlines.,0.82,0,2025-04-01 00:00:00
233,20,139,96.66,86.15,0,Struggles with meeting deadlines.,0.98,0,2025-05-01 00:00:00
234,20,116,99.9,100.0,1,Struggles with meeting deadlines.,0.81,0,2025-06-01 00:00:00
235,20,163,88.26,91.14,1,Shows strong ethical compliance and teamwork.,0.88,0,2025-07-01 00:00:00
236,20,119,89.26,68.87,3,,0.84,0,2025-08-01 00:00:00
237,20,129,92.86,71.77,0,,0.82,0,2025-09-01 00:00:00
238,20,136,92.67,77.85,1,Excellent collaboration skills during month-end reconciliation.,0.96,0,2025-10-01 00:00:00
239,20,121,91.92,90.34,3,,0.86,0,2025-11-01 00:00:00
240,20,73,99.91,75.9,4,Needs improvement in peer collaboration and ledger speed.,0.97,0,2025-12-01 00:00:00
241,21,122,92.28,78.09,1,Struggles with meeting deadlines.,0.89,0,2025-01-01 00:00:00
242,21,138,100.0,84.93,4,,0.82,0,2025-02-01 00:00:00
243,21,87,93.73,100.0,2,,0.97,0,2025-03-01 00:00:00
244,21,124,92.89,91.62,3,Needs improvement in peer collaboration and ledger speed.,0.92,0,2025-04-01 00:00:00
245,21,87,91.44,80.96,3,,0.96,0,2025-05-01 00:00:00
246,21,112,100.0,76.69,5,,0.82,0,2025-06-01 00:00:00
247,21,106,99.67,93.68,1,,0.93,0,2025-07-01 00:00:00
248,21,137,90.25,84.47,4,Consistently meets targets with high integrity.,0.82,0,2025-08-01 00:00:00
249,21,119,98.27,100.0,1,Minor KYC compliance oversight noted.,0.91,0,2025-09-01 00:00:00
250,21,136,90.74,84.95,1,Minor KYC compliance oversight noted.,0.85,0,2025-10-01 00:00:00
251,21,121,97.12,87.3,2,,0.89,0,2025-11-01 00:00:00
252,21,134,96.13,80.07,1,Shows strong ethical compliance and teamwork.,0.91,0,2025-12-01 00:00:00
253,22,91,96.67,81.11,1,,0.93,0,2025-01-01 00:00:00
254,22,118,92.75,83.89,0,Excellent collaboration skills during month-end reconciliation.,0.81,0,2025-02-01 00:00:00
255,22,101,93.79,84.12,4,Minor KYC compliance oversight noted.,0.96,0,2025-03-01 00:00:00
256,22,125,97.0,100.0,1,Consistently meets targets with high integrity.,0.88,0,2025-04-01 00:00:00
257,22,116,98.96,82.93,4,,0.93,0,2025-05-01 00:00:00
258,22,84,92.69,62.09,0,Excellent collaboration skills during month-end reconciliation.,0.95,0,2025-06-01 00:00:00
259,22,145,91.81,89.09,1,,0.81,0,2025-07-01 00:00:00
260,22,86,91.02,87.69,3,,0.93,0,2025-08-01 00:00:00
261,22,84,94.84,99.68,2,,0.92,0,2025-09-01 00:00:00
262,22,94,100.0,85.91,5,Shows strong ethical compliance and teamwork.,0.81,0,2025-10-01 00:00:00
263,22,140,93.05,100.0,4,Needs improvement in peer collaboration and ledger speed.,0.84,0,2025-11-01 00:00:00
264,22,101,90.23,88.63,3,Struggles with meeting deadlines.,1.0,0,2025-12-01 00:00:00
265,23,127,93.18,79.98,1,,0.84,0,2025-01-01 00:00:00
266,23,158,97.72,99.58,1,,0.94,0,2025-02-01 00:00:00
267,23,128,92.17,80.18,0,Consistently meets targets with high integrity.,0.86,0,2025-03-01 00:00:00
268,23,146,98.98,80.43,2,,0.84,0,2025-04-01 00:00:00
269,23,128,91.3,94.42,1,,0.99,0,2025-05-01 00:00:00
270,23,156,100.0,100.0,3,Minor KYC compliance oversight noted.,0.89,0,2025-06-01 00:00:00
271,23,136,94.16,82.05,2,,0.93,0,2025-07-01 00:00:00
272,23,81,94.11,85.23,3,,0.97,0,2025-08-01 00:00:00
273,23,114,96.13,85.51,4,,0.93,0,2025-09-01 00:00:00
274,23,168,96.31,88.3,1,,0.96,0,2025-10-01 00:00:00
275,23,117,94.66,96.13,1,,0.88,0,2025-11-01 00:00:00
276,23,137,96.98,95.24,3,,0.99,0,2025-12-01 00:00:00
277,24,174,97.49,91.29,1,,0.84,0,2025-01-01 00:00:00
278,24,147,94.0,87.8,3,Excellent collaboration skills during month-end reconciliation.,0.98,0,2025-02-01 00:00:00
279,24,158,93.31,90.61,2,Consistently meets targets with high integrity.,0.95,0,2025-03-01 00:00:00
280,24,77,99.79,81.9,1,,0.92,0,2025-04-01 00:00:00
281,24,96,97.59,86.79,1,Minor KYC compliance oversight noted.,0.86,0,2025-05-01 00:00:00
282,24,132,97.89,84.27,3,,0.87,0,2025-06-01 00:00:00
283,24,126,98.73,73.82,1,,0.89,0,2025-07-01 00:00:00
284,24,67,88.9,100.0,1,Shows strong ethical compliance and teamwork.,0.94,0,2025-08-01 00:00:00
285,24,103,100.0,82.36,3,,0.81,0,2025-09-01 00:00:00
286,24,125,99.1,93.93,2,Excellent collaboration skills during month-end reconciliation.,0.92,0,2025-10-01 00:00:00
287,24,153,92.4,97.48,2,,0.93,0,2025-11-01 00:00:00
288,24,140,92.13,69.33,0,Consistently meets targets with high integrity.,0.82,0,2025-12-01 00:00:00
289,25,134,89.54,89.9,3,Excellent collaboration skills during month-end reconciliation.,0.9,0,2025-01-01 00:00:00
290,25,137,99.59,84.96,2,Shows strong ethical compliance and teamwork.,0.99,0,2025-02-01 00:00:00
291,25,105,90.52,89.41,2,,0.92,0,2025-03-01 00:00:00
292,25,66,99.13,86.05,2,Consistently meets targets with high integrity.,0.83,0,2025-04-01 00:00:00
293,25,84,83.51,87.72,3,,0.93,0,2025-05-01 00:00:00
294,25,173,91.01,91.02,3,,0.99,0,2025-06-01 00:00:00
295,25,116,94.19,79.22,2,,0.83,0,2025-07-01 00:00:00
296,25,95,93.78,100.0,1,,0.87,0,2025-08-01 00:00:00
297,25,104,94.94,89.02,2,,0.82,0,2025-09-01 00:00:00
298,25,86,95.27,93.16,1,,0.87,0,2025-10-01 00:00:00
299,25,73,92.88,95.94,1,,0.86,0,2025-11-01 00:00:00
300,25,82,96.87,87.64,2,Consistently meets targets with high integrity.,0.95,0,2025-12-01 00:00:00
301,26,107,92.83,94.33,2,,0.88,0,2025-01-01 00:00:00
302,26,106,96.72,94.93,0,Excellent collaboration skills during month-end reconciliation.,0.95,1,2025-02-01 00:00:00
303,26,131,100.0,87.17,1,Shows strong ethical compliance and teamwork.,1.0,0,2025-03-01 00:00:00
304,26,95,93.21,100.0,3,,0.98,0,2025-04-01 00:00:00
305,26,161,95.23,81.53,2,,0.82,0,2025-05-01 00:00:00
306,26,118,93.07,78.47,2,Struggles with meeting deadlines.,0.83,0,2025-06-01 00:00:00
307,26,109,97.05,91.17,1,Consistently meets targets with high integrity.,0.96,0,2025-07-01 00:00:00
308,26,119,94.76,80.64,3,Excellent collaboration skills during month-end reconciliation.,0.93,0,2025-08-01 00:00:00
309,26,151,97.02,100.0,2,Minor KYC compliance oversight noted.,0.91,0,2025-09-01 00:00:00
310,26,102,98.68,81.32,3,Shows strong ethical compliance and teamwork.,0.94,0,2025-10-01 00:00:00
311,26,122,98.41,92.85,4,Needs improvement in peer collaboration and ledger speed.,0.83,0,2025-11-01 00:00:00
312,26,94,92.81,82.84,2,,0.84,0,2025-12-01 00:00:00
313,27,181,90.73,88.24,5,Shows strong ethical compliance and teamwork.,0.85,0,2025-01-01 00:00:00
314,27,162,94.25,97.86,1,,0.87,0,2025-02-01 00:00:00
315,27,155,100.0,93.8,0,Struggles with meeting deadlines.,0.96,1,2025-03-01 00:00:00
316,27,129,91.78,93.96,4,Minor KYC compliance oversight noted.,0.98,0,2025-04-01 00:00:00
317,27,159,94.53,66.78,3,,0.88,0,2025-05-01 00:00:00
318,27,101,98.36,93.47,0,Struggles with meeting deadlines.,0.91,1,2025-06-01 00:00:00
319,27,103,93.36,81.37,3,Minor KYC compliance oversight noted.,0.81,0,2025-07-01 00:00:00
320,27,59,94.59,100.0,2,Needs improvement in peer collaboration and ledger speed.,0.81,0,2025-08-01 00:00:00
321,27,84,99.75,83.35,2,,0.9,0,2025-09-01 00:00:00
322,27,126,92.96,95.78,3,,0.97,0,2025-10-01 00:00:00
323,27,150,89.73,95.24,3,Minor KYC compliance oversight noted.,0.84,0,2025-11-01 00:00:00
324,27,140,91.13,89.5,3,Struggles with meeting deadlines.,0.9,0,2025-12-01 00:00:00
325,28,127,94.75,86.12,0,Consistently meets targets with high integrity.,0.9,0,2025-01-01 00:00:00
326,28,91,96.33,89.9,2,,0.83,0,2025-02-01 00:00:00
327,28,125,96.27,96.89,2,Shows strong ethical compliance and teamwork.,0.87,0,2025-03-01 00:00:00
328,28,104,96.47,100.0,0,Excellent collaboration skills during month-end reconciliation.,0.97,1,2025-04-01 00:00:00
329,28,63,93.81,71.94,2,,0.93,0,2025-05-01 00:00:00
330,28,143,98.8,100.0,2,Shows strong ethical compliance and teamwork.,0.93,0,2025-06-01 00:00:00
331,28,142,92.4,88.83,3,Consistently meets targets with high integrity.,0.9,0,2025-07-01 00:00:00
332,28,105,96.39,99.64,0,,0.99,1,2025-08-01 00:00:00
333,28,149,97.0,89.9,2,,0.93,0,2025-09-01 00:00:00
334,28,150,100.0,84.48,4,Minor KYC compliance oversight noted.,0.87,0,2025-10-01 00:00:00
335,28,169,97.97,88.75,0,Consistently meets targets with high integrity.,0.97,0,2025-11-01 00:00:00
336,28,71,93.97,63.97,5,,0.81,0,2025-12-01 00:00:00
337,29,116,94.26,83.6,0,Minor KYC compliance oversight noted.,0.85,0,2025-01-01 00:00:00
338,29,53,93.28,81.08,3,,0.91,0,2025-02-01 00:00:00
339,29,74,98.04,88.82,0,Consistently meets targets with high integrity.,0.9,0,2025-03-01 00:00:00
340,29,76,99.34,82.22,2,Excellent collaboration skills during month-end reconciliation.,0.93,0,2025-04-01 00:00:00
341,29,115,97.69,90.13,0,,0.85,1,2025-05-01 00:00:00
342,29,97,95.41,66.38,4,Struggles with meeting deadlines.,0.86,0,2025-06-01 00:00:00
343,29,98,88.95,69.97,3,,0.81,0,2025-07-01 00:00:00
344,29,72,93.07,89.47,1,,0.9,0,2025-08-01 00:00:00
345,29,168,98.59,85.31,2,,0.92,0,2025-09-01 00:00:00
346,29,93,100.0,83.09,0,,0.94,0,2025-10-01 00:00:00
347,29,113,92.4,89.69,3,Excellent collaboration skills during month-end reconciliation.,1.0,0,2025-11-01 00:00:00
348,29,133,97.83,90.33,3,,0.87,0,2025-12-01 00:00:00
349,30,85,95.43,87.67,2,Excellent collaboration skills during month-end reconciliation.,0.85,0,2025-01-01 00:00:00
350,30,113,87.16,95.33,4,,0.89,0,2025-02-01 00:00:00
351,30,84,98.68,98.01,5,,0.81,0,2025-03-01 00:00:00
352,30,99,98.17,70.51,3,Minor KYC compliance oversight noted.,0.88,0,2025-04-01 00:00:00
353,30,87,93.36,76.94,2,Shows strong ethical compliance and teamwork.,0.96,0,2025-05-01 00:00:00
354,30,113,95.2,86.39,2,Needs improvement in peer collaboration and ledger speed.,0.86,0,2025-06-01 00:00:00
355,30,69,91.78,97.65,1,Struggles with meeting deadlines.,1.0,0,2025-07-01 00:00:00
356,30,168,94.89,90.8,1,,0.98,0,2025-08-01 00:00:00
357,30,105,94.94,93.46,1,,0.82,0,2025-09-01 00:00:00
358,30,120,94.65,84.3,1,,0.89,0,2025-10-01 00:00:00
359,30,112,100.0,93.61,0,,0.92,1,2025-11-01 00:00:00
360,30,111,94.63,90.29,4,,0.86,0,2025-12-01 00:00:00
361,31,116,96.79,72.29,1,Needs improvement in peer collaboration and ledger speed.,0.93,0,2025-01-01 00:00:00
362,31,86,100.0,100.0,3,,0.8,0,2025-02-01 00:00:00
363,31,96,92.52,86.32,3,,0.83,0,2025-03-01 00:00:00
364,31,105,90.71,90.39,3,,0.87,0,2025-04-01 00:00:00
365,31,153,100.0,75.7,1,,0.81,0,2025-05-01 00:00:00
366,31,134,100.0,72.97,4,,0.91,0,2025-06-01 00:00:00
367,31,109,96.12,81.35,2,,0.86,0,2025-07-01 00:00:00
368,31,146,96.51,87.71,3,,0.89,0,2025-08-01 00:00:00
369,31,92,92.38,82.04,3,Minor KYC compliance oversight noted.,0.94,0,2025-09-01 00:00:00
370,31,161,94.78,90.86,4,,1.0,0,2025-10-01 00:00:00
371,31,154,94.18,86.65,3,,0.96,0,2025-11-01 00:00:00
372,31,150,100.0,85.59,2,,0.99,0,2025-12-01 00:00:00
373,32,90,89.48,81.73,2,Shows strong ethical compliance and teamwork.,0.92,0,2025-01-01 00:00:00
374,32,145,92.86,96.57,0,,0.81,1,2025-02-01 00:00:00
375,32,141,97.06,81.59,6,,0.94,0,2025-03-01 00:00:00
376,32,132,91.72,87.76,2,Minor KYC compliance oversight noted.,0.89,0,2025-04-01 00:00:00
377,32,96,93.77,69.06,0,Minor KYC compliance oversight noted.,0.83,0,2025-05-01 00:00:00
378,32,126,100.0,88.03,1,Excellent collaboration skills during month-end reconciliation.,0.83,0,2025-06-01 00:00:00
379,32,115,92.16,78.02,3,Needs improvement in peer collaboration and ledger speed.,0.97,0,2025-07-01 00:00:00
380,32,97,93.89,94.33,1,Minor KYC compliance oversight noted.,0.97,0,2025-08-01 00:00:00
381,32,122,95.09,71.47,1,Needs improvement in peer collaboration and ledger speed.,0.91,0,2025-09-01 00:00:00
382,32,156,95.03,98.04,3,,0.8,0,2025-10-01 00:00:00
383,32,86,98.13,96.43,3,,0.82,0,2025-11-01 00:00:00
384,32,136,92.04,96.9,2,,0.86,0,2025-12-01 00:00:00
385,33,104,95.61,79.78,0,Needs improvement in peer collaboration and ledger speed.,0.93,0,2025-01-01 00:00:00
386,33,153,92.5,88.15,2,Excellent collaboration skills during month-end reconciliation.,0.99,0,2025-02-01 00:00:00
387,33,144,91.53,81.42,1,Minor KYC compliance oversight noted.,0.92,0,2025-03-01 00:00:00
388,33,110,93.1,96.74,4,Minor KYC compliance oversight noted.,0.9,0,2025-04-01 00:00:00
389,33,118,100.0,100.0,1,Needs improvement in peer collaboration and ledger speed.,0.92,0,2025-05-01 00:00:00
390,33,80,97.09,79.84,5,Shows strong ethical compliance and teamwork.,0.96,0,2025-06-01 00:00:00
391,33,126,93.86,83.62,3,,0.91,0,2025-07-01 00:00:00
392,33,124,89.23,85.91,2,Shows strong ethical compliance and teamwork.,0.8,0,2025-08-01 00:00:00
393,33,106,100.0,91.27,2,,0.83,0,2025-09-01 00:00:00
394,33,129,93.91,91.65,2,Struggles with meeting deadlines.,0.9,0,2025-10-01 00:00:00
395,33,131,91.39,79.3,3,Struggles with meeting deadlines.,0.97,0,2025-11-01 00:00:00
396,33,153,93.69,94.03,1,Consistently meets targets with high integrity.,0.94,0,2025-12-01 00:00:00
397,34,121,90.99,95.41,0,Minor KYC compliance oversight noted.,0.87,0,2025-01-01 00:00:00
398,34,104,88.9,76.66,0,Minor KYC compliance oversight noted.,0.88,0,2025-02-01 00:00:00
399,34,113,91.02,62.38,2,Struggles with meeting deadlines.,0.98,0,2025-03-01 00:00:00
400,34,114,97.15,87.58,2,,0.87,0,2025-04-01 00:00:00
401,34,141,97.87,92.38,0,Needs improvement in peer collaboration and ledger speed.,0.94,1,2025-05-01 00:00:00
402,34,120,94.05,89.92,1,Excellent collaboration skills during month-end reconciliation.,0.92,0,2025-06-01 00:00:00
403,34,149,92.03,66.38,1,,0.85,0,2025-07-01 00:00:00
404,34,127,98.95,74.49,2,Shows strong ethical compliance and teamwork.,0.99,0,2025-08-01 00:00:00
405,34,125,95.98,85.77,1,Excellent collaboration skills during month-end reconciliation.,0.94,0,2025-09-01 00:00:00
406,34,164,94.59,71.57,2,Struggles with meeting deadlines.,0.86,0,2025-10-01 00:00:00
407,34,136,95.21,85.94,1,,0.99,0,2025-11-01 00:00:00
408,34,100,96.36,78.06,2,Excellent collaboration skills during month-end reconciliation.,0.86,0,2025-12-01 00:00:00
409,35,134,99.56,100.0,1,Minor KYC compliance oversight noted.,0.88,0,2025-01-01 00:00:00
410,35,89,94.06,92.66,3,Excellent collaboration skills during month-end reconciliation.,0.99,0,2025-02-01 00:00:00
411,35,94,100.0,71.92,2,Excellent collaboration skills during month-end reconciliation.,0.81,0,2025-03-01 00:00:00
412,35,125,98.37,81.82,2,Consistently meets targets with high integrity.,0.87,0,2025-04-01 00:00:00
413,35,77,93.93,83.71,4,,0.85,0,2025-05-01 00:00:00
414,35,137,95.19,91.32,1,,0.84,0,2025-06-01 00:00:00
415,35,98,95.63,89.63,3,Minor KYC compliance oversight noted.,0.94,0,2025-07-01 00:00:00
416,35,121,95.11,93.72,2,,0.92,0,2025-08-01 00:00:00
417,35,174,94.24,95.2,1,Shows strong ethical compliance and teamwork.,0.81,0,2025-09-01 00:00:00
418,35,81,100.0,91.56,1,Shows strong ethical compliance and teamwork.,0.93,0,2025-10-01 00:00:00
419,35,82,97.42,96.82,1,,0.88,0,2025-11-01 00:00:00
420,35,106,93.25,87.34,2,Consistently meets targets with high integrity.,0.94,0,2025-12-01 00:00:00
421,36,97,88.73,74.56,5,,0.99,0,2025-01-01 00:00:00
422,36,71,96.63,72.2,2,Shows strong ethical compliance and teamwork.,0.88,0,2025-02-01 00:00:00
423,36,120,91.18,83.93,4,Struggles with meeting deadlines.,0.9,0,2025-03-01 00:00:00
424,36,140,91.78,97.58,4,,0.99,0,2025-04-01 00:00:00
425,36,116,100.0,73.49,1,,0.93,0,2025-05-01 00:00:00
426,36,119,98.55,83.79,1,Consistently meets targets with high integrity.,0.93,0,2025-06-01 00:00:00
427,36,41,95.8,92.37,3,,0.95,0,2025-07-01 00:00:00
428,36,132,87.89,91.2,1,Consistently meets targets with high integrity.,0.98,0,2025-08-01 00:00:00
429,36,130,93.05,81.24,2,,0.98,0,2025-09-01 00:00:00
430,36,121,90.88,80.51,0,,0.98,0,2025-10-01 00:00:00
431,36,140,90.4,94.66,1,Struggles with meeting deadlines.,0.96,0,2025-11-01 00:00:00
432,36,133,99.78,78.19,2,,0.95,0,2025-12-01 00:00:00
433,37,163,88.12,82.02,2,Excellent collaboration skills during month-end reconciliation.,0.98,0,2025-01-01 00:00:00
434,37,126,96.67,100.0,1,,0.91,0,2025-02-01 00:00:00
435,37,139,88.99,98.52,1,,1.0,0,2025-03-01 00:00:00
436,37,90,100.0,100.0,5,,1.0,0,2025-04-01 00:00:00
437,37,126,96.99,94.66,2,Struggles with meeting deadlines.,0.98,0,2025-05-01 00:00:00
438,37,132,89.8,75.78,6,,0.9,0,2025-06-01 00:00:00
439,37,87,93.45,94.96,1,,0.96,0,2025-07-01 00:00:00
440,37,145,88.93,84.43,4,,0.95,0,2025-08-01 00:00:00
441,37,174,95.16,85.62,3,Needs improvement in peer collaboration and ledger speed.,0.84,0,2025-09-01 00:00:00
442,37,128,90.53,77.88,3,Excellent collaboration skills during month-end reconciliation.,0.91,0,2025-10-01 00:00:00
443,37,153,100.0,88.7,1,Shows strong ethical compliance and teamwork.,0.92,0,2025-11-01 00:00:00
444,37,100,100.0,72.85,2,Struggles with meeting deadlines.,0.97,0,2025-12-01 00:00:00
445,38,103,88.17,76.83,0,Consistently meets targets with high integrity.,0.88,0,2025-01-01 00:00:00
446,38,157,97.16,86.47,3,,1.0,0,2025-02-01 00:00:00
447,38,165,93.02,85.06,1,,0.99,0,2025-03-01 00:00:00
448,38,104,89.69,88.77,1,,0.88,0,2025-04-01 00:00:00
449,38,165,92.55,81.57,2,,0.85,0,2025-05-01 00:00:00
450,38,171,94.67,73.5,1,,0.92,0,2025-06-01 00:00:00
451,38,126,95.28,80.78,0,Excellent collaboration skills during month-end reconciliation.,0.93,0,2025-07-01 00:00:00
452,38,125,94.67,89.86,0,Consistently meets targets with high integrity.,0.93,0,2025-08-01 00:00:00
453,38,170,100.0,75.0,0,,0.83,0,2025-09-01 00:00:00
454,38,144,99.76,98.14,2,Needs improvement in peer collaboration and ledger speed.,0.95,0,2025-10-01 00:00:00
455,38,150,96.09,93.51,1,Needs improvement in peer collaboration and ledger speed.,0.98,0,2025-11-01 00:00:00
456,38,130,99.19,99.7,1,,0.92,0,2025-12-01 00:00:00
457,39,74,97.06,93.72,2,,0.83,0,2025-01-01 00:00:00
458,39,118,91.54,86.59,3,,0.95,0,2025-02-01 00:00:00
459,39,170,93.03,88.16,2,Struggles with meeting deadlines.,0.94,0,2025-03-01 00:00:00
460,39,117,92.99,90.63,2,Minor KYC compliance oversight noted.,0.96,0,2025-04-01 00:00:00
461,39,99,91.52,100.0,2,Shows strong ethical compliance and teamwork.,0.94,0,2025-05-01 00:00:00
462,39,110,97.0,92.72,2,Consistently meets targets with high integrity.,0.91,0,2025-06-01 00:00:00
463,39,162,97.73,89.54,0,Excellent collaboration skills during month-end reconciliation.,0.82,0,2025-07-01 00:00:00
464,39,171,97.73,85.91,2,Consistently meets targets with high integrity.,0.97,0,2025-08-01 00:00:00
465,39,144,93.92,99.07,2,Shows strong ethical compliance and teamwork.,0.91,0,2025-09-01 00:00:00
466,39,139,92.58,100.0,3,,0.87,0,2025-10-01 00:00:00
467,39,103,98.44,84.13,2,Consistently meets targets with high integrity.,0.94,0,2025-11-01 00:00:00
468,39,118,98.17,87.83,0,Struggles with meeting deadlines.,0.82,0,2025-12-01 00:00:00
469,40,105,100.0,75.43,1,Consistently meets targets with high integrity.,0.89,0,2025-01-01 00:00:00
470,40,144,98.16,91.4,2,Struggles with meeting deadlines.,0.91,0,2025-02-01 00:00:00
471,40,89,90.53,89.0,2,Needs improvement in peer collaboration and ledger speed.,0.96,0,2025-03-01 00:00:00
472,40,70,96.93,93.47,3,Struggles with meeting deadlines.,0.85,0,2025-04-01 00:00:00
473,40,122,86.12,85.7,2,,0.84,0,2025-05-01 00:00:00
474,40,94,96.67,96.47,5,,0.88,0,2025-06-01 00:00:00
475,40,90,97.14,77.63,0,Minor KYC compliance oversight noted.,1.0,0,2025-07-01 00:00:00
476,40,142,98.9,97.18,1,Consistently meets targets with high integrity.,1.0,0,2025-08-01 00:00:00
477,40,98,89.97,85.83,2,,0.86,0,2025-09-01 00:00:00
478,40,110,94.42,82.07,1,,0.83,0,2025-10-01 00:00:00
479,40,123,96.78,67.08,3,Needs improvement in peer collaboration and ledger speed.,0.93,0,2025-11-01 00:00:00
480,40,162,95.0,75.03,3,,1.0,0,2025-12-01 00:00:00
481,41,127,91.33,84.64,1,,0.97,0,2025-01-01 00:00:00
482,41,96,93.11,75.16,2,Struggles with meeting deadlines.,0.82,0,2025-02-01 00:00:00
483,41,111,94.8,100.0,2,Minor KYC compliance oversight noted.,0.83,0,2025-03-01 00:00:00
484,41,86,99.98,89.32,3,Consistently meets targets with high integrity.,0.84,0,2025-04-01 00:00:00
485,41,112,100.0,91.34,2,Minor KYC compliance oversight noted.,0.83,0,2025-05-01 00:00:00
486,41,111,99.95,83.43,2,Consistently meets targets with high integrity.,0.95,0,2025-06-01 00:00:00
487,41,111,98.76,92.96,0,Struggles with meeting deadlines.,0.93,1,2025-07-01 00:00:00
488,41,121,92.57,90.11,2,Minor KYC compliance oversight noted.,0.88,0,2025-08-01 00:00:00
489,41,87,92.25,75.46,0,,0.89,0,2025-09-01 00:00:00
490,41,75,92.58,65.94,3,,0.84,0,2025-10-01 00:00:00
491,41,139,90.45,85.99,3,Consistently meets targets with high integrity.,0.81,0,2025-11-01 00:00:00
492,41,119,96.83,100.0,4,Minor KYC compliance oversight noted.,0.95,0,2025-12-01 00:00:00
493,42,152,100.0,80.79,2,Consistently meets targets with high integrity.,0.85,0,2025-01-01 00:00:00
494,42,135,95.79,91.11,4,,0.92,0,2025-02-01 00:00:00
495,42,117,90.13,78.12,1,,0.93,0,2025-03-01 00:00:00
496,42,147,91.97,81.13,3,Shows strong ethical compliance and teamwork.,0.95,0,2025-04-01 00:00:00
497,42,126,93.08,99.56,3,,0.85,0,2025-05-01 00:00:00
498,42,107,95.39,87.47,2,,0.97,0,2025-06-01 00:00:00
499,42,137,91.21,92.63,3,,0.9,0,2025-07-01 00:00:00
500,42,78,92.21,93.82,0,,0.96,0,2025-08-01 00:00:00
501,42,91,100.0,83.4,1,Excellent collaboration skills during month-end reconciliation.,0.92,0,2025-09-01 00:00:00
502,42,118,93.67,92.92,1,Excellent collaboration skills during month-end reconciliation.,0.85,0,2025-10-01 00:00:00
503,42,82,99.66,94.71,4,Needs improvement in peer collaboration and ledger speed.,0.9,0,2025-11-01 00:00:00
504,42,111,98.03,94.12,3,,0.86,0,2025-12-01 00:00:00
505,43,89,94.02,87.61,3,Minor KYC compliance oversight noted.,0.98,0,2025-01-01 00:00:00
506,43,115,97.49,100.0,1,Needs improvement in peer collaboration and ledger speed.,0.94,0,2025-02-01 00:00:00
507,43,131,99.36,100.0,5,Consistently meets targets with high integrity.,0.99,0,2025-03-01 00:00:00
508,43,150,91.73,100.0,2,Needs improvement in peer collaboration and ledger speed.,0.88,0,2025-04-01 00:00:00
509,43,113,97.24,73.29,6,Needs improvement in peer collaboration and ledger speed.,0.88,0,2025-05-01 00:00:00
510,43,124,100.0,82.94,3,,0.88,0,2025-06-01 00:00:00
511,43,178,95.01,98.11,1,Struggles with meeting deadlines.,0.85,0,2025-07-01 00:00:00
512,43,160,99.92,100.0,1,,0.97,0,2025-08-01 00:00:00
513,43,179,92.88,84.65,0,,0.89,0,2025-09-01 00:00:00
514,43,130,97.09,100.0,5,,0.88,0,2025-10-01 00:00:00
515,43,86,93.75,71.45,3,,0.91,0,2025-11-01 00:00:00
516,43,136,91.77,86.51,4,,0.85,0,2025-12-01 00:00:00
517,44,138,91.78,96.95,1,,0.82,0,2025-01-01 00:00:00
518,44,101,96.01,96.2,3,,0.87,0,2025-02-01 00:00:00
519,44,104,94.21,85.94,0,Shows strong ethical compliance and teamwork.,0.81,0,2025-03-01 00:00:00
520,44,97,92.36,80.95,1,,0.92,0,2025-04-01 00:00:00
521,44,68,93.15,81.87,1,,0.81,0,2025-05-01 00:00:00
522,44,151,93.47,82.2,2,Minor KYC compliance oversight noted.,0.94,0,2025-06-01 00:00:00
523,44,137,92.77,83.87,1,Struggles with meeting deadlines.,0.84,0,2025-07-01 00:00:00
524,44,92,94.87,79.52,3,Excellent collaboration skills during month-end reconciliation.,0.99,0,2025-08-01 00:00:00
525,44,125,100.0,91.5,1,,0.99,0,2025-09-01 00:00:00
526,44,89,94.68,79.67,2,Consistently meets targets with high integrity.,0.95,0,2025-10-01 00:00:00
527,44,84,85.71,93.42,4,Shows strong ethical compliance and teamwork.,0.94,0,2025-11-01 00:00:00
528,44,169,93.88,96.45,1,Struggles with meeting deadlines.,0.98,0,2025-12-01 00:00:00
529,45,118,100.0,100.0,2,Excellent collaboration skills during month-end reconciliation.,0.88,0,2025-01-01 00:00:00
530,45,118,92.9,68.36,1,Excellent collaboration skills during month-end reconciliation.,0.86,0,2025-02-01 00:00:00
531,45,127,89.98,84.49,2,,0.98,0,2025-03-01 00:00:00
532,45,200,100.0,76.32,1,,0.96,0,2025-04-01 00:00:00
533,45,102,91.65,81.92,4,Excellent collaboration skills during month-end reconciliation.,0.98,0,2025-05-01 00:00:00
534,45,103,93.6,78.04,2,,0.88,0,2025-06-01 00:00:00
535,45,155,95.78,82.69,2,Shows strong ethical compliance and teamwork.,0.95,0,2025-07-01 00:00:00
536,45,134,93.56,93.39,1,,0.91,0,2025-08-01 00:00:00
537,45,128,96.5,100.0,1,Needs improvement in peer collaboration and ledger speed.,0.88,0,2025-09-01 00:00:00
538,45,140,92.14,85.38,2,,0.87,0,2025-10-01 00:00:00
539,45,91,92.33,90.92,3,,0.97,0,2025-11-01 00:00:00
540,45,114,84.01,83.0,5,,0.93,0,2025-12-01 00:00:00
541,46,124,86.48,95.68,2,Excellent collaboration skills during month-end reconciliation.,0.95,0,2025-01-01 00:00:00
542,46,126,95.23,82.88,2,,0.94,0,2025-02-01 00:00:00
543,46,118,93.3,82.3,2,Struggles with meeting deadlines.,0.83,0,2025-03-01 00:00:00
544,46,129,99.88,83.13,2,Shows strong ethical compliance and teamwork.,0.83,0,2025-04-01 00:00:00
545,46,98,98.03,94.86,2,Shows strong ethical compliance and teamwork.,0.98,0,2025-05-01 00:00:00
546,46,175,100.0,89.38,1,Needs improvement in peer collaboration and ledger speed.,0.99,0,2025-06-01 00:00:00
547,46,135,95.78,94.95,5,Consistently meets targets with high integrity.,0.99,0,2025-07-01 00:00:00
548,46,76,91.15,78.19,1,Consistently meets targets with high integrity.,0.88,0,2025-08-01 00:00:00
549,46,149,99.15,77.12,0,Shows strong ethical compliance and teamwork.,0.81,0,2025-09-01 00:00:00
550,46,81,88.44,84.08,3,,0.84,0,2025-10-01 00:00:00
551,46,139,94.24,91.24,2,,0.81,0,2025-11-01 00:00:00
552,46,85,88.4,88.1,4,Minor KYC compliance oversight noted.,0.98,0,2025-12-01 00:00:00
553,47,91,100.0,97.32,4,Consistently meets targets with high integrity.,0.8,0,2025-01-01 00:00:00
554,47,112,92.99,83.07,2,Consistently meets targets with high integrity.,0.8,0,2025-02-01 00:00:00
555,47,130,92.72,69.79,2,Minor KYC compliance oversight noted.,1.0,0,2025-03-01 00:00:00
556,47,128,90.16,85.62,0,,0.96,0,2025-04-01 00:00:00
557,47,147,95.42,100.0,6,Shows strong ethical compliance and teamwork.,0.82,0,2025-05-01 00:00:00
558,47,94,96.87,93.06,0,,0.83,1,2025-06-01 00:00:00
559,47,86,100.0,100.0,0,,0.91,1,2025-07-01 00:00:00
560,47,138,96.69,100.0,0,Excellent collaboration skills during month-end reconciliation.,0.96,1,2025-08-01 00:00:00
561,47,127,90.03,91.34,4,,0.99,0,2025-09-01 00:00:00
562,47,115,93.28,86.54,0,,0.85,0,2025-10-01 00:00:00
563,47,107,100.0,93.57,2,Excellent collaboration skills during month-end reconciliation.,0.94,0,2025-11-01 00:00:00
564,47,79,96.72,92.33,2,Needs improvement in peer collaboration and ledger speed.,1.0,0,2025-12-01 00:00:00
565,48,102,99.15,72.81,2,Consistently meets targets with high integrity.,0.82,0,2025-01-01 00:00:00
566,48,35,96.94,92.62,2,,0.91,0,2025-02-01 00:00:00
567,48,125,96.8,82.9,2,,0.8,0,2025-03-01 00:00:00
568,48,121,95.64,88.53,2,,0.9,0,2025-04-01 00:00:00
569,48,91,94.17,94.1,1,,0.96,0,2025-05-01 00:00:00
570,48,124,97.86,67.5,4,Consistently meets targets with high integrity.,0.98,0,2025-06-01 00:00:00
571,48,106,93.84,77.31,2,Shows strong ethical compliance and teamwork.,0.84,0,2025-07-01 00:00:00
572,48,66,90.19,84.04,1,Minor KYC compliance oversight noted.,0.9,0,2025-08-01 00:00:00
573,48,117,92.88,72.86,3,,0.81,0,2025-09-01 00:00:00
574,48,129,95.9,94.93,3,Minor KYC compliance oversight noted.,0.91,0,2025-10-01 00:00:00
575,48,98,100.0,95.75,1,,0.99,0,2025-11-01 00:00:00
576,48,136,99.8,89.4,3,,0.99,0,2025-12-01 00:00:00
577,49,118,99.88,68.49,2,Needs improvement in peer collaboration and ledger speed.,0.96,0,2025-01-01 00:00:00
578,49,124,100.0,81.08,4,Excellent collaboration skills during month-end reconciliation.,0.83,0,2025-02-01 00:00:00
579,49,98,98.42,100.0,1,,0.97,0,2025-03-01 00:00:00
580,49,152,89.83,93.72,2,,0.98,0,2025-04-01 00:00:00
581,49,110,93.65,100.0,1,,0.95,0,2025-05-01 00:00:00
582,49,105,91.64,85.75,0,,1.0,0,2025-06-01 00:00:00
583,49,151,100.0,83.16,0,Minor KYC compliance oversight noted.,0.95,0,2025-07-01 00:00:00
584,49,101,93.51,82.93,3,,0.82,0,2025-08-01 00:00:00
585,49,122,92.92,84.41,1,,0.82,0,2025-09-01 00:00:00
586,49,117,92.29,98.05,0,Minor KYC compliance oversight noted.,0.99,1,2025-10-01 00:00:00
587,49,68,100.0,88.41,2,,0.95,0,2025-11-01 00:00:00
588,49,133,94.03,95.8,1,,0.85,0,2025-12-01 00:00:00
589,50,156,93.92,82.09,3,Struggles with meeting deadlines.,0.85,0,2025-01-01 00:00:00
590,50,139,87.06,81.9,1,Struggles with meeting deadlines.,0.89,0,2025-02-01 00:00:00
591,50,140,91.9,87.89,2,Needs improvement in peer collaboration and ledger speed.,0.88,0,2025-03-01 00:00:00
592,50,100,90.05,89.09,3,Excellent collaboration skills during month-end reconciliation.,0.96,0,2025-04-01 00:00:00
593,50,106,92.22,76.46,1,Consistently meets targets with high integrity.,0.85,0,2025-05-01 00:00:00
594,50,67,94.61,83.84,1,,0.96,0,2025-06-01 00:00:00
595,50,80,98.1,77.98,1,,0.88,0,2025-07-01 00:00:00
596,50,97,98.9,93.16,3,,0.82,0,2025-08-01 00:00:00
597,50,96,100.0,76.03,0,Struggles with meeting deadlines.,0.87,0,2025-09-01 00:00:00
598,50,146,97.42,99.15,3,,0.83,0,2025-10-01 00:00:00
599,50,80,100.0,69.64,2,,0.89,0,2025-11-01 00:00:00
600,50,96,95.74,92.25,3,Struggles with meeting deadlines.,0.82,0,2025-12-01 00:00:00
601,51,91,92.29,80.27,1,,0.91,0,2025-01-01 00:00:00
602,51,144,98.6,92.51,2,Excellent collaboration skills during month-end reconciliation.,0.97,0,2025-02-01 00:00:00
603,51,168,98.67,70.8,2,,0.88,0,2025-03-01 00:00:00
604,51,174,90.8,95.57,2,Needs improvement in peer collaboration and ledger speed.,0.98,0,2025-04-01 00:00:00
605,51,152,96.3,85.14,3,Shows strong ethical compliance and teamwork.,0.91,0,2025-05-01 00:00:00
606,51,56,94.26,84.78,0,,0.88,0,2025-06-01 00:00:00
607,51,87,100.0,75.2,3,,0.86,0,2025-07-01 00:00:00
608,51,125,95.74,97.38,2,,0.81,0,2025-08-01 00:00:00
609,51,125,91.81,94.28,1,,0.88,0,2025-09-01 00:00:00
610,51,112,91.01,98.37,5,,0.82,0,2025-10-01 00:00:00
611,51,116,96.01,94.53,2,,0.85,0,2025-11-01 00:00:00
612,51,85,91.38,99.73,2,Minor KYC compliance oversight noted.,0.92,0,2025-12-01 00:00:00
613,52,97,96.15,100.0,1,,0.83,0,2025-01-01 00:00:00
614,52,100,89.81,80.42,0,,0.88,0,2025-02-01 00:00:00
615,52,155,95.54,88.8,1,Struggles with meeting deadlines.,0.96,0,2025-03-01 00:00:00
616,52,136,86.39,96.76,2,,0.87,0,2025-04-01 00:00:00
617,52,111,92.52,87.68,5,Needs improvement in peer collaboration and ledger speed.,0.99,0,2025-05-01 00:00:00
618,52,128,91.73,71.67,3,,0.86,0,2025-06-01 00:00:00
619,52,92,96.31,100.0,5,Shows strong ethical compliance and teamwork.,0.9,0,2025-07-01 00:00:00
620,52,141,93.16,70.62,2,,0.88,0,2025-08-01 00:00:00
621,52,118,91.07,99.22,0,,0.95,1,2025-09-01 00:00:00
622,52,189,99.72,100.0,2,Minor KYC compliance oversight noted.,0.96,0,2025-10-01 00:00:00
623,52,119,92.64,77.08,4,,0.86,0,2025-11-01 00:00:00
624,52,145,91.79,100.0,2,Excellent collaboration skills during month-end reconciliation.,0.82,0,2025-12-01 00:00:00
625,53,135,100.0,95.06,0,Minor KYC compliance oversight noted.,1.0,1,2025-01-01 00:00:00
626,53,112,93.5,86.44,3,,0.95,0,2025-02-01 00:00:00
627,53,162,92.68,65.44,2,,0.95,0,2025-03-01 00:00:00
628,53,84,96.71,88.77,1,Shows strong ethical compliance and teamwork.,0.89,0,2025-04-01 00:00:00
629,53,122,86.49,92.58,3,,0.94,0,2025-05-01 00:00:00
630,53,90,87.82,74.45,3,Struggles with meeting deadlines.,0.93,0,2025-06-01 00:00:00
631,53,132,95.52,87.23,3,,0.86,0,2025-07-01 00:00:00
632,53,84,93.88,78.35,1,,0.83,0,2025-08-01 00:00:00
633,53,184,99.76,90.13,3,,0.88,0,2025-09-01 00:00:00
634,53,150,98.45,89.39,1,,0.92,0,2025-10-01 00:00:00
635,53,117,94.7,100.0,0,Minor KYC compliance oversight noted.,0.9,1,2025-11-01 00:00:00
636,53,78,99.81,91.17,0,Needs improvement in peer collaboration and ledger speed.,0.88,1,2025-12-01 00:00:00
637,54,188,93.38,92.91,2,,0.99,0,2025-01-01 00:00:00
638,54,137,97.24,79.86,0,Minor KYC compliance oversight noted.,0.92,0,2025-02-01 00:00:00
639,54,133,84.87,94.82,4,Consistently meets targets with high integrity.,0.95,0,2025-03-01 00:00:00
640,54,123,92.64,96.44,0,Excellent collaboration skills during month-end reconciliation.,0.83,1,2025-04-01 00:00:00
641,54,179,91.67,82.5,3,Minor KYC compliance oversight noted.,1.0,0,2025-05-01 00:00:00
642,54,115,92.57,87.23,4,Struggles with meeting deadlines.,0.99,0,2025-06-01 00:00:00
643,54,158,95.85,100.0,3,,0.96,0,2025-07-01 00:00:00
644,54,137,89.62,93.05,2,,0.82,0,2025-08-01 00:00:00
645,54,124,92.54,89.41,2,,0.95,0,2025-09-01 00:00:00
646,54,167,90.13,85.9,1,Needs improvement in peer collaboration and ledger speed.,0.92,0,2025-10-01 00:00:00
647,54,103,94.46,90.86,3,,0.88,0,2025-11-01 00:00:00
648,54,45,92.09,88.09,0,Minor KYC compliance oversight noted.,0.94,0,2025-12-01 00:00:00
649,55,170,100.0,89.57,1,,1.0,0,2025-01-01 00:00:00
650,55,150,95.7,74.63,1,,0.86,0,2025-02-01 00:00:00
651,55,106,94.13,87.09,0,Consistently meets targets with high integrity.,0.82,0,2025-03-01 00:00:00
652,55,117,88.45,89.2,4,Shows strong ethical compliance and teamwork.,0.87,0,2025-04-01 00:00:00
653,55,149,86.58,99.54,2,,0.96,0,2025-05-01 00:00:00
654,55,161,95.44,93.07,2,Excellent collaboration skills during month-end reconciliation.,0.9,0,2025-06-01 00:00:00
655,55,110,94.15,92.96,4,,0.94,0,2025-07-01 00:00:00
656,55,103,91.41,74.88,5,,0.86,0,2025-08-01 00:00:00
657,55,74,88.19,82.03,4,Consistently meets targets with high integrity.,0.8,0,2025-09-01 00:00:00
658,55,152,91.82,92.24,2,,0.82,0,2025-10-01 00:00:00
659,55,124,95.02,91.98,1,Needs improvement in peer collaboration and ledger speed.,0.85,0,2025-11-01 00:00:00
660,55,95,100.0,76.31,2,,0.83,0,2025-12-01 00:00:00
661,56,164,100.0,86.97,2,Struggles with meeting deadlines.,0.85,0,2025-01-01 00:00:00
662,56,82,99.82,81.76,2,,0.84,0,2025-02-01 00:00:00
663,56,161,96.25,94.87,1,Struggles with meeting deadlines.,0.88,0,2025-03-01 00:00:00
664,56,163,92.87,72.32,2,Shows strong ethical compliance and teamwork.,0.89,0,2025-04-01 00:00:00
665,56,119,94.09,97.94,0,,0.8,1,2025-05-01 00:00:00
666,56,92,97.56,89.23,1,,0.86,0,2025-06-01 00:00:00
667,56,126,91.97,66.1,2,Consistently meets targets with high integrity.,0.92,0,2025-07-01 00:00:00
668,56,155,98.74,89.85,5,Minor KYC compliance oversight noted.,0.84,0,2025-08-01 00:00:00
669,56,102,91.84,81.71,2,,0.89,0,2025-09-01 00:00:00
670,56,97,100.0,75.77,0,,0.97,0,2025-10-01 00:00:00
671,56,75,95.38,80.81,1,Needs improvement in peer collaboration and ledger speed.,0.86,0,2025-11-01 00:00:00
672,56,73,100.0,99.83,2,,0.88,0,2025-12-01 00:00:00
673,57,189,89.08,100.0,5,,0.87,0,2025-01-01 00:00:00
674,57,154,96.34,85.73,1,,0.83,0,2025-02-01 00:00:00
675,57,181,95.0,95.82,2,Excellent collaboration skills during month-end reconciliation.,0.98,0,2025-03-01 00:00:00
676,57,96,97.24,89.88,3,Needs improvement in peer collaboration and ledger speed.,0.83,0,2025-04-01 00:00:00
677,57,117,96.67,91.82,2,,0.86,0,2025-05-01 00:00:00
678,57,95,87.09,88.47,3,,0.94,0,2025-06-01 00:00:00
679,57,73,92.47,93.96,5,Struggles with meeting deadlines.,0.92,0,2025-07-01 00:00:00
680,57,100,94.51,92.58,1,Struggles with meeting deadlines.,0.84,0,2025-08-01 00:00:00
681,57,90,94.86,79.89,5,Needs improvement in peer collaboration and ledger speed.,0.98,0,2025-09-01 00:00:00
682,57,86,96.78,79.74,3,Shows strong ethical compliance and teamwork.,0.91,0,2025-10-01 00:00:00
683,57,124,100.0,84.4,2,,0.83,0,2025-11-01 00:00:00
684,57,98,94.48,91.41,4,,0.89,0,2025-12-01 00:00:00
685,58,150,98.49,76.57,2,,0.87,0,2025-01-01 00:00:00
686,58,144,94.19,100.0,2,,0.83,0,2025-02-01 00:00:00
687,58,125,99.92,94.03,3,Minor KYC compliance oversight noted.,0.9,0,2025-03-01 00:00:00
688,58,94,97.13,96.39,0,,0.94,1,2025-04-01 00:00:00
689,58,134,98.75,78.22,2,,0.97,0,2025-05-01 00:00:00
690,58,162,98.73,85.77,0,,0.82,0,2025-06-01 00:00:00
691,58,122,95.75,74.15,2,,0.95,0,2025-07-01 00:00:00
692,58,143,92.9,100.0,1,,0.85,0,2025-08-01 00:00:00
693,58,132,95.16,73.64,2,Shows strong ethical compliance and teamwork.,0.96,0,2025-09-01 00:00:00
694,58,80,95.06,98.48,1,Struggles with meeting deadlines.,0.91,0,2025-10-01 00:00:00
695,58,126,92.75,72.47,2,,0.82,0,2025-11-01 00:00:00
696,58,172,96.99,98.7,2,Excellent collaboration skills during month-end reconciliation.,0.91,0,2025-12-01 00:00:00
697,59,122,100.0,96.97,4,Needs improvement in peer collaboration and ledger speed.,0.89,0,2025-01-01 00:00:00
698,59,69,93.52,74.52,1,,0.89,0,2025-02-01 00:00:00
699,59,98,97.09,91.22,1,Needs improvement in peer collaboration and ledger speed.,0.95,0,2025-03-01 00:00:00
700,59,125,86.29,89.78,3,,1.0,0,2025-04-01 00:00:00
701,59,157,93.21,81.08,4,,0.87,0,2025-05-01 00:00:00
702,59,60,94.15,100.0,4,Struggles with meeting deadlines.,0.97,0,2025-06-01 00:00:00
703,59,126,95.07,78.25,0,,0.96,0,2025-07-01 00:00:00
704,59,159,89.32,82.83,3,,0.95,0,2025-08-01 00:00:00
705,59,88,91.84,90.35,1,Needs improvement in peer collaboration and ledger speed.,0.92,0,2025-09-01 00:00:00
706,59,80,98.68,84.99,3,,0.92,0,2025-10-01 00:00:00
707,59,88,90.77,78.79,1,Shows strong ethical compliance and teamwork.,0.96,0,2025-11-01 00:00:00
708,59,105,91.44,91.2,0,Minor KYC compliance oversight noted.,0.86,0,2025-12-01 00:00:00
709,60,125,100.0,93.86,2,Excellent collaboration skills during month-end reconciliation.,1.0,0,2025-01-01 00:00:00
710,60,107,100.0,88.69,4,,0.91,0,2025-02-01 00:00:00
711,60,90,90.94,74.11,1,Minor KYC compliance oversight noted.,1.0,0,2025-03-01 00:00:00
712,60,71,91.43,93.14,2,Consistently meets targets with high integrity.,0.83,0,2025-04-01 00:00:00
713,60,143,100.0,89.63,0,Struggles with meeting deadlines.,0.98,1,2025-05-01 00:00:00
714,60,84,89.94,70.07,0,Needs improvement in peer collaboration and ledger speed.,0.83,0,2025-06-01 00:00:00
715,60,115,96.65,93.57,1,Shows strong ethical compliance and teamwork.,0.83,0,2025-07-01 00:00:00
716,60,115,100.0,82.34,2,,0.85,0,2025-08-01 00:00:00
717,60,155,96.92,85.97,2,Struggles with meeting deadlines.,0.9,0,2025-09-01 00:00:00
718,60,104,96.19,77.16,2,Excellent collaboration skills during month-end reconciliation.,0.93,0,2025-10-01 00:00:00
719,60,101,92.16,97.79,3,,0.82,0,2025-11-01 00:00:00
720,60,78,94.4,73.67,2,Consistently meets targets with high integrity.,0.88,0,2025-12-01 00:00:00
721,61,110,98.2,76.9,0,Needs improvement in peer collaboration and ledger speed.,0.99,0,2025-01-01 00:00:00
722,61,154,89.42,93.91,1,,0.99,0,2025-02-01 00:00:00
723,61,106,91.84,87.93,0,,0.8,0,2025-03-01 00:00:00
724,61,113,96.89,85.87,2,Needs improvement in peer collaboration and ledger speed.,0.82,0,2025-04-01 00:00:00
725,61,129,100.0,89.4,1,Needs improvement in peer collaboration and ledger speed.,0.93,0,2025-05-01 00:00:00
726,61,149,90.61,73.23,4,,0.81,0,2025-06-01 00:00:00
727,61,112,88.32,95.44,2,Shows strong ethical compliance and teamwork.,0.99,0,2025-07-01 00:00:00
728,61,95,94.74,93.36,3,Struggles with meeting deadlines.,0.85,0,2025-08-01 00:00:00
729,61,140,97.33,80.0,5,Excellent collaboration skills during month-end reconciliation.,0.91,0,2025-09-01 00:00:00
730,61,62,96.72,91.8,1,,0.97,0,2025-10-01 00:00:00
731,61,170,91.23,100.0,2,Needs improvement in peer collaboration and ledger speed.,0.95,0,2025-11-01 00:00:00
732,61,110,96.19,100.0,1,,0.93,0,2025-12-01 00:00:00
733,62,116,100.0,79.16,3,Consistently meets targets with high integrity.,0.82,0,2025-01-01 00:00:00
734,62,42,90.86,86.53,1,Struggles with meeting deadlines.,0.89,0,2025-02-01 00:00:00
735,62,142,90.25,89.82,1,Struggles with meeting deadlines.,0.84,0,2025-03-01 00:00:00
736,62,156,100.0,94.58,4,Shows strong ethical compliance and teamwork.,0.98,0,2025-04-01 00:00:00
737,62,109,91.91,91.79,3,,0.97,0,2025-05-01 00:00:00
738,62,156,97.15,92.28,1,Consistently meets targets with high integrity.,0.93,0,2025-06-01 00:00:00
739,62,135,91.66,100.0,1,,0.87,0,2025-07-01 00:00:00
740,62,137,94.63,85.6,4,Shows strong ethical compliance and teamwork.,0.81,0,2025-08-01 00:00:00
741,62,129,95.68,71.11,0,Needs improvement in peer collaboration and ledger speed.,0.94,0,2025-09-01 00:00:00
742,62,125,92.57,91.63,2,,0.93,0,2025-10-01 00:00:00
743,62,85,96.39,100.0,5,Consistently meets targets with high integrity.,0.84,0,2025-11-01 00:00:00
744,62,75,99.46,100.0,3,,0.92,0,2025-12-01 00:00:00
745,63,77,95.36,82.78,0,Struggles with meeting deadlines.,0.8,0,2025-01-01 00:00:00
746,63,135,100.0,80.25,1,Consistently meets targets with high integrity.,1.0,0,2025-02-01 00:00:00
747,63,60,98.0,67.35,1,,0.83,0,2025-03-01 00:00:00
748,63,120,86.69,84.8,1,,0.88,0,2025-04-01 00:00:00
749,63,169,96.44,79.37,3,Consistently meets targets with high integrity.,0.82,0,2025-05-01 00:00:00
750,63,119,84.18,81.7,0,,0.86,0,2025-06-01 00:00:00
751,63,98,92.56,100.0,0,,0.96,1,2025-07-01 00:00:00
752,63,120,91.06,89.99,0,Needs improvement in peer collaboration and ledger speed.,1.0,0,2025-08-01 00:00:00
753,63,155,94.15,82.79,0,,0.91,0,2025-09-01 00:00:00
754,63,72,100.0,73.76,2,,0.93,0,2025-10-01 00:00:00
755,63,111,91.74,90.17,5,,0.94,0,2025-11-01 00:00:00
756,63,110,92.09,100.0,2,Shows strong ethical compliance and teamwork.,0.98,0,2025-12-01 00:00:00
757,64,135,94.11,87.78,3,Struggles with meeting deadlines.,0.97,0,2025-01-01 00:00:00
758,64,99,98.73,83.85,2,,0.82,0,2025-02-01 00:00:00
759,64,161,88.47,90.35,2,Minor KYC compliance oversight noted.,0.95,0,2025-03-01 00:00:00
760,64,103,100.0,92.49,4,,0.89,0,2025-04-01 00:00:00
761,64,108,91.93,95.64,1,Shows strong ethical compliance and teamwork.,0.86,0,2025-05-01 00:00:00
762,64,153,94.35,100.0,2,,0.91,0,2025-06-01 00:00:00
763,64,109,86.97,84.12,2,Minor KYC compliance oversight noted.,0.86,0,2025-07-01 00:00:00
764,64,110,93.55,88.5,0,Consistently meets targets with high integrity.,0.97,0,2025-08-01 00:00:00
765,64,159,94.1,96.6,2,Excellent collaboration skills during month-end reconciliation.,0.84,0,2025-09-01 00:00:00
766,64,122,95.67,92.17,2,Shows strong ethical compliance and teamwork.,0.95,0,2025-10-01 00:00:00
767,64,157,90.87,93.95,1,,0.81,0,2025-11-01 00:00:00
768,64,102,89.0,80.21,4,Shows strong ethical compliance and teamwork.,0.9,0,2025-12-01 00:00:00
769,65,156,93.03,98.55,2,,0.9,0,2025-01-01 00:00:00
770,65,114,99.58,80.23,2,Minor KYC compliance oversight noted.,0.98,0,2025-02-01 00:00:00
771,65,94,98.0,86.55,1,,0.87,0,2025-03-01 00:00:00
772,65,110,90.37,71.18,0,,0.88,0,2025-04-01 00:00:00
773,65,148,95.83,91.08,3,Struggles with meeting deadlines.,0.87,0,2025-05-01 00:00:00
774,65,87,94.03,88.02,2,Struggles with meeting deadlines.,0.99,0,2025-06-01 00:00:00
775,65,124,94.83,88.67,5,Consistently meets targets with high integrity.,0.92,0,2025-07-01 00:00:00
776,65,38,85.57,82.85,2,,0.84,0,2025-08-01 00:00:00
777,65,118,99.51,88.86,2,Struggles with meeting deadlines.,0.9,0,2025-09-01 00:00:00
778,65,97,95.89,100.0,0,Minor KYC compliance oversight noted.,0.95,1,2025-10-01 00:00:00
779,65,120,96.92,85.31,2,,0.88,0,2025-11-01 00:00:00
780,65,64,93.43,80.79,2,Minor KYC compliance oversight noted.,0.92,0,2025-12-01 00:00:00
781,66,105,91.14,86.25,2,,0.86,0,2025-01-01 00:00:00
782,66,134,94.6,97.76,2,Shows strong ethical compliance and teamwork.,0.99,0,2025-02-01 00:00:00
783,66,128,92.96,79.54,0,,0.87,0,2025-03-01 00:00:00
784,66,102,94.61,76.92,2,Needs improvement in peer collaboration and ledger speed.,0.94,0,2025-04-01 00:00:00
785,66,131,96.05,100.0,4,,0.94,0,2025-05-01 00:00:00
786,66,47,97.71,89.83,3,Shows strong ethical compliance and teamwork.,0.81,0,2025-06-01 00:00:00
787,66,70,97.42,81.24,1,,0.89,0,2025-07-01 00:00:00
788,66,72,91.82,89.49,1,,0.92,0,2025-08-01 00:00:00
789,66,68,95.3,82.19,3,,0.95,0,2025-09-01 00:00:00
790,66,112,98.39,89.47,0,Consistently meets targets with high integrity.,0.8,1,2025-10-01 00:00:00
791,66,121,97.23,100.0,3,,0.8,0,2025-11-01 00:00:00
792,66,105,85.43,96.45,3,,0.87,0,2025-12-01 00:00:00
793,67,78,97.08,100.0,3,Needs improvement in peer collaboration and ledger speed.,0.85,0,2025-01-01 00:00:00
794,67,132,92.56,93.04,1,,0.95,0,2025-02-01 00:00:00
795,67,163,93.61,100.0,3,Needs improvement in peer collaboration and ledger speed.,0.98,0,2025-03-01 00:00:00
796,67,117,95.1,72.57,1,Consistently meets targets with high integrity.,0.87,0,2025-04-01 00:00:00
797,67,124,100.0,92.93,2,,0.9,0,2025-05-01 00:00:00
798,67,118,99.23,89.99,3,,1.0,0,2025-06-01 00:00:00
799,67,52,91.39,84.19,3,Struggles with meeting deadlines.,0.89,0,2025-07-01 00:00:00
800,67,136,87.45,82.04,2,,0.9,0,2025-08-01 00:00:00
801,67,116,92.91,74.41,2,Excellent collaboration skills during month-end reconciliation.,0.83,0,2025-09-01 00:00:00
802,67,87,89.72,66.76,3,Minor KYC compliance oversight noted.,0.93,0,2025-10-01 00:00:00
803,67,142,100.0,90.62,0,,0.95,1,2025-11-01 00:00:00
804,67,101,100.0,94.06,2,,0.97,0,2025-12-01 00:00:00
805,68,115,99.82,83.58,1,,0.81,0,2025-01-01 00:00:00
806,68,109,92.73,76.8,2,,0.98,0,2025-02-01 00:00:00
807,68,90,91.83,83.76,2,,0.99,0,2025-03-01 00:00:00
808,68,79,96.17,87.33,3,,0.96,0,2025-04-01 00:00:00
809,68,85,91.43,100.0,4,Needs improvement in peer collaboration and ledger speed.,0.88,0,2025-05-01 00:00:00
810,68,120,95.62,84.63,0,,0.88,0,2025-06-01 00:00:00
811,68,68,91.34,98.47,2,Excellent collaboration skills during month-end reconciliation.,0.97,0,2025-07-01 00:00:00
812,68,142,100.0,83.98,3,Consistently meets targets with high integrity.,0.9,0,2025-08-01 00:00:00
813,68,142,95.8,92.73,2,Shows strong ethical compliance and teamwork.,0.84,0,2025-09-01 00:00:00
814,68,100,98.44,69.96,4,Consistently meets targets with high integrity.,0.99,0,2025-10-01 00:00:00
815,68,118,88.67,78.6,2,,0.89,0,2025-11-01 00:00:00
816,68,103,90.6,86.92,3,,0.97,0,2025-12-01 00:00:00
817,69,139,97.33,83.9,4,,0.91,0,2025-01-01 00:00:00
818,69,128,92.9,88.32,1,,0.84,0,2025-02-01 00:00:00
819,69,67,92.82,77.08,2,Excellent collaboration skills during month-end reconciliation.,0.95,0,2025-03-01 00:00:00
820,69,124,95.32,98.54,1,,0.87,0,2025-04-01 00:00:00
821,69,146,96.44,92.26,0,Shows strong ethical compliance and teamwork.,0.95,1,2025-05-01 00:00:00
822,69,153,92.57,83.96,1,Shows strong ethical compliance and teamwork.,0.83,0,2025-06-01 00:00:00
823,69,124,97.34,93.15,0,Consistently meets targets with high integrity.,0.85,1,2025-07-01 00:00:00
824,69,144,91.39,97.47,3,,0.97,0,2025-08-01 00:00:00
825,69,129,94.34,95.63,2,Excellent collaboration skills during month-end reconciliation.,0.8,0,2025-09-01 00:00:00
826,69,135,96.95,98.72,1,Needs improvement in peer collaboration and ledger speed.,0.95,0,2025-10-01 00:00:00
827,69,116,98.39,86.85,3,,0.91,0,2025-11-01 00:00:00
828,69,108,90.77,63.02,3,,0.9,0,2025-12-01 00:00:00
829,70,109,86.13,100.0,2,,1.0,0,2025-01-01 00:00:00
830,70,87,91.95,84.25,1,Consistently meets targets with high integrity.,0.81,0,2025-02-01 00:00:00
831,70,150,96.06,86.74,1,,0.97,0,2025-03-01 00:00:00
832,70,149,98.98,93.29,1,,0.98,0,2025-04-01 00:00:00
833,70,129,88.69,85.87,2,,0.95,0,2025-05-01 00:00:00
834,70,155,96.92,100.0,1,Minor KYC compliance oversight noted.,0.83,0,2025-06-01 00:00:00
835,70,154,96.19,100.0,1,Consistently meets targets with high integrity.,0.92,0,2025-07-01 00:00:00
836,70,128,88.79,94.62,0,,0.93,0,2025-08-01 00:00:00
837,70,142,100.0,100.0,2,,0.86,0,2025-09-01 00:00:00
838,70,135,98.4,92.18,2,Struggles with meeting deadlines.,0.94,0,2025-10-01 00:00:00
839,70,176,99.97,95.07,1,Excellent collaboration skills during month-end reconciliation.,0.89,0,2025-11-01 00:00:00
840,70,149,97.55,92.5,2,,0.99,0,2025-12-01 00:00:00
841,71,84,96.14,79.55,1,,0.95,0,2025-01-01 00:00:00
842,71,136,96.68,82.22,2,,0.82,0,2025-02-01 00:00:00
843,71,82,97.7,92.72,3,,0.86,0,2025-03-01 00:00:00
844,71,93,95.92,87.55,1,,0.87,0,2025-04-01 00:00:00
845,71,146,87.18,91.14,2,Struggles with meeting deadlines.,0.86,0,2025-05-01 00:00:00
846,71,114,97.76,90.66,2,,0.82,0,2025-06-01 00:00:00
847,71,124,96.52,78.72,1,,0.94,0,2025-07-01 00:00:00
848,71,102,100.0,84.46,1,Needs improvement in peer collaboration and ledger speed.,0.92,0,2025-08-01 00:00:00
849,71,85,97.17,100.0,4,,0.97,0,2025-09-01 00:00:00
850,71,82,94.79,82.49,4,,0.94,0,2025-10-01 00:00:00
851,71,152,99.8,77.09,1,Struggles with meeting deadlines.,0.9,0,2025-11-01 00:00:00
852,71,143,95.51,88.87,2,Excellent collaboration skills during month-end reconciliation.,0.96,0,2025-12-01 00:00:00
853,72,65,92.61,91.7,1,,0.99,0,2025-01-01 00:00:00
854,72,137,96.64,85.69,2,Minor KYC compliance oversight noted.,0.95,0,2025-02-01 00:00:00
855,72,163,89.3,90.78,2,,0.89,0,2025-03-01 00:00:00
856,72,110,91.41,90.19,0,Shows strong ethical compliance and teamwork.,0.82,0,2025-04-01 00:00:00
857,72,112,96.74,81.14,5,,0.96,0,2025-05-01 00:00:00
858,72,94,92.97,79.51,0,,0.84,0,2025-06-01 00:00:00
859,72,144,92.66,80.51,3,,0.94,0,2025-07-01 00:00:00
860,72,113,92.73,96.32,0,Consistently meets targets with high integrity.,0.92,1,2025-08-01 00:00:00
861,72,141,95.55,100.0,3,,0.96,0,2025-09-01 00:00:00
862,72,119,100.0,74.21,0,,0.81,0,2025-10-01 00:00:00
863,72,136,86.31,87.92,5,Struggles with meeting deadlines.,0.96,0,2025-11-01 00:00:00
864,72,124,100.0,100.0,1,,0.97,0,2025-12-01 00:00:00
865,73,109,96.96,94.86,2,Consistently meets targets with high integrity.,0.81,0,2025-01-01 00:00:00
866,73,94,93.94,98.37,1,,0.83,0,2025-02-01 00:00:00
867,73,84,100.0,85.6,2,Needs improvement in peer collaboration and ledger speed.,0.88,0,2025-03-01 00:00:00
868,73,120,91.45,95.72,2,,0.94,0,2025-04-01 00:00:00
869,73,139,89.74,84.93,3,,0.84,0,2025-05-01 00:00:00
870,73,156,89.21,87.41,3,,0.86,0,2025-06-01 00:00:00
871,73,203,92.63,100.0,2,Consistently meets targets with high integrity.,0.92,0,2025-07-01 00:00:00
872,73,108,88.53,85.71,4,Needs improvement in peer collaboration and ledger speed.,0.86,0,2025-08-01 00:00:00
873,73,87,95.5,80.0,3,,0.91,0,2025-09-01 00:00:00
874,73,112,93.71,76.42,4,,0.86,0,2025-10-01 00:00:00
875,73,139,88.47,92.8,3,,0.84,0,2025-11-01 00:00:00
876,73,88,98.45,90.51,0,Minor KYC compliance oversight noted.,0.85,1,2025-12-01 00:00:00
877,74,84,91.85,96.98,1,Minor KYC compliance oversight noted.,0.96,0,2025-01-01 00:00:00
878,74,153,92.39,71.95,1,Needs improvement in peer collaboration and ledger speed.,0.87,0,2025-02-01 00:00:00
879,74,81,90.01,85.06,1,Struggles with meeting deadlines.,0.87,0,2025-03-01 00:00:00
880,74,128,93.06,89.24,2,Excellent collaboration skills during month-end reconciliation.,0.88,0,2025-04-01 00:00:00
881,74,139,97.31,93.77,4,,0.86,0,2025-05-01 00:00:00
882,74,116,96.96,93.48,3,,0.98,0,2025-06-01 00:00:00
883,74,123,90.29,100.0,0,Consistently meets targets with high integrity.,0.96,1,2025-07-01 00:00:00
884,74,149,97.89,89.12,2,,0.87,0,2025-08-01 00:00:00
885,74,59,100.0,80.1,3,Shows strong ethical compliance and teamwork.,0.99,0,2025-09-01 00:00:00
886,74,119,96.63,78.38,2,,0.93,0,2025-10-01 00:00:00
887,74,96,95.14,74.35,5,,0.96,0,2025-11-01 00:00:00
888,74,141,95.55,77.14,1,Consistently meets targets with high integrity.,0.95,0,2025-12-01 00:00:00
889,75,153,93.97,85.64,1,Minor KYC compliance oversight noted.,0.97,0,2025-01-01 00:00:00
890,75,107,92.86,90.95,3,Excellent collaboration skills during month-end reconciliation.,0.99,0,2025-02-01 00:00:00
891,75,81,97.68,94.72,0,Shows strong ethical compliance and teamwork.,0.84,1,2025-03-01 00:00:00
892,75,131,96.04,98.23,0,Needs improvement in peer collaboration and ledger speed.,0.94,1,2025-04-01 00:00:00
893,75,84,93.99,98.29,0,Consistently meets targets with high integrity.,0.94,1,2025-05-01 00:00:00
894,75,143,100.0,88.27,4,,0.91,0,2025-06-01 00:00:00
895,75,119,99.81,77.05,3,,0.99,0,2025-07-01 00:00:00
896,75,24,100.0,84.94,2,Struggles with meeting deadlines.,0.91,0,2025-08-01 00:00:00
897,75,98,93.76,79.15,2,,0.81,0,2025-09-01 00:00:00
898,75,104,96.94,68.51,2,,0.92,0,2025-10-01 00:00:00
899,75,117,96.51,79.4,2,,0.9,0,2025-11-01 00:00:00
900,75,95,100.0,83.81,2,,0.92,0,2025-12-01 00:00:00
901,76,109,96.66,84.58,3,Excellent collaboration skills during month-end reconciliation.,0.94,0,2025-01-01 00:00:00
902,76,146,94.88,74.71,0,Excellent collaboration skills during month-end reconciliation.,0.81,0,2025-02-01 00:00:00
903,76,118,95.96,88.85,2,,0.94,0,2025-03-01 00:00:00
904,76,143,93.49,89.45,0,,0.82,0,2025-04-01 00:00:00
905,76,137,97.48,68.89,1,Excellent collaboration skills during month-end reconciliation.,0.99,0,2025-05-01 00:00:00
906,76,122,100.0,81.46,1,,0.99,0,2025-06-01 00:00:00
907,76,140,94.43,99.66,2,,0.82,0,2025-07-01 00:00:00
908,76,135,96.18,91.93,1,,0.83,0,2025-08-01 00:00:00
909,76,190,94.06,89.1,1,,0.99,0,2025-09-01 00:00:00
910,76,138,92.29,92.16,1,Struggles with meeting deadlines.,0.93,0,2025-10-01 00:00:00
911,76,88,91.68,74.35,3,,0.99,0,2025-11-01 00:00:00
912,76,98,92.86,89.51,3,Minor KYC compliance oversight noted.,0.96,0,2025-12-01 00:00:00
913,77,106,93.03,96.69,1,,0.92,0,2025-01-01 00:00:00
914,77,69,97.34,94.14,1,,0.86,0,2025-02-01 00:00:00
915,77,133,91.8,100.0,2,Shows strong ethical compliance and teamwork.,0.84,0,2025-03-01 00:00:00
916,77,138,97.53,83.26,1,,0.94,0,2025-04-01 00:00:00
917,77,96,100.0,90.27,0,Minor KYC compliance oversight noted.,0.81,1,2025-05-01 00:00:00
918,77,139,90.95,71.13,0,Minor KYC compliance oversight noted.,0.84,0,2025-06-01 00:00:00
919,77,88,94.96,71.11,2,Struggles with meeting deadlines.,0.83,0,2025-07-01 00:00:00
920,77,86,89.49,73.49,1,Shows strong ethical compliance and teamwork.,0.87,0,2025-08-01 00:00:00
921,77,92,97.41,79.88,1,,0.93,0,2025-09-01 00:00:00
922,77,111,100.0,69.39,2,Needs improvement in peer collaboration and ledger speed.,0.93,0,2025-10-01 00:00:00
923,77,151,93.5,100.0,3,Excellent collaboration skills during month-end reconciliation.,0.89,0,2025-11-01 00:00:00
924,77,158,100.0,91.05,2,,0.85,0,2025-12-01 00:00:00
925,78,139,98.53,87.25,1,,0.85,0,2025-01-01 00:00:00
926,78,94,94.8,85.53,4,,0.8,0,2025-02-01 00:00:00
927,78,120,99.92,97.83,2,,0.95,0,2025-03-01 00:00:00
928,78,77,100.0,99.99,2,Struggles with meeting deadlines.,0.9,0,2025-04-01 00:00:00
929,78,108,96.74,90.4,2,,0.91,0,2025-05-01 00:00:00
930,78,157,99.24,89.98,3,,0.9,0,2025-06-01 00:00:00
931,78,135,94.49,96.01,2,Needs improvement in peer collaboration and ledger speed.,0.95,0,2025-07-01 00:00:00
932,78,108,91.24,99.19,3,,0.89,0,2025-08-01 00:00:00
933,78,89,86.66,73.28,3,Consistently meets targets with high integrity.,0.86,0,2025-09-01 00:00:00
934,78,78,90.21,96.87,3,,0.99,0,2025-10-01 00:00:00
935,78,113,95.28,89.93,2,,0.83,0,2025-11-01 00:00:00
936,78,191,91.49,63.95,0,,0.95,0,2025-12-01 00:00:00
937,79,141,100.0,96.08,1,Consistently meets targets with high integrity.,0.87,0,2025-01-01 00:00:00
938,79,94,87.82,84.7,2,Struggles with meeting deadlines.,0.94,0,2025-02-01 00:00:00
939,79,110,99.91,86.27,3,,0.93,0,2025-03-01 00:00:00
940,79,110,92.78,88.22,4,Struggles with meeting deadlines.,0.83,0,2025-04-01 00:00:00
941,79,124,96.59,87.42,1,,0.84,0,2025-05-01 00:00:00
942,79,97,100.0,75.65,1,,0.94,0,2025-06-01 00:00:00
943,79,158,95.06,75.64,3,Needs improvement in peer collaboration and ledger speed.,0.91,0,2025-07-01 00:00:00
944,79,157,97.92,93.38,4,Excellent collaboration skills during month-end reconciliation.,0.85,0,2025-08-01 00:00:00
945,79,112,88.55,97.17,2,,0.91,0,2025-09-01 00:00:00
946,79,181,94.32,79.87,4,Shows strong ethical compliance and teamwork.,0.81,0,2025-10-01 00:00:00
947,79,100,87.37,92.29,3,,0.82,0,2025-11-01 00:00:00
948,79,144,93.7,95.41,3,Needs improvement in peer collaboration and ledger speed.,0.92,0,2025-12-01 00:00:00
949,80,148,93.44,75.3,3,,0.81,0,2025-01-01 00:00:00
950,80,106,96.23,88.03,1,,0.86,0,2025-02-01 00:00:00
951,80,106,88.5,80.28,6,,0.97,0,2025-03-01 00:00:00
952,80,146,91.03,89.36,0,,0.88,0,2025-04-01 00:00:00
953,80,67,95.89,88.86,3,,0.93,0,2025-05-01 00:00:00
954,80,107,99.82,89.83,3,,0.91,0,2025-06-01 00:00:00
955,80,133,90.16,83.0,1,,0.98,0,2025-07-01 00:00:00
956,80,116,96.25,89.3,2,,0.89,0,2025-08-01 00:00:00
957,80,96,95.27,98.29,5,,0.89,0,2025-09-01 00:00:00
958,80,135,90.71,88.81,3,,0.85,0,2025-10-01 00:00:00
959,80,118,89.38,86.66,3,,0.95,0,2025-11-01 00:00:00
960,80,135,89.48,83.64,1,Consistently meets targets with high integrity.,0.93,0,2025-12-01 00:00:00
961,81,112,94.72,94.89,1,Struggles with meeting deadlines.,0.99,0,2025-01-01 00:00:00
962,81,99,93.91,87.86,0,Minor KYC compliance oversight noted.,0.81,0,2025-02-01 00:00:00
963,81,137,97.67,84.63,4,,0.9,0,2025-03-01 00:00:00
964,81,124,96.92,95.29,2,Needs improvement in peer collaboration and ledger speed.,0.97,0,2025-04-01 00:00:00
965,81,138,92.51,83.75,4,,0.98,0,2025-05-01 00:00:00
966,81,151,94.5,85.89,4,,0.82,0,2025-06-01 00:00:00
967,81,118,87.98,89.2,1,Needs improvement in peer collaboration and ledger speed.,0.81,0,2025-07-01 00:00:00
968,81,94,87.28,81.26,2,Minor KYC compliance oversight noted.,0.96,0,2025-08-01 00:00:00
969,81,143,98.89,82.96,3,Minor KYC compliance oversight noted.,0.83,0,2025-09-01 00:00:00
970,81,115,96.24,75.26,1,Struggles with meeting deadlines.,0.83,0,2025-10-01 00:00:00
971,81,136,100.0,74.98,1,Shows strong ethical compliance and teamwork.,0.96,0,2025-11-01 00:00:00
972,81,64,95.87,83.54,2,,0.88,0,2025-12-01 00:00:00
973,82,149,95.72,90.54,2,Struggles with meeting deadlines.,0.84,0,2025-01-01 00:00:00
974,82,101,97.22,82.09,2,Shows strong ethical compliance and teamwork.,0.97,0,2025-02-01 00:00:00
975,82,133,97.48,82.14,2,,0.98,0,2025-03-01 00:00:00
976,82,109,100.0,96.27,3,Consistently meets targets with high integrity.,0.82,0,2025-04-01 00:00:00
977,82,123,90.69,86.25,3,Minor KYC compliance oversight noted.,0.87,0,2025-05-01 00:00:00
978,82,131,96.16,82.93,1,,0.89,0,2025-06-01 00:00:00
979,82,173,95.05,85.75,3,Needs improvement in peer collaboration and ledger speed.,0.92,0,2025-07-01 00:00:00
980,82,92,97.4,97.58,3,Struggles with meeting deadlines.,0.82,0,2025-08-01 00:00:00
981,82,129,100.0,74.02,2,,0.91,0,2025-09-01 00:00:00
982,82,156,100.0,84.9,3,Consistently meets targets with high integrity.,0.98,0,2025-10-01 00:00:00
983,82,146,94.21,91.1,1,Consistently meets targets with high integrity.,0.96,0,2025-11-01 00:00:00
984,82,139,93.4,96.16,1,Excellent collaboration skills during month-end reconciliation.,0.98,0,2025-12-01 00:00:00
985,83,74,92.99,79.84,2,,0.93,0,2025-01-01 00:00:00
986,83,107,100.0,80.21,4,Struggles with meeting deadlines.,0.81,0,2025-02-01 00:00:00
987,83,109,91.52,81.95,0,,0.83,0,2025-03-01 00:00:00
988,83,142,89.66,95.24,3,Needs improvement in peer collaboration and ledger speed.,0.88,0,2025-04-01 00:00:00
989,83,107,98.13,73.3,1,,0.98,0,2025-05-01 00:00:00
990,83,82,92.44,94.59,5,Consistently meets targets with high integrity.,0.95,0,2025-06-01 00:00:00
991,83,101,98.64,100.0,1,Excellent collaboration skills during month-end reconciliation.,0.8,0,2025-07-01 00:00:00
992,83,133,100.0,86.31,4,Excellent collaboration skills during month-end reconciliation.,0.86,0,2025-08-01 00:00:00
993,83,142,91.08,90.84,1,Needs improvement in peer collaboration and ledger speed.,0.94,0,2025-09-01 00:00:00
994,83,127,89.0,84.53,2,Shows strong ethical compliance and teamwork.,0.83,0,2025-10-01 00:00:00
995,83,111,99.93,79.95,1,Struggles with meeting deadlines.,0.95,0,2025-11-01 00:00:00
996,83,125,88.96,85.79,2,,0.95,0,2025-12-01 00:00:00
997,84,139,95.37,89.75,4,Consistently meets targets with high integrity.,0.84,0,2025-01-01 00:00:00
998,84,91,96.9,70.53,1,,0.96,0,2025-02-01 00:00:00
999,84,127,99.77,80.28,1,Minor KYC compliance oversight noted.,0.97,0,2025-03-01 00:00:00
1000,84,105,93.61,95.71,0,Minor KYC compliance oversight noted.,0.96,1,2025-04-01 00:00:00
1001,84,130,98.66,85.48,2,,0.94,0,2025-05-01 00:00:00
1002,84,83,93.9,65.99,2,,0.96,0,2025-06-01 00:00:00
1003,84,132,96.42,100.0,1,Minor KYC compliance oversight noted.,0.81,0,2025-07-01 00:00:00
1004,84,125,93.6,68.42,2,,0.97,0,2025-08-01 00:00:00
1005,84,121,91.29,86.1,3,Shows strong ethical compliance and teamwork.,0.81,0,2025-09-01 00:00:00
1006,84,75,90.03,76.74,1,,0.87,0,2025-10-01 00:00:00
1007,84,87,94.73,92.32,4,,0.87,0,2025-11-01 00:00:00
1008,84,142,92.9,93.39,2,,0.88,0,2025-12-01 00:00:00
1009,85,145,95.09,100.0,3,Needs improvement in peer collaboration and ledger speed.,0.81,0,2025-01-01 00:00:00
1010,85,74,89.68,66.22,1,,0.92,0,2025-02-01 00:00:00
1011,85,123,95.6,73.89,2,,0.97,0,2025-03-01 00:00:00
1012,85,144,95.25,79.88,1,Excellent collaboration skills during month-end reconciliation.,0.87,0,2025-04-01 00:00:00
1013,85,129,89.98,88.04,0,Excellent collaboration skills during month-end reconciliation.,0.95,0,2025-05-01 00:00:00
1014,85,137,88.87,99.5,2,Excellent collaboration skills during month-end reconciliation.,0.81,0,2025-06-01 00:00:00
1015,85,137,92.3,96.78,1,,0.97,0,2025-07-01 00:00:00
1016,85,96,97.73,87.47,2,Shows strong ethical compliance and teamwork.,0.97,0,2025-08-01 00:00:00
1017,85,121,90.24,97.26,4,Needs improvement in peer collaboration and ledger speed.,0.84,0,2025-09-01 00:00:00
1018,85,117,89.17,83.78,1,Minor KYC compliance oversight noted.,0.8,0,2025-10-01 00:00:00
1019,85,80,98.17,92.19,3,Needs improvement in peer collaboration and ledger speed.,0.8,0,2025-11-01 00:00:00
1020,85,130,92.21,78.46,1,Needs improvement in peer collaboration and ledger speed.,0.83,0,2025-12-01 00:00:00
1021,86,126,98.07,94.8,0,Shows strong ethical compliance and teamwork.,0.85,1,2025-01-01 00:00:00
1022,86,115,96.28,73.93,1,Excellent collaboration skills during month-end reconciliation.,0.94,0,2025-02-01 00:00:00
1023,86,171,90.57,97.76,1,Excellent collaboration skills during month-end reconciliation.,0.88,0,2025-03-01 00:00:00
1024,86,161,90.85,85.97,3,,0.87,0,2025-04-01 00:00:00
1025,86,60,94.92,90.94,1,,0.89,0,2025-05-01 00:00:00
1026,86,127,100.0,91.82,1,Minor KYC compliance oversight noted.,0.88,0,2025-06-01 00:00:00
1027,86,114,100.0,86.17,3,,0.9,0,2025-07-01 00:00:00
1028,86,119,95.33,88.37,3,Excellent collaboration skills during month-end reconciliation.,0.91,0,2025-08-01 00:00:00
1029,86,98,93.46,83.89,2,Excellent collaboration skills during month-end reconciliation.,0.86,0,2025-09-01 00:00:00
1030,86,150,92.5,89.45,2,,0.81,0,2025-10-01 00:00:00
1031,86,141,97.13,89.65,4,Needs improvement in peer collaboration and ledger speed.,0.87,0,2025-11-01 00:00:00
1032,86,78,90.12,86.96,0,,0.93,0,2025-12-01 00:00:00
1033,87,113,94.43,89.36,3,Needs improvement in peer collaboration and ledger speed.,0.86,0,2025-01-01 00:00:00
1034,87,141,97.02,94.27,1,,0.95,0,2025-02-01 00:00:00
1035,87,97,92.35,95.53,1,Minor KYC compliance oversight noted.,0.88,0,2025-03-01 00:00:00
1036,87,101,99.47,88.13,1,,0.83,0,2025-04-01 00:00:00
1037,87,158,92.0,100.0,4,,0.9,0,2025-05-01 00:00:00
1038,87,126,94.89,89.19,1,,0.98,0,2025-06-01 00:00:00
1039,87,139,88.49,74.64,2,,0.95,0,2025-07-01 00:00:00
1040,87,184,100.0,92.69,3,Minor KYC compliance oversight noted.,0.96,0,2025-08-01 00:00:00
1041,87,114,97.55,87.36,4,,0.94,0,2025-09-01 00:00:00
1042,87,76,95.84,85.36,4,Needs improvement in peer collaboration and ledger speed.,0.96,0,2025-10-01 00:00:00
1043,87,152,97.77,90.73,0,Needs improvement in peer collaboration and ledger speed.,0.87,1,2025-11-01 00:00:00
1044,87,90,90.13,87.91,1,,0.83,0,2025-12-01 00:00:00
1045,88,179,90.67,88.07,1,Minor KYC compliance oversight noted.,0.84,0,2025-01-01 00:00:00
1046,88,95,98.36,100.0,3,,0.83,0,2025-02-01 00:00:00
1047,88,185,94.07,72.8,0,,0.96,0,2025-03-01 00:00:00
1048,88,148,91.98,91.83,3,Shows strong ethical compliance and teamwork.,0.99,0,2025-04-01 00:00:00
1049,88,132,93.89,89.13,1,Needs improvement in peer collaboration and ledger speed.,0.82,0,2025-05-01 00:00:00
1050,88,133,94.14,97.7,3,,0.95,0,2025-06-01 00:00:00
1051,88,146,95.15,94.6,1,,0.96,0,2025-07-01 00:00:00
1052,88,172,99.15,88.93,2,,0.85,0,2025-08-01 00:00:00
1053,88,91,90.26,87.15,2,,0.97,0,2025-09-01 00:00:00
1054,88,125,100.0,87.02,3,,0.97,0,2025-10-01 00:00:00
1055,88,97,98.46,89.51,2,Minor KYC compliance oversight noted.,0.81,0,2025-11-01 00:00:00
1056,88,128,100.0,93.82,0,Minor KYC compliance oversight noted.,0.82,1,2025-12-01 00:00:00
1057,89,143,92.76,59.67,2,Minor KYC compliance oversight noted.,0.86,0,2025-01-01 00:00:00
1058,89,160,100.0,75.78,2,,0.97,0,2025-02-01 00:00:00
1059,89,116,99.51,79.24,3,,0.84,0,2025-03-01 00:00:00
1060,89,95,94.78,78.78,3,,0.91,0,2025-04-01 00:00:00
1061,89,105,89.25,94.94,2,Struggles with meeting deadlines.,0.83,0,2025-05-01 00:00:00
1062,89,141,95.15,64.12,3,Shows strong ethical compliance and teamwork.,0.96,0,2025-06-01 00:00:00
1063,89,133,93.13,77.16,4,,0.93,0,2025-07-01 00:00:00
1064,89,123,90.97,88.48,2,,0.93,0,2025-08-01 00:00:00
1065,89,68,89.51,85.89,1,,0.85,0,2025-09-01 00:00:00
1066,89,162,90.27,88.31,6,Shows strong ethical compliance and teamwork.,0.92,0,2025-10-01 00:00:00
1067,89,108,92.02,86.95,0,,0.96,0,2025-11-01 00:00:00
1068,89,138,92.64,87.25,2,Shows strong ethical compliance and teamwork.,0.92,0,2025-12-01 00:00:00
1069,90,149,96.2,80.27,2,Struggles with meeting deadlines.,0.89,0,2025-01-01 00:00:00
1070,90,176,87.79,90.67,0,,0.8,0,2025-02-01 00:00:00
1071,90,145,96.59,91.95,4,Needs improvement in peer collaboration and ledger speed.,0.87,0,2025-03-01 00:00:00
1072,90,107,92.49,88.73,0,,0.86,0,2025-04-01 00:00:00
1073,90,106,100.0,80.33,1,Shows strong ethical compliance and teamwork.,0.8,0,2025-05-01 00:00:00
1074,90,101,93.21,75.85,2,,0.95,0,2025-06-01 00:00:00
1075,90,123,96.33,87.44,2,,0.98,0,2025-07-01 00:00:00
1076,90,108,97.32,100.0,1,,0.82,0,2025-08-01 00:00:00
1077,90,130,91.03,88.2,3,Excellent collaboration skills during month-end reconciliation.,0.83,0,2025-09-01 00:00:00
1078,90,76,93.46,90.02,0,Excellent collaboration skills during month-end reconciliation.,0.99,0,2025-10-01 00:00:00
1079,90,82,94.89,65.31,1,,0.9,0,2025-11-01 00:00:00
1080,90,113,88.37,82.88,1,Struggles with meeting deadlines.,0.98,0,2025-12-01 00:00:00
1081,91,148,92.29,68.95,1,Excellent collaboration skills during month-end reconciliation.,1.0,0,2025-01-01 00:00:00
1082,91,127,92.08,100.0,2,,0.95,0,2025-02-01 00:00:00
1083,91,176,94.34,94.98,1,,0.98,0,2025-03-01 00:00:00
1084,91,94,96.81,84.44,3,Consistently meets targets with high integrity.,0.85,0,2025-04-01 00:00:00
1085,91,133,100.0,86.62,3,Shows strong ethical compliance and teamwork.,0.84,0,2025-05-01 00:00:00
1086,91,137,88.5,62.93,3,,0.9,0,2025-06-01 00:00:00
1087,91,212,93.97,93.1,4,,0.94,0,2025-07-01 00:00:00
1088,91,100,100.0,66.26,3,Struggles with meeting deadlines.,0.98,0,2025-08-01 00:00:00
1089,91,81,96.31,90.92,1,,0.91,0,2025-09-01 00:00:00
1090,91,140,91.22,90.6,0,,1.0,0,2025-10-01 00:00:00
1091,91,46,97.74,79.85,1,Needs improvement in peer collaboration and ledger speed.,0.97,0,2025-11-01 00:00:00
1092,91,125,95.13,90.69,2,,0.82,0,2025-12-01 00:00:00
1093,92,175,91.21,70.36,0,,0.82,0,2025-01-01 00:00:00
1094,92,128,90.59,96.21,0,,0.94,0,2025-02-01 00:00:00
1095,92,140,100.0,70.82,3,,0.94,0,2025-03-01 00:00:00
1096,92,83,89.17,100.0,1,,0.88,0,2025-04-01 00:00:00
1097,92,118,100.0,69.31,1,,0.9,0,2025-05-01 00:00:00
1098,92,132,91.44,94.28,2,Needs improvement in peer collaboration and ledger speed.,0.83,0,2025-06-01 00:00:00
1099,92,53,92.93,84.99,2,Consistently meets targets with high integrity.,0.9,0,2025-07-01 00:00:00
1100,92,101,89.5,86.21,1,Excellent collaboration skills during month-end reconciliation.,0.82,0,2025-08-01 00:00:00
1101,92,115,95.87,80.5,0,,0.84,0,2025-09-01 00:00:00
1102,92,92,92.46,90.08,0,,0.85,0,2025-10-01 00:00:00
1103,92,79,99.91,92.88,2,Shows strong ethical compliance and teamwork.,0.87,0,2025-11-01 00:00:00
1104,92,173,85.39,100.0,4,,0.83,0,2025-12-01 00:00:00
1105,93,78,93.07,86.57,2,Shows strong ethical compliance and teamwork.,0.94,0,2025-01-01 00:00:00
1106,93,69,89.4,72.8,3,,0.85,0,2025-02-01 00:00:00
1107,93,121,99.37,87.3,1,,0.82,0,2025-03-01 00:00:00
1108,93,44,94.39,98.6,1,,0.91,0,2025-04-01 00:00:00
1109,93,114,83.4,100.0,4,,0.99,0,2025-05-01 00:00:00
1110,93,92,88.39,77.6,2,Consistently meets targets with high integrity.,0.94,0,2025-06-01 00:00:00
1111,93,139,90.6,100.0,0,,0.85,1,2025-07-01 00:00:00
1112,93,124,95.65,77.37,2,,1.0,0,2025-08-01 00:00:00
1113,93,140,95.67,99.81,1,,0.89,0,2025-09-01 00:00:00
1114,93,132,95.41,64.86,3,,0.83,0,2025-10-01 00:00:00
1115,93,157,100.0,74.79,0,,0.86,0,2025-11-01 00:00:00
1116,93,143,93.83,83.96,4,Excellent collaboration skills during month-end reconciliation.,0.89,0,2025-12-01 00:00:00
1117,94,69,89.02,89.37,1,,0.97,0,2025-01-01 00:00:00
1118,94,120,92.13,96.1,5,Consistently meets targets with high integrity.,0.97,0,2025-02-01 00:00:00
1119,94,95,100.0,88.35,4,Shows strong ethical compliance and teamwork.,0.87,0,2025-03-01 00:00:00
1120,94,78,95.01,100.0,2,Minor KYC compliance oversight noted.,0.85,0,2025-04-01 00:00:00
1121,94,140,86.39,92.47,0,Excellent collaboration skills during month-end reconciliation.,0.96,0,2025-05-01 00:00:00
1122,94,100,96.17,75.98,4,,0.88,0,2025-06-01 00:00:00
1123,94,179,96.57,100.0,1,Excellent collaboration skills during month-end reconciliation.,0.97,0,2025-07-01 00:00:00
1124,94,102,96.74,84.06,2,Struggles with meeting deadlines.,0.96,0,2025-08-01 00:00:00
1125,94,148,90.11,91.07,3,Shows strong ethical compliance and teamwork.,0.82,0,2025-09-01 00:00:00
1126,94,82,89.01,99.43,1,Consistently meets targets with high integrity.,1.0,0,2025-10-01 00:00:00
1127,94,76,92.68,68.92,5,Consistently meets targets with high integrity.,0.88,0,2025-11-01 00:00:00
1128,94,103,95.55,100.0,5,Minor KYC compliance oversight noted.,0.94,0,2025-12-01 00:00:00
1129,95,70,98.87,86.89,1,,0.88,0,2025-01-01 00:00:00
1130,95,111,94.83,83.85,2,,0.81,0,2025-02-01 00:00:00
1131,95,135,91.44,73.73,2,Needs improvement in peer collaboration and ledger speed.,0.99,0,2025-03-01 00:00:00
1132,95,122,97.35,95.28,4,,0.98,0,2025-04-01 00:00:00
1133,95,123,93.33,88.02,1,,0.88,0,2025-05-01 00:00:00
1134,95,165,100.0,98.2,3,,0.85,0,2025-06-01 00:00:00
1135,95,122,99.1,100.0,2,,0.94,0,2025-07-01 00:00:00
1136,95,137,100.0,94.03,1,Needs improvement in peer collaboration and ledger speed.,0.92,0,2025-08-01 00:00:00
1137,95,142,98.3,76.75,1,Needs improvement in peer collaboration and ledger speed.,0.97,0,2025-09-01 00:00:00
1138,95,87,93.63,93.35,4,Needs improvement in peer collaboration and ledger speed.,0.94,0,2025-10-01 00:00:00
1139,95,81,91.42,74.63,0,,0.93,0,2025-11-01 00:00:00
1140,95,160,95.22,83.24,3,,0.87,0,2025-12-01 00:00:00
1141,96,81,92.37,80.34,3,Struggles with meeting deadlines.,0.83,0,2025-01-01 00:00:00
1142,96,117,95.13,91.03,1,Minor KYC compliance oversight noted.,0.81,0,2025-02-01 00:00:00
1143,96,131,95.98,95.03,2,Shows strong ethical compliance and teamwork.,0.9,0,2025-03-01 00:00:00
1144,96,116,95.93,80.82,2,,0.9,0,2025-04-01 00:00:00
1145,96,125,92.07,93.1,2,,0.95,0,2025-05-01 00:00:00
1146,96,98,97.14,80.73,2,,0.87,0,2025-06-01 00:00:00
1147,96,97,96.54,72.65,4,,0.9,0,2025-07-01 00:00:00
1148,96,106,91.95,90.1,3,Struggles with meeting deadlines.,0.88,0,2025-08-01 00:00:00
1149,96,95,89.18,91.02,2,,0.89,0,2025-09-01 00:00:00
1150,96,103,90.31,75.59,0,Struggles with meeting deadlines.,0.82,0,2025-10-01 00:00:00
1151,96,152,92.72,88.44,1,,0.86,0,2025-11-01 00:00:00
1152,96,148,94.93,94.83,2,Needs improvement in peer collaboration and ledger speed.,0.93,0,2025-12-01 00:00:00
1153,97,159,100.0,84.37,2,,0.88,0,2025-01-01 00:00:00
1154,97,77,91.91,79.29,0,Consistently meets targets with high integrity.,0.97,0,2025-02-01 00:00:00
1155,97,98,93.62,91.16,2,Minor KYC compliance oversight noted.,0.93,0,2025-03-01 00:00:00
1156,97,103,94.37,78.82,1,Minor KYC compliance oversight noted.,0.84,0,2025-04-01 00:00:00
1157,97,124,98.49,75.49,3,Excellent collaboration skills during month-end reconciliation.,0.87,0,2025-05-01 00:00:00
1158,97,74,94.35,92.38,1,,0.84,0,2025-06-01 00:00:00
1159,97,108,89.72,91.37,1,,0.91,0,2025-07-01 00:00:00
1160,97,112,100.0,96.77,3,Struggles with meeting deadlines.,0.94,0,2025-08-01 00:00:00
1161,97,118,92.0,92.17,2,,0.89,0,2025-09-01 00:00:00
1162,97,155,98.93,94.69,2,,0.93,0,2025-10-01 00:00:00
1163,97,77,93.09,85.01,0,,0.87,0,2025-11-01 00:00:00
1164,97,109,89.1,98.23,2,Excellent collaboration skills during month-end reconciliation.,0.91,0,2025-12-01 00:00:00
1165,98,188,100.0,76.38,1,,0.82,0,2025-01-01 00:00:00
1166,98,167,94.75,81.4,2,Struggles with meeting deadlines.,0.83,0,2025-02-01 00:00:00
1167,98,104,97.24,71.95,1,Needs improvement in peer collaboration and ledger speed.,0.88,0,2025-03-01 00:00:00
1168,98,92,100.0,88.17,3,,0.84,0,2025-04-01 00:00:00
1169,98,68,94.73,89.93,1,,0.97,0,2025-05-01 00:00:00
1170,98,148,93.17,100.0,3,,0.96,0,2025-06-01 00:00:00
1171,98,143,90.52,100.0,1,,0.87,0,2025-07-01 00:00:00
1172,98,88,97.64,83.54,2,Consistently meets targets with high integrity.,0.99,0,2025-08-01 00:00:00
1173,98,136,97.57,71.06,1,Minor KYC compliance oversight noted.,0.82,0,2025-09-01 00:00:00
1174,98,150,100.0,91.02,2,Struggles with meeting deadlines.,0.93,0,2025-10-01 00:00:00
1175,98,142,96.07,84.13,1,Shows strong ethical compliance and teamwork.,0.99,0,2025-11-01 00:00:00
1176,98,87,96.06,89.41,2,,0.95,0,2025-12-01 00:00:00
1177,99,101,95.56,88.73,2,Struggles with meeting deadlines.,0.97,0,2025-01-01 00:00:00
1178,99,149,91.9,84.14,2,,0.9,0,2025-02-01 00:00:00
1179,99,147,94.27,75.91,4,Shows strong ethical compliance and teamwork.,0.94,0,2025-03-01 00:00:00
1180,99,121,97.66,77.79,1,,0.96,0,2025-04-01 00:00:00
1181,99,140,97.66,100.0,2,,0.93,0,2025-05-01 00:00:00
1182,99,113,91.28,76.66,0,Excellent collaboration skills during month-end reconciliation.,0.9,0,2025-06-01 00:00:00
1183,99,93,92.28,96.81,0,,1.0,1,2025-07-01 00:00:00
1184,99,117,98.84,99.28,0,Shows strong ethical compliance and teamwork.,0.85,1,2025-08-01 00:00:00
1185,99,123,98.11,100.0,2,Excellent collaboration skills during month-end reconciliation.,0.89,0,2025-09-01 00:00:00
1186,99,99,94.26,100.0,2,,0.88,0,2025-10-01 00:00:00
1187,99,115,100.0,79.82,4,Needs improvement in peer collaboration and ledger speed.,0.9,0,2025-11-01 00:00:00
1188,99,186,93.03,73.87,2,Minor KYC compliance oversight noted.,0.97,0,2025-12-01 00:00:00
1189,100,103,99.49,75.17,0,Minor KYC compliance oversight noted.,0.93,0,2025-01-01 00:00:00
1190,100,141,94.54,88.84,2,,0.92,0,2025-02-01 00:00:00
1191,100,107,100.0,91.0,0,,0.87,1,2025-03-01 00:00:00
1192,100,102,94.43,86.35,4,Needs improvement in peer collaboration and ledger speed.,0.93,0,2025-04-01 00:00:00
1193,100,116,88.67,100.0,2,Minor KYC compliance oversight noted.,0.91,0,2025-05-01 00:00:00
1194,100,144,86.69,85.65,2,Needs improvement in peer collaboration and ledger speed.,0.82,0,2025-06-01 00:00:00
1195,100,167,92.7,97.08,2,,0.9,0,2025-07-01 00:00:00
1196,100,135,94.01,64.99,1,Needs improvement in peer collaboration and ledger speed.,0.94,0,2025-08-01 00:00:00
1197,100,112,94.25,99.19,2,Minor KYC compliance oversight noted.,0.86,0,2025-09-01 00:00:00
1198,100,158,100.0,74.15,3,Consistently meets targets with high integrity.,0.9,0,2025-10-01 00:00:00
1199,100,112,89.65,100.0,2,,0.83,0,2025-11-01 00:00:00
1200,100,130,96.76,100.0,1,Shows strong ethical compliance and teamwork.,0.85,0,2025-12-01 00:00:00
1201,101,145,98.02,68.58,3,Excellent collaboration skills during month-end reconciliation.,0.94,0,2025-01-01 00:00:00
1202,101,119,91.39,96.09,1,,0.81,0,2025-02-01 00:00:00
1203,101,146,89.26,91.3,1,Shows strong ethical compliance and teamwork.,0.95,0,2025-03-01 00:00:00
1204,101,95,93.54,93.04,4,,0.96,0,2025-04-01 00:00:00
1205,101,115,92.44,88.45,1,,0.97,0,2025-05-01 00:00:00
1206,101,135,98.86,100.0,2,Shows strong ethical compliance and teamwork.,0.95,0,2025-06-01 00:00:00
1207,101,134,94.08,76.63,2,Shows strong ethical compliance and teamwork.,0.9,0,2025-07-01 00:00:00
1208,101,95,97.29,79.39,2,Needs improvement in peer collaboration and ledger speed.,0.86,0,2025-08-01 00:00:00
1209,101,101,84.53,73.18,0,Struggles with meeting deadlines.,0.88,0,2025-09-01 00:00:00
1210,101,79,92.48,100.0,2,Needs improvement in peer collaboration and ledger speed.,0.86,0,2025-10-01 00:00:00
1211,101,63,94.49,74.17,2,Consistently meets targets with high integrity.,0.95,0,2025-11-01 00:00:00
1212,101,147,93.24,82.05,4,,0.97,0,2025-12-01 00:00:00
1213,102,87,92.52,72.93,2,Struggles with meeting deadlines.,0.97,0,2025-01-01 00:00:00
1214,102,89,97.63,86.61,2,Needs improvement in peer collaboration and ledger speed.,0.94,0,2025-02-01 00:00:00
1215,102,94,93.07,93.31,0,,0.92,0,2025-03-01 00:00:00
1216,102,100,86.72,97.93,2,Shows strong ethical compliance and teamwork.,0.96,0,2025-04-01 00:00:00
1217,102,151,91.36,85.56,0,Excellent collaboration skills during month-end reconciliation.,0.89,0,2025-05-01 00:00:00
1218,102,128,93.86,95.53,2,Consistently meets targets with high integrity.,0.84,0,2025-06-01 00:00:00
1219,102,141,100.0,85.72,2,,0.9,0,2025-07-01 00:00:00
1220,102,77,100.0,92.31,2,,0.89,0,2025-08-01 00:00:00
1221,102,149,99.73,87.34,2,Shows strong ethical compliance and teamwork.,0.83,0,2025-09-01 00:00:00
1222,102,109,98.19,89.76,3,Consistently meets targets with high integrity.,0.87,0,2025-10-01 00:00:00
1223,102,81,100.0,83.84,3,Shows strong ethical compliance and teamwork.,0.81,0,2025-11-01 00:00:00
1224,102,138,97.27,81.04,0,Minor KYC compliance oversight noted.,0.81,0,2025-12-01 00:00:00
1225,103,83,100.0,100.0,1,Minor KYC compliance oversight noted.,0.97,0,2025-01-01 00:00:00
1226,103,146,95.58,80.96,3,,0.96,0,2025-02-01 00:00:00
1227,103,109,94.7,84.31,3,Consistently meets targets with high integrity.,0.96,0,2025-03-01 00:00:00
1228,103,144,95.08,79.98,2,,0.84,0,2025-04-01 00:00:00
1229,103,137,92.36,91.72,1,,0.81,0,2025-05-01 00:00:00
1230,103,152,96.94,93.51,2,Struggles with meeting deadlines.,0.91,0,2025-06-01 00:00:00
1231,103,104,90.91,90.8,1,,0.87,0,2025-07-01 00:00:00
1232,103,39,95.33,84.31,1,Needs improvement in peer collaboration and ledger speed.,0.87,0,2025-08-01 00:00:00
1233,103,131,97.33,87.84,0,,0.84,0,2025-09-01 00:00:00
1234,103,154,91.08,94.54,1,Minor KYC compliance oversight noted.,0.89,0,2025-10-01 00:00:00
1235,103,115,95.49,100.0,4,Needs improvement in peer collaboration and ledger speed.,0.8,0,2025-11-01 00:00:00
1236,103,112,94.91,95.07,4,Struggles with meeting deadlines.,0.85,0,2025-12-01 00:00:00
1237,104,135,94.86,95.29,0,Minor KYC compliance oversight noted.,0.85,1,2025-01-01 00:00:00
1238,104,137,100.0,83.3,1,,0.98,0,2025-02-01 00:00:00
1239,104,124,99.62,81.92,2,,0.96,0,2025-03-01 00:00:00
1240,104,89,96.5,83.91,0,,0.85,0,2025-04-01 00:00:00
1241,104,111,88.83,100.0,3,Consistently meets targets with high integrity.,0.98,0,2025-05-01 00:00:00
1242,104,123,94.14,76.22,3,Excellent collaboration skills during month-end reconciliation.,0.9,0,2025-06-01 00:00:00
1243,104,104,92.57,70.35,1,Struggles with meeting deadlines.,0.81,0,2025-07-01 00:00:00
1244,104,172,98.65,92.22,1,Shows strong ethical compliance and teamwork.,0.86,0,2025-08-01 00:00:00
1245,104,95,95.75,80.13,5,,0.82,0,2025-09-01 00:00:00
1246,104,126,98.07,87.98,3,Minor KYC compliance oversight noted.,0.91,0,2025-10-01 00:00:00
1247,104,48,95.77,91.65,2,Shows strong ethical compliance and teamwork.,0.93,0,2025-11-01 00:00:00
1248,104,118,100.0,92.11,1,Needs improvement in peer collaboration and ledger speed.,0.88,0,2025-12-01 00:00:00
1249,105,95,92.01,80.94,2,,0.91,0,2025-01-01 00:00:00
1250,105,109,96.53,74.88,0,Needs improvement in peer collaboration and ledger speed.,0.96,0,2025-02-01 00:00:00
1251,105,110,88.62,88.34,1,Consistently meets targets with high integrity.,0.95,0,2025-03-01 00:00:00
1252,105,116,97.39,76.64,1,,0.89,0,2025-04-01 00:00:00
1253,105,138,100.0,94.59,0,,0.82,1,2025-05-01 00:00:00
1254,105,152,92.82,100.0,1,,0.96,0,2025-06-01 00:00:00
1255,105,81,100.0,86.89,5,Minor KYC compliance oversight noted.,0.96,0,2025-07-01 00:00:00
1256,105,128,98.46,60.92,1,Struggles with meeting deadlines.,0.88,0,2025-08-01 00:00:00
1257,105,98,91.3,75.46,2,Struggles with meeting deadlines.,0.86,0,2025-09-01 00:00:00
1258,105,113,100.0,100.0,1,,0.82,0,2025-10-01 00:00:00
1259,105,124,94.66,89.58,1,,0.94,0,2025-11-01 00:00:00
1260,105,129,88.71,88.81,2,,0.95,0,2025-12-01 00:00:00
1261,106,141,94.8,88.16,1,,0.97,0,2025-01-01 00:00:00
1262,106,124,87.98,81.05,2,,0.9,0,2025-02-01 00:00:00
1263,106,143,95.72,79.28,3,,0.94,0,2025-03-01 00:00:00
1264,106,102,94.68,96.0,3,Excellent collaboration skills during month-end reconciliation.,0.95,0,2025-04-01 00:00:00
1265,106,156,85.43,87.54,4,,0.88,0,2025-05-01 00:00:00
1266,106,108,100.0,90.85,2,Struggles with meeting deadlines.,0.83,0,2025-06-01 00:00:00
1267,106,117,99.0,90.23,4,,0.95,0,2025-07-01 00:00:00
1268,106,149,93.0,99.97,1,Minor KYC compliance oversight noted.,0.86,0,2025-08-01 00:00:00
1269,106,88,100.0,100.0,0,Excellent collaboration skills during month-end reconciliation.,0.94,1,2025-09-01 00:00:00
1270,106,93,100.0,92.84,2,Needs improvement in peer collaboration and ledger speed.,0.93,0,2025-10-01 00:00:00
1271,106,144,96.33,100.0,3,Consistently meets targets with high integrity.,0.91,0,2025-11-01 00:00:00
1272,106,89,88.73,73.08,1,Consistently meets targets with high integrity.,0.81,0,2025-12-01 00:00:00
1273,107,91,97.07,82.94,3,Struggles with meeting deadlines.,0.91,0,2025-01-01 00:00:00
1274,107,114,87.23,64.15,5,Excellent collaboration skills during month-end reconciliation.,0.84,0,2025-02-01 00:00:00
1275,107,144,94.22,90.97,2,Needs improvement in peer collaboration and ledger speed.,0.87,0,2025-03-01 00:00:00
1276,107,170,91.19,100.0,2,,0.93,0,2025-04-01 00:00:00
1277,107,53,90.33,77.03,5,Shows strong ethical compliance and teamwork.,0.84,0,2025-05-01 00:00:00
1278,107,144,99.81,88.09,0,Excellent collaboration skills during month-end reconciliation.,0.84,1,2025-06-01 00:00:00
1279,107,74,97.86,83.78,2,,0.96,0,2025-07-01 00:00:00
1280,107,141,94.65,83.46,3,Minor KYC compliance oversight noted.,0.89,0,2025-08-01 00:00:00
1281,107,166,100.0,85.18,1,Excellent collaboration skills during month-end reconciliation.,0.93,0,2025-09-01 00:00:00
1282,107,156,85.6,100.0,1,,0.84,0,2025-10-01 00:00:00
1283,107,92,97.78,84.24,1,Excellent collaboration skills during month-end reconciliation.,0.87,0,2025-11-01 00:00:00
1284,107,80,91.65,66.93,1,Shows strong ethical compliance and teamwork.,0.82,0,2025-12-01 00:00:00
1285,108,61,89.08,87.98,3,Shows strong ethical compliance and teamwork.,0.86,0,2025-01-01 00:00:00
1286,108,103,98.0,82.03,1,,0.92,0,2025-02-01 00:00:00
1287,108,75,94.95,86.27,1,,0.92,0,2025-03-01 00:00:00
1288,108,106,90.39,89.09,0,Excellent collaboration skills during month-end reconciliation.,0.96,0,2025-04-01 00:00:00
1289,108,105,96.85,71.72,2,Shows strong ethical compliance and teamwork.,0.8,0,2025-05-01 00:00:00
1290,108,151,92.46,82.35,2,,0.84,0,2025-06-01 00:00:00
1291,108,120,93.77,92.43,4,Struggles with meeting deadlines.,0.86,0,2025-07-01 00:00:00
1292,108,123,90.52,80.45,1,,0.94,0,2025-08-01 00:00:00
1293,108,120,100.0,89.51,3,,0.9,0,2025-09-01 00:00:00
1294,108,111,100.0,90.57,3,,0.95,0,2025-10-01 00:00:00
1295,108,104,89.71,92.09,1,,0.82,0,2025-11-01 00:00:00
1296,108,139,89.61,79.01,1,Consistently meets targets with high integrity.,0.97,0,2025-12-01 00:00:00
1297,109,110,88.49,89.87,1,Shows strong ethical compliance and teamwork.,0.98,0,2025-01-01 00:00:00
1298,109,118,95.72,79.85,2,,0.95,0,2025-02-01 00:00:00
1299,109,120,92.31,76.08,0,Needs improvement in peer collaboration and ledger speed.,0.82,0,2025-03-01 00:00:00
1300,109,120,90.02,92.5,1,,0.9,0,2025-04-01 00:00:00
1301,109,98,90.5,87.59,0,,0.92,0,2025-05-01 00:00:00
1302,109,75,96.1,100.0,2,,0.92,0,2025-06-01 00:00:00
1303,109,108,96.15,76.36,1,Minor KYC compliance oversight noted.,0.85,0,2025-07-01 00:00:00
1304,109,109,86.56,100.0,1,Minor KYC compliance oversight noted.,0.89,0,2025-08-01 00:00:00
1305,109,99,99.65,98.69,2,Excellent collaboration skills during month-end reconciliation.,0.88,0,2025-09-01 00:00:00
1306,109,81,93.36,90.31,2,Minor KYC compliance oversight noted.,0.95,0,2025-10-01 00:00:00
1307,109,132,92.13,67.68,1,,0.89,0,2025-11-01 00:00:00
1308,109,80,94.73,77.25,2,Struggles with meeting deadlines.,0.87,0,2025-12-01 00:00:00
1309,110,111,99.6,85.5,2,,0.85,0,2025-01-01 00:00:00
1310,110,110,100.0,97.6,2,Minor KYC compliance oversight noted.,0.94,0,2025-02-01 00:00:00
1311,110,100,94.03,98.1,1,Shows strong ethical compliance and teamwork.,0.89,0,2025-03-01 00:00:00
1312,110,80,91.7,75.48,4,,0.99,0,2025-04-01 00:00:00
1313,110,200,95.39,99.17,2,Shows strong ethical compliance and teamwork.,0.95,0,2025-05-01 00:00:00
1314,110,126,95.92,89.23,2,,0.87,0,2025-06-01 00:00:00
1315,110,118,98.31,77.34,1,,0.9,0,2025-07-01 00:00:00
1316,110,118,100.0,99.64,4,,0.87,0,2025-08-01 00:00:00
1317,110,98,100.0,100.0,2,,0.84,0,2025-09-01 00:00:00
1318,110,145,93.89,81.28,1,Excellent collaboration skills during month-end reconciliation.,0.88,0,2025-10-01 00:00:00
1319,110,77,100.0,87.78,4,Consistently meets targets with high integrity.,0.81,0,2025-11-01 00:00:00
1320,110,118,93.87,83.01,3,Consistently meets targets with high integrity.,0.94,0,2025-12-01 00:00:00
1321,111,107,91.64,80.49,5,Excellent collaboration skills during month-end reconciliation.,0.97,0,2025-01-01 00:00:00
1322,111,124,100.0,100.0,6,,0.91,0,2025-02-01 00:00:00
1323,111,118,91.58,100.0,2,,0.93,0,2025-03-01 00:00:00
1324,111,121,95.43,83.69,1,,0.93,0,2025-04-01 00:00:00
1325,111,168,100.0,87.44,1,Minor KYC compliance oversight noted.,0.85,0,2025-05-01 00:00:00
1326,111,127,99.19,100.0,1,Shows strong ethical compliance and teamwork.,0.9,0,2025-06-01 00:00:00
1327,111,112,98.46,84.11,3,,0.97,0,2025-07-01 00:00:00
1328,111,62,96.41,92.56,2,,0.9,0,2025-08-01 00:00:00
1329,111,143,92.78,88.12,1,Minor KYC compliance oversight noted.,0.98,0,2025-09-01 00:00:00
1330,111,117,98.87,91.99,3,,0.85,0,2025-10-01 00:00:00
1331,111,111,94.89,100.0,3,Excellent collaboration skills during month-end reconciliation.,0.84,0,2025-11-01 00:00:00
1332,111,140,95.94,78.61,1,,0.87,0,2025-12-01 00:00:00
1333,112,168,86.68,100.0,3,Consistently meets targets with high integrity.,0.93,0,2025-01-01 00:00:00
1334,112,91,98.2,100.0,0,,0.87,1,2025-02-01 00:00:00
1335,112,91,100.0,72.88,1,,0.94,0,2025-03-01 00:00:00
1336,112,136,87.5,85.85,1,,0.92,0,2025-04-01 00:00:00
1337,112,173,95.8,100.0,1,Struggles with meeting deadlines.,0.8,0,2025-05-01 00:00:00
1338,112,90,94.74,100.0,2,,0.91,0,2025-06-01 00:00:00
1339,112,113,94.49,89.03,2,,0.93,0,2025-07-01 00:00:00
1340,112,111,95.7,68.68,2,,0.91,0,2025-08-01 00:00:00
1341,112,159,91.21,98.61,2,,0.85,0,2025-09-01 00:00:00
1342,112,106,96.9,94.96,1,,0.99,0,2025-10-01 00:00:00
1343,112,111,88.39,87.16,4,Minor KYC compliance oversight noted.,0.93,0,2025-11-01 00:00:00
1344,112,108,94.7,86.15,3,Needs improvement in peer collaboration and ledger speed.,0.93,0,2025-12-01 00:00:00
1345,113,100,92.56,82.72,2,,0.82,0,2025-01-01 00:00:00
1346,113,160,92.99,88.05,0,,1.0,0,2025-02-01 00:00:00
1347,113,129,96.9,93.9,4,Shows strong ethical compliance and teamwork.,0.84,0,2025-03-01 00:00:00
1348,113,40,92.58,76.99,2,,0.83,0,2025-04-01 00:00:00
1349,113,94,93.39,90.72,2,Shows strong ethical compliance and teamwork.,0.92,0,2025-05-01 00:00:00
1350,113,118,94.91,80.18,3,Shows strong ethical compliance and teamwork.,0.94,0,2025-06-01 00:00:00
1351,113,155,87.43,81.62,1,,0.89,0,2025-07-01 00:00:00
1352,113,151,91.97,83.54,2,Shows strong ethical compliance and teamwork.,0.88,0,2025-08-01 00:00:00
1353,113,121,97.75,67.35,2,,0.8,0,2025-09-01 00:00:00
1354,113,183,100.0,83.74,4,Minor KYC compliance oversight noted.,0.94,0,2025-10-01 00:00:00
1355,113,124,95.26,96.13,2,Minor KYC compliance oversight noted.,0.82,0,2025-11-01 00:00:00
1356,113,94,100.0,94.42,2,,0.92,0,2025-12-01 00:00:00
1357,114,81,93.37,88.14,2,,0.96,0,2025-01-01 00:00:00
1358,114,136,88.5,71.4,3,Consistently meets targets with high integrity.,0.82,0,2025-02-01 00:00:00
1359,114,81,94.94,100.0,4,Minor KYC compliance oversight noted.,0.91,0,2025-03-01 00:00:00
1360,114,152,93.97,90.78,1,,0.99,0,2025-04-01 00:00:00
1361,114,140,93.23,79.46,2,Struggles with meeting deadlines.,0.9,0,2025-05-01 00:00:00
1362,114,100,94.96,87.24,1,,0.81,0,2025-06-01 00:00:00
1363,114,155,99.15,97.68,0,Shows strong ethical compliance and teamwork.,0.99,1,2025-07-01 00:00:00
1364,114,148,97.88,100.0,3,,0.95,0,2025-08-01 00:00:00
1365,114,179,95.05,91.87,2,,0.96,0,2025-09-01 00:00:00
1366,114,160,93.7,87.33,4,Needs improvement in peer collaboration and ledger speed.,0.92,0,2025-10-01 00:00:00
1367,114,125,91.66,70.82,4,,0.85,0,2025-11-01 00:00:00
1368,114,127,94.3,100.0,0,Consistently meets targets with high integrity.,0.86,1,2025-12-01 00:00:00
1369,115,117,98.08,80.25,0,Struggles with meeting deadlines.,0.85,0,2025-01-01 00:00:00
1370,115,161,94.96,78.53,3,,0.95,0,2025-02-01 00:00:00
1371,115,117,100.0,87.78,1,,0.9,0,2025-03-01 00:00:00
1372,115,145,94.38,87.35,2,Struggles with meeting deadlines.,0.93,0,2025-04-01 00:00:00
1373,115,98,99.49,81.39,1,Excellent collaboration skills during month-end reconciliation.,0.88,0,2025-05-01 00:00:00
1374,115,104,96.82,57.55,3,,0.89,0,2025-06-01 00:00:00
1375,115,88,91.11,83.5,2,Excellent collaboration skills during month-end reconciliation.,0.97,0,2025-07-01 00:00:00
1376,115,97,100.0,80.06,1,,0.87,0,2025-08-01 00:00:00
1377,115,107,95.15,86.49,2,,0.94,0,2025-09-01 00:00:00
1378,115,96,96.9,95.08,3,Struggles with meeting deadlines.,0.91,0,2025-10-01 00:00:00
1379,115,208,97.9,100.0,5,Shows strong ethical compliance and teamwork.,0.87,0,2025-11-01 00:00:00
1380,115,161,94.85,70.62,3,Excellent collaboration skills during month-end reconciliation.,1.0,0,2025-12-01 00:00:00
1381,116,145,91.36,83.49,1,Needs improvement in peer collaboration and ledger speed.,0.88,0,2025-01-01 00:00:00
1382,116,89,91.4,100.0,1,,0.97,0,2025-02-01 00:00:00
1383,116,104,99.72,100.0,2,,0.85,0,2025-03-01 00:00:00
1384,116,145,89.89,85.13,3,Shows strong ethical compliance and teamwork.,0.82,0,2025-04-01 00:00:00
1385,116,137,98.77,84.63,2,Excellent collaboration skills during month-end reconciliation.,0.96,0,2025-05-01 00:00:00
1386,116,165,95.84,88.58,2,Needs improvement in peer collaboration and ledger speed.,0.94,0,2025-06-01 00:00:00
1387,116,156,95.58,91.74,1,,0.99,0,2025-07-01 00:00:00
1388,116,147,98.38,84.58,1,,0.82,0,2025-08-01 00:00:00
1389,116,135,96.83,90.14,3,,0.99,0,2025-09-01 00:00:00
1390,116,113,92.52,79.19,4,,0.81,0,2025-10-01 00:00:00
1391,116,101,97.3,86.9,3,,0.82,0,2025-11-01 00:00:00
1392,116,114,87.5,99.8,3,,0.88,0,2025-12-01 00:00:00
1393,117,188,87.95,95.82,1,Minor KYC compliance oversight noted.,0.93,0,2025-01-01 00:00:00
1394,117,92,94.92,85.52,1,,0.99,0,2025-02-01 00:00:00
1395,117,85,99.12,70.06,1,,0.95,0,2025-03-01 00:00:00
1396,117,136,95.81,72.43,1,,0.9,0,2025-04-01 00:00:00
1397,117,133,91.3,83.49,1,,0.97,0,2025-05-01 00:00:00
1398,117,128,88.94,94.31,4,Minor KYC compliance oversight noted.,0.86,0,2025-06-01 00:00:00
1399,117,136,94.5,80.7,4,,0.92,0,2025-07-01 00:00:00
1400,117,148,90.75,98.22,1,Shows strong ethical compliance and teamwork.,0.92,0,2025-08-01 00:00:00
1401,117,92,98.04,81.83,1,Excellent collaboration skills during month-end reconciliation.,0.85,0,2025-09-01 00:00:00
1402,117,79,90.28,76.48,2,,0.83,0,2025-10-01 00:00:00
1403,117,130,93.82,81.11,3,Struggles with meeting deadlines.,0.87,0,2025-11-01 00:00:00
1404,117,77,100.0,87.43,5,,0.92,0,2025-12-01 00:00:00
1405,118,141,96.39,84.4,0,Needs improvement in peer collaboration and ledger speed.,0.94,0,2025-01-01 00:00:00
1406,118,138,93.65,81.73,4,Minor KYC compliance oversight noted.,0.86,0,2025-02-01 00:00:00
1407,118,120,85.89,86.76,1,Minor KYC compliance oversight noted.,0.87,0,2025-03-01 00:00:00
1408,118,108,93.31,55.84,2,Excellent collaboration skills during month-end reconciliation.,0.85,0,2025-04-01 00:00:00
1409,118,171,95.49,95.53,2,Struggles with meeting deadlines.,0.99,0,2025-05-01 00:00:00
1410,118,122,88.87,95.88,1,Excellent collaboration skills during month-end reconciliation.,0.84,0,2025-06-01 00:00:00
1411,118,95,95.24,97.24,1,Minor KYC compliance oversight noted.,0.81,0,2025-07-01 00:00:00
1412,118,164,95.95,100.0,1,,0.99,0,2025-08-01 00:00:00
1413,118,138,95.61,82.55,2,Excellent collaboration skills during month-end reconciliation.,0.98,0,2025-09-01 00:00:00
1414,118,126,99.06,83.97,2,Minor KYC compliance oversight noted.,0.85,0,2025-10-01 00:00:00
1415,118,82,96.49,75.14,2,,0.88,0,2025-11-01 00:00:00
1416,118,80,97.44,87.6,0,,0.85,0,2025-12-01 00:00:00
1417,119,161,100.0,100.0,2,,0.96,0,2025-01-01 00:00:00
1418,119,121,96.37,100.0,1,Minor KYC compliance oversight noted.,0.97,0,2025-02-01 00:00:00
1419,119,145,96.06,100.0,1,,0.85,0,2025-03-01 00:00:00
1420,119,119,88.87,76.71,2,,0.96,0,2025-04-01 00:00:00
1421,119,98,91.42,76.57,0,,0.94,0,2025-05-01 00:00:00
1422,119,124,93.57,75.75,3,Struggles with meeting deadlines.,0.99,0,2025-06-01 00:00:00
1423,119,100,100.0,80.65,2,Consistently meets targets with high integrity.,0.94,0,2025-07-01 00:00:00
1424,119,78,93.97,87.46,1,,0.86,0,2025-08-01 00:00:00
1425,119,123,93.52,94.44,1,,0.95,0,2025-09-01 00:00:00
1426,119,136,98.56,98.57,2,,0.91,0,2025-10-01 00:00:00
1427,119,131,95.68,79.54,1,,0.86,0,2025-11-01 00:00:00
1428,119,138,100.0,81.39,1,,0.91,0,2025-12-01 00:00:00
1429,120,149,96.02,86.71,1,,0.95,0,2025-01-01 00:00:00
1430,120,104,96.22,80.69,1,Shows strong ethical compliance and teamwork.,0.9,0,2025-02-01 00:00:00
1431,120,108,94.8,90.35,1,,0.95,0,2025-03-01 00:00:00
1432,120,9,100.0,77.2,3,Shows strong ethical compliance and teamwork.,0.85,0,2025-04-01 00:00:00
1433,120,95,92.98,79.97,3,Minor KYC compliance oversight noted.,0.87,0,2025-05-01 00:00:00
1434,120,98,99.41,92.92,2,Consistently meets targets with high integrity.,0.98,0,2025-06-01 00:00:00
1435,120,141,91.12,85.67,2,Needs improvement in peer collaboration and ledger speed.,0.9,0,2025-07-01 00:00:00
1436,120,164,100.0,69.72,1,,0.97,0,2025-08-01 00:00:00
1437,120,57,95.36,83.57,3,Struggles with meeting deadlines.,0.87,0,2025-09-01 00:00:00
1438,120,120,91.01,77.41,4,,0.98,0,2025-10-01 00:00:00
1439,120,112,99.6,72.77,4,Minor KYC compliance oversight noted.,0.97,0,2025-11-01 00:00:00
1440,120,128,98.57,94.42,1,,1.0,0,2025-12-01 00:00:00
1441,121,119,94.83,95.5,2,Excellent collaboration skills during month-end reconciliation.,0.88,0,2025-01-01 00:00:00
1442,121,59,94.56,72.54,1,Shows strong ethical compliance and teamwork.,0.81,0,2025-02-01 00:00:00
1443,121,96,92.87,97.38,3,Struggles with meeting deadlines.,0.99,0,2025-03-01 00:00:00
1444,121,142,92.76,82.72,0,,0.87,0,2025-04-01 00:00:00
1445,121,132,92.61,100.0,3,Shows strong ethical compliance and teamwork.,0.89,0,2025-05-01 00:00:00
1446,121,115,99.13,73.91,0,,0.9,0,2025-06-01 00:00:00
1447,121,86,98.55,98.14,1,,0.8,0,2025-07-01 00:00:00
1448,121,139,94.22,93.46,0,Struggles with meeting deadlines.,0.92,1,2025-08-01 00:00:00
1449,121,167,94.81,80.73,2,,0.92,0,2025-09-01 00:00:00
1450,121,93,98.01,89.34,2,,0.91,0,2025-10-01 00:00:00
1451,121,112,96.33,100.0,3,,0.89,0,2025-11-01 00:00:00
1452,121,140,93.8,75.64,4,Excellent collaboration skills during month-end reconciliation.,0.84,0,2025-12-01 00:00:00
1453,122,73,100.0,100.0,3,,0.88,0,2025-01-01 00:00:00
1454,122,94,95.04,73.19,0,Excellent collaboration skills during month-end reconciliation.,0.97,0,2025-02-01 00:00:00
1455,122,123,88.31,100.0,5,,0.84,0,2025-03-01 00:00:00
1456,122,135,96.54,79.9,5,,0.92,0,2025-04-01 00:00:00
1457,122,144,92.1,88.54,2,,0.82,0,2025-05-01 00:00:00
1458,122,123,100.0,73.98,2,,0.85,0,2025-06-01 00:00:00
1459,122,164,94.88,100.0,4,,0.88,0,2025-07-01 00:00:00
1460,122,68,98.28,78.88,5,,0.99,0,2025-08-01 00:00:00
1461,122,153,93.82,100.0,3,,0.96,0,2025-09-01 00:00:00
1462,122,67,99.29,90.19,1,,0.9,0,2025-10-01 00:00:00
1463,122,62,97.75,89.94,4,Needs improvement in peer collaboration and ledger speed.,0.9,0,2025-11-01 00:00:00
1464,122,114,89.64,84.8,2,Struggles with meeting deadlines.,0.86,0,2025-12-01 00:00:00
1465,123,68,95.49,92.52,0,Minor KYC compliance oversight noted.,0.81,1,2025-01-01 00:00:00
1466,123,80,94.36,82.45,3,,0.83,0,2025-02-01 00:00:00
1467,123,137,94.29,89.55,2,,0.85,0,2025-03-01 00:00:00
1468,123,108,99.19,78.14,0,Consistently meets targets with high integrity.,0.89,0,2025-04-01 00:00:00
1469,123,137,98.41,83.06,3,,0.87,0,2025-05-01 00:00:00
1470,123,128,94.76,85.79,1,Excellent collaboration skills during month-end reconciliation.,0.87,0,2025-06-01 00:00:00
1471,123,114,97.98,94.42,0,,0.87,1,2025-07-01 00:00:00
1472,123,111,91.0,100.0,1,Minor KYC compliance oversight noted.,0.84,0,2025-08-01 00:00:00
1473,123,69,93.0,90.8,2,Needs improvement in peer collaboration and ledger speed.,0.91,0,2025-09-01 00:00:00
1474,123,149,92.4,84.73,5,Excellent collaboration skills during month-end reconciliation.,0.87,0,2025-10-01 00:00:00
1475,123,89,91.58,75.94,2,Struggles with meeting deadlines.,0.95,0,2025-11-01 00:00:00
1476,123,93,90.88,100.0,1,,0.82,0,2025-12-01 00:00:00
1477,124,158,91.83,95.63,2,Struggles with meeting deadlines.,0.93,0,2025-01-01 00:00:00
1478,124,155,100.0,78.98,3,,0.83,0,2025-02-01 00:00:00
1479,124,102,96.6,74.8,4,Excellent collaboration skills during month-end reconciliation.,0.88,0,2025-03-01 00:00:00
1480,124,112,88.55,96.86,4,Struggles with meeting deadlines.,0.97,0,2025-04-01 00:00:00
1481,124,61,92.8,100.0,0,,0.83,1,2025-05-01 00:00:00
1482,124,116,94.47,93.75,1,,0.86,0,2025-06-01 00:00:00
1483,124,90,92.94,82.76,1,,0.85,0,2025-07-01 00:00:00
1484,124,192,100.0,94.87,5,Excellent collaboration skills during month-end reconciliation.,0.98,0,2025-08-01 00:00:00
1485,124,108,94.04,80.51,0,Excellent collaboration skills during month-end reconciliation.,0.95,0,2025-09-01 00:00:00
1486,124,103,92.24,92.68,4,Struggles with meeting deadlines.,0.88,0,2025-10-01 00:00:00
1487,124,128,97.97,95.6,2,,0.8,0,2025-11-01 00:00:00
1488,124,111,96.25,73.15,2,Needs improvement in peer collaboration and ledger speed.,0.85,0,2025-12-01 00:00:00
1489,125,147,94.64,94.9,3,Needs improvement in peer collaboration and ledger speed.,0.82,0,2025-01-01 00:00:00
1490,125,45,90.49,79.46,0,,0.82,0,2025-02-01 00:00:00
1491,125,76,96.78,92.12,6,,0.98,0,2025-03-01 00:00:00
1492,125,91,91.56,81.46,1,Consistently meets targets with high integrity.,0.95,0,2025-04-01 00:00:00
1493,125,121,96.3,100.0,1,Consistently meets targets with high integrity.,0.82,0,2025-05-01 00:00:00
1494,125,141,100.0,95.82,2,Consistently meets targets with high integrity.,0.93,0,2025-06-01 00:00:00
1495,125,103,93.16,98.3,3,Excellent collaboration skills during month-end reconciliation.,0.85,0,2025-07-01 00:00:00
1496,125,108,92.38,82.89,5,Struggles with meeting deadlines.,0.93,0,2025-08-01 00:00:00
1497,125,122,88.14,78.71,1,,0.97,0,2025-09-01 00:00:00
1498,125,104,94.71,100.0,0,,0.93,1,2025-10-01 00:00:00
1499,125,96,95.89,92.59,1,Excellent collaboration skills during month-end reconciliation.,0.97,0,2025-11-01 00:00:00
1500,125,111,94.88,100.0,4,,0.97,0,2025-12-01 00:00:00
1501,126,98,100.0,91.27,2,Minor KYC compliance oversight noted.,0.89,0,2025-01-01 00:00:00
1502,126,94,98.2,87.42,4,Needs improvement in peer collaboration and ledger speed.,0.91,0,2025-02-01 00:00:00
1503,126,110,99.12,85.12,1,Struggles with meeting deadlines.,0.93,0,2025-03-01 00:00:00
1504,126,132,93.49,100.0,1,Minor KYC compliance oversight noted.,0.89,0,2025-04-01 00:00:00
1505,126,183,98.91,64.15,1,Minor KYC compliance oversight noted.,0.86,0,2025-05-01 00:00:00
1506,126,103,87.75,78.49,2,,0.91,0,2025-06-01 00:00:00
1507,126,121,90.42,80.99,0,Struggles with meeting deadlines.,0.86,0,2025-07-01 00:00:00
1508,126,102,93.34,100.0,4,,0.83,0,2025-08-01 00:00:00
1509,126,164,89.74,99.98,2,,0.9,0,2025-09-01 00:00:00
1510,126,119,89.23,97.46,0,Shows strong ethical compliance and teamwork.,0.87,0,2025-10-01 00:00:00
1511,126,112,96.48,89.77,2,,0.8,0,2025-11-01 00:00:00
1512,126,130,89.83,88.84,1,Struggles with meeting deadlines.,0.86,0,2025-12-01 00:00:00
1513,127,107,93.04,82.62,0,Excellent collaboration skills during month-end reconciliation.,0.92,0,2025-01-01 00:00:00
1514,127,133,95.9,88.61,1,Minor KYC compliance oversight noted.,0.87,0,2025-02-01 00:00:00
1515,127,145,95.6,93.49,2,,0.91,0,2025-03-01 00:00:00
1516,127,158,99.66,97.26,2,,0.83,0,2025-04-01 00:00:00
1517,127,174,96.6,82.03,1,Struggles with meeting deadlines.,0.97,0,2025-05-01 00:00:00
1518,127,136,98.45,83.94,4,,0.82,0,2025-06-01 00:00:00
1519,127,104,98.11,73.41,2,Minor KYC compliance oversight noted.,0.95,0,2025-07-01 00:00:00
1520,127,127,97.64,86.53,0,Needs improvement in peer collaboration and ledger speed.,0.94,0,2025-08-01 00:00:00
1521,127,121,100.0,99.54,3,,0.95,0,2025-09-01 00:00:00
1522,127,154,85.42,81.21,2,Struggles with meeting deadlines.,0.84,0,2025-10-01 00:00:00
1523,127,130,94.8,100.0,2,,0.83,0,2025-11-01 00:00:00
1524,127,108,87.97,75.31,2,,0.89,0,2025-12-01 00:00:00
1525,128,114,91.25,90.4,1,,0.94,0,2025-01-01 00:00:00
1526,128,95,94.27,100.0,3,,0.86,0,2025-02-01 00:00:00
1527,128,113,95.7,92.68,2,,0.99,0,2025-03-01 00:00:00
1528,128,127,96.12,100.0,1,,0.99,0,2025-04-01 00:00:00
1529,128,92,97.42,71.83,1,,0.83,0,2025-05-01 00:00:00
1530,128,130,92.48,80.66,1,,0.8,0,2025-06-01 00:00:00
1531,128,152,94.9,94.28,0,,0.8,1,2025-07-01 00:00:00
1532,128,169,91.48,93.12,2,,0.88,0,2025-08-01 00:00:00
1533,128,147,93.46,89.82,1,Struggles with meeting deadlines.,1.0,0,2025-09-01 00:00:00
1534,128,88,94.43,96.78,3,,0.96,0,2025-10-01 00:00:00
1535,128,172,97.89,80.47,2,,0.97,0,2025-11-01 00:00:00
1536,128,116,98.5,91.08,3,Consistently meets targets with high integrity.,0.85,0,2025-12-01 00:00:00
1537,129,154,93.25,100.0,3,,0.91,0,2025-01-01 00:00:00
1538,129,70,95.4,87.93,1,,0.98,0,2025-02-01 00:00:00
1539,129,160,95.23,94.82,4,,0.88,0,2025-03-01 00:00:00
1540,129,139,95.43,97.98,2,,0.99,0,2025-04-01 00:00:00
1541,129,121,100.0,88.39,1,Struggles with meeting deadlines.,0.95,0,2025-05-01 00:00:00
1542,129,186,91.95,83.05,2,,0.95,0,2025-06-01 00:00:00
1543,129,138,88.76,77.22,3,,0.89,0,2025-07-01 00:00:00
1544,129,130,92.97,90.4,2,Minor KYC compliance oversight noted.,0.93,0,2025-08-01 00:00:00
1545,129,185,90.56,98.99,3,,0.88,0,2025-09-01 00:00:00
1546,129,99,93.98,90.48,0,Excellent collaboration skills during month-end reconciliation.,0.83,0,2025-10-01 00:00:00
1547,129,107,100.0,85.53,2,Needs improvement in peer collaboration and ledger speed.,0.99,0,2025-11-01 00:00:00
1548,129,142,100.0,77.53,4,Excellent collaboration skills during month-end reconciliation.,0.9,0,2025-12-01 00:00:00
1549,130,168,91.14,90.13,6,,0.87,0,2025-01-01 00:00:00
1550,130,119,94.4,87.59,4,,0.93,0,2025-02-01 00:00:00
1551,130,107,90.78,69.2,5,Shows strong ethical compliance and teamwork.,0.93,0,2025-03-01 00:00:00
1552,130,89,92.93,100.0,1,,0.83,0,2025-04-01 00:00:00
1553,130,53,94.22,96.36,2,,0.82,0,2025-05-01 00:00:00
1554,130,87,95.69,93.87,1,Consistently meets targets with high integrity.,0.99,0,2025-06-01 00:00:00
1555,130,129,90.98,89.08,2,Needs improvement in peer collaboration and ledger speed.,0.9,0,2025-07-01 00:00:00
1556,130,82,91.54,99.36,3,Excellent collaboration skills during month-end reconciliation.,0.95,0,2025-08-01 00:00:00
1557,130,89,98.78,89.52,2,,0.9,0,2025-09-01 00:00:00
1558,130,89,100.0,86.84,4,Excellent collaboration skills during month-end reconciliation.,0.99,0,2025-10-01 00:00:00
1559,130,114,99.13,100.0,1,Needs improvement in peer collaboration and ledger speed.,0.81,0,2025-11-01 00:00:00
1560,130,105,98.33,95.98,1,,0.83,0,2025-12-01 00:00:00
1561,131,77,100.0,81.59,2,Consistently meets targets with high integrity.,0.83,0,2025-01-01 00:00:00
1562,131,112,100.0,94.85,5,,1.0,0,2025-02-01 00:00:00
1563,131,113,90.25,100.0,3,Excellent collaboration skills during month-end reconciliation.,0.96,0,2025-03-01 00:00:00
1564,131,63,93.28,96.08,1,,0.84,0,2025-04-01 00:00:00
1565,131,143,96.85,95.46,3,Excellent collaboration skills during month-end reconciliation.,0.94,0,2025-05-01 00:00:00
1566,131,116,97.89,85.4,3,,0.81,0,2025-06-01 00:00:00
1567,131,109,99.86,87.85,2,Minor KYC compliance oversight noted.,0.86,0,2025-07-01 00:00:00
1568,131,127,93.49,91.16,3,Shows strong ethical compliance and teamwork.,0.91,0,2025-08-01 00:00:00
1569,131,132,98.08,100.0,0,Excellent collaboration skills during month-end reconciliation.,0.95,1,2025-09-01 00:00:00
1570,131,148,89.44,86.82,2,,0.97,0,2025-10-01 00:00:00
1571,131,80,93.26,96.78,4,Minor KYC compliance oversight noted.,0.83,0,2025-11-01 00:00:00
1572,131,130,90.34,71.99,3,Struggles with meeting deadlines.,0.86,0,2025-12-01 00:00:00
1573,132,106,90.74,96.27,5,,0.87,0,2025-01-01 00:00:00
1574,132,74,100.0,99.89,2,,0.93,0,2025-02-01 00:00:00
1575,132,131,94.53,100.0,2,,0.84,0,2025-03-01 00:00:00
1576,132,109,94.76,97.69,2,,0.97,0,2025-04-01 00:00:00
1577,132,127,99.66,94.25,2,Shows strong ethical compliance and teamwork.,0.86,0,2025-05-01 00:00:00
1578,132,114,90.37,100.0,0,,0.99,1,2025-06-01 00:00:00
1579,132,115,99.03,77.42,0,Shows strong ethical compliance and teamwork.,0.9,0,2025-07-01 00:00:00
1580,132,127,98.27,77.83,0,,0.91,0,2025-08-01 00:00:00
1581,132,118,95.37,82.5,0,Excellent collaboration skills during month-end reconciliation.,0.88,0,2025-09-01 00:00:00
1582,132,104,96.79,91.25,1,,0.82,0,2025-10-01 00:00:00
1583,132,113,87.72,83.66,2,Consistently meets targets with high integrity.,0.97,0,2025-11-01 00:00:00
1584,132,169,92.45,95.41,1,,0.97,0,2025-12-01 00:00:00
1585,133,124,95.78,87.76,2,,0.9,0,2025-01-01 00:00:00
1586,133,135,90.08,85.91,1,,0.91,0,2025-02-01 00:00:00
1587,133,173,99.99,100.0,0,Needs improvement in peer collaboration and ledger speed.,0.9,1,2025-03-01 00:00:00
1588,133,134,87.98,92.54,3,Minor KYC compliance oversight noted.,0.85,0,2025-04-01 00:00:00
1589,133,93,92.5,76.99,3,,0.92,0,2025-05-01 00:00:00
1590,133,141,92.0,66.38,1,,0.99,0,2025-06-01 00:00:00
1591,133,149,93.48,94.04,1,,0.9,0,2025-07-01 00:00:00
1592,133,162,94.7,100.0,1,Consistently meets targets with high integrity.,0.89,0,2025-08-01 00:00:00
1593,133,134,92.69,89.53,4,Excellent collaboration skills during month-end reconciliation.,0.91,0,2025-09-01 00:00:00
1594,133,73,94.83,85.22,3,Struggles with meeting deadlines.,0.96,0,2025-10-01 00:00:00
1595,133,87,97.01,80.22,1,Consistently meets targets with high integrity.,0.96,0,2025-11-01 00:00:00
1596,133,156,100.0,80.67,2,,0.81,0,2025-12-01 00:00:00
1597,134,66,99.26,100.0,3,,0.86,0,2025-01-01 00:00:00
1598,134,106,99.19,79.62,3,Minor KYC compliance oversight noted.,0.82,0,2025-02-01 00:00:00
1599,134,127,96.92,83.68,1,Minor KYC compliance oversight noted.,0.88,0,2025-03-01 00:00:00
1600,134,126,91.29,100.0,3,,0.93,0,2025-04-01 00:00:00
1601,134,105,90.94,70.55,1,Shows strong ethical compliance and teamwork.,0.91,0,2025-05-01 00:00:00
1602,134,88,99.04,83.54,0,Needs improvement in peer collaboration and ledger speed.,0.82,0,2025-06-01 00:00:00
1603,134,112,92.98,100.0,3,Excellent collaboration skills during month-end reconciliation.,0.93,0,2025-07-01 00:00:00
1604,134,102,97.08,96.42,3,Struggles with meeting deadlines.,0.98,0,2025-08-01 00:00:00
1605,134,112,83.84,91.9,1,,0.84,0,2025-09-01 00:00:00
1606,134,97,88.79,89.39,0,,0.87,0,2025-10-01 00:00:00
1607,134,80,92.03,93.27,4,,1.0,0,2025-11-01 00:00:00
1608,134,120,99.38,87.15,1,,0.87,0,2025-12-01 00:00:00
1609,135,128,99.34,88.01,3,,1.0,0,2025-01-01 00:00:00
1610,135,99,100.0,92.81,0,,0.87,1,2025-02-01 00:00:00
1611,135,132,99.86,86.55,0,Struggles with meeting deadlines.,0.97,0,2025-03-01 00:00:00
1612,135,132,91.53,88.14,1,,0.85,0,2025-04-01 00:00:00
1613,135,124,100.0,82.03,2,Struggles with meeting deadlines.,0.95,0,2025-05-01 00:00:00
1614,135,114,93.94,93.57,2,Excellent collaboration skills during month-end reconciliation.,0.87,0,2025-06-01 00:00:00
1615,135,114,97.49,86.05,3,,0.99,0,2025-07-01 00:00:00
1616,135,98,98.39,82.28,0,,0.81,0,2025-08-01 00:00:00
1617,135,106,99.19,77.31,0,,0.8,0,2025-09-01 00:00:00
1618,135,130,93.37,84.89,2,,0.98,0,2025-10-01 00:00:00
1619,135,138,99.55,73.79,3,,1.0,0,2025-11-01 00:00:00
1620,135,172,95.87,86.33,1,,0.86,0,2025-12-01 00:00:00
1621,136,119,91.09,73.03,3,Needs improvement in peer collaboration and ledger speed.,0.96,0,2025-01-01 00:00:00
1622,136,141,91.84,94.93,5,Minor KYC compliance oversight noted.,0.91,0,2025-02-01 00:00:00
1623,136,139,92.26,74.72,2,Shows strong ethical compliance and teamwork.,0.82,0,2025-03-01 00:00:00
1624,136,111,95.2,86.07,2,,0.83,0,2025-04-01 00:00:00
1625,136,158,90.46,93.09,1,,0.98,0,2025-05-01 00:00:00
1626,136,101,100.0,80.3,3,,0.85,0,2025-06-01 00:00:00
1627,136,53,94.12,90.47,1,,0.91,0,2025-07-01 00:00:00
1628,136,86,97.25,86.62,2,Shows strong ethical compliance and teamwork.,0.95,0,2025-08-01 00:00:00
1629,136,141,94.67,85.0,4,Struggles with meeting deadlines.,0.83,0,2025-09-01 00:00:00
1630,136,170,91.07,81.13,0,Needs improvement in peer collaboration and ledger speed.,0.94,0,2025-10-01 00:00:00
1631,136,154,100.0,98.54,4,Consistently meets targets with high integrity.,0.92,0,2025-11-01 00:00:00
1632,136,130,96.69,71.95,1,,0.95,0,2025-12-01 00:00:00
1633,137,69,98.32,96.72,2,Consistently meets targets with high integrity.,0.96,0,2025-01-01 00:00:00
1634,137,129,95.91,88.87,4,Excellent collaboration skills during month-end reconciliation.,0.87,0,2025-02-01 00:00:00
1635,137,135,94.52,87.65,2,Struggles with meeting deadlines.,0.99,0,2025-03-01 00:00:00
1636,137,147,100.0,86.82,0,,0.95,0,2025-04-01 00:00:00
1637,137,167,92.65,73.57,6,Minor KYC compliance oversight noted.,0.99,0,2025-05-01 00:00:00
1638,137,139,89.37,70.94,1,Needs improvement in peer collaboration and ledger speed.,0.88,0,2025-06-01 00:00:00
1639,137,131,91.48,98.89,2,,0.81,0,2025-07-01 00:00:00
1640,137,69,93.76,89.92,2,Shows strong ethical compliance and teamwork.,0.87,0,2025-08-01 00:00:00
1641,137,123,86.6,70.77,2,Shows strong ethical compliance and teamwork.,0.81,0,2025-09-01 00:00:00
1642,137,127,96.17,69.2,1,Struggles with meeting deadlines.,0.99,0,2025-10-01 00:00:00
1643,137,126,94.04,100.0,4,Minor KYC compliance oversight noted.,0.9,0,2025-11-01 00:00:00
1644,137,75,96.69,89.37,1,,0.86,0,2025-12-01 00:00:00
1645,138,109,86.82,99.42,5,,0.83,0,2025-01-01 00:00:00
1646,138,88,100.0,80.08,0,,0.91,0,2025-02-01 00:00:00
1647,138,124,100.0,97.71,1,,0.88,0,2025-03-01 00:00:00
1648,138,81,94.74,83.45,5,,0.9,0,2025-04-01 00:00:00
1649,138,96,97.63,100.0,0,Shows strong ethical compliance and teamwork.,0.95,1,2025-05-01 00:00:00
1650,138,78,98.1,93.14,3,,0.84,0,2025-06-01 00:00:00
1651,138,90,90.25,94.56,1,,0.91,0,2025-07-01 00:00:00
1652,138,175,96.2,94.35,4,Needs improvement in peer collaboration and ledger speed.,0.9,0,2025-08-01 00:00:00
1653,138,56,93.3,88.63,2,,0.85,0,2025-09-01 00:00:00
1654,138,111,96.4,86.5,1,,0.94,0,2025-10-01 00:00:00
1655,138,84,98.24,97.38,2,Consistently meets targets with high integrity.,0.93,0,2025-11-01 00:00:00
1656,138,105,91.53,87.7,6,,0.87,0,2025-12-01 00:00:00
1657,139,121,95.52,100.0,1,,0.92,0,2025-01-01 00:00:00
1658,139,145,90.08,97.49,2,,0.86,0,2025-02-01 00:00:00
1659,139,135,90.02,84.17,2,Minor KYC compliance oversight noted.,0.96,0,2025-03-01 00:00:00
1660,139,101,100.0,72.35,4,Minor KYC compliance oversight noted.,0.83,0,2025-04-01 00:00:00
1661,139,117,93.85,92.35,1,,0.96,0,2025-05-01 00:00:00
1662,139,97,93.0,94.69,2,,0.87,0,2025-06-01 00:00:00
1663,139,98,94.61,100.0,3,Consistently meets targets with high integrity.,0.82,0,2025-07-01 00:00:00
1664,139,104,100.0,85.18,1,,0.99,0,2025-08-01 00:00:00
1665,139,85,96.89,100.0,2,Excellent collaboration skills during month-end reconciliation.,0.8,0,2025-09-01 00:00:00
1666,139,153,96.85,84.67,1,Consistently meets targets with high integrity.,0.86,0,2025-10-01 00:00:00
1667,139,136,92.41,66.44,3,,0.87,0,2025-11-01 00:00:00
1668,139,108,96.36,86.72,0,Shows strong ethical compliance and teamwork.,0.84,0,2025-12-01 00:00:00
1669,140,144,93.97,78.51,2,Excellent collaboration skills during month-end reconciliation.,0.91,0,2025-01-01 00:00:00
1670,140,91,97.12,91.04,2,Shows strong ethical compliance and teamwork.,0.94,0,2025-02-01 00:00:00
1671,140,99,93.16,89.32,0,Struggles with meeting deadlines.,0.92,0,2025-03-01 00:00:00
1672,140,94,93.3,80.34,3,Consistently meets targets with high integrity.,0.85,0,2025-04-01 00:00:00
1673,140,93,91.72,85.77,3,,0.84,0,2025-05-01 00:00:00
1674,140,128,88.14,96.26,2,Excellent collaboration skills during month-end reconciliation.,0.81,0,2025-06-01 00:00:00
1675,140,119,93.9,91.78,1,Consistently meets targets with high integrity.,0.81,0,2025-07-01 00:00:00
1676,140,94,95.89,74.17,0,Needs improvement in peer collaboration and ledger speed.,0.97,0,2025-08-01 00:00:00
1677,140,109,95.71,88.22,5,Consistently meets targets with high integrity.,0.8,0,2025-09-01 00:00:00
1678,140,90,96.91,86.47,2,Needs improvement in peer collaboration and ledger speed.,0.88,0,2025-10-01 00:00:00
1679,140,102,87.58,80.49,2,Minor KYC compliance oversight noted.,1.0,0,2025-11-01 00:00:00
1680,140,135,93.87,98.51,1,,0.86,0,2025-12-01 00:00:00
1681,141,148,93.8,92.6,2,Minor KYC compliance oversight noted.,0.82,0,2025-01-01 00:00:00
1682,141,115,93.8,98.13,0,,0.99,1,2025-02-01 00:00:00
1683,141,140,88.82,84.37,0,Needs improvement in peer collaboration and ledger speed.,0.8,0,2025-03-01 00:00:00
1684,141,128,95.55,90.3,4,,0.91,0,2025-04-01 00:00:00
1685,141,144,91.35,91.07,3,,0.88,0,2025-05-01 00:00:00
1686,141,118,93.77,100.0,4,,0.87,0,2025-06-01 00:00:00
1687,141,110,89.63,93.86,2,,0.93,0,2025-07-01 00:00:00
1688,141,162,94.92,89.02,0,,1.0,0,2025-08-01 00:00:00
1689,141,134,90.9,100.0,2,Consistently meets targets with high integrity.,0.93,0,2025-09-01 00:00:00
1690,141,135,96.99,68.58,1,Consistently meets targets with high integrity.,0.99,0,2025-10-01 00:00:00
1691,141,113,98.92,91.05,1,Shows strong ethical compliance and teamwork.,0.83,0,2025-11-01 00:00:00
1692,141,154,84.92,89.49,0,Needs improvement in peer collaboration and ledger speed.,0.83,0,2025-12-01 00:00:00
1693,142,98,94.43,86.17,2,Minor KYC compliance oversight noted.,0.99,0,2025-01-01 00:00:00
1694,142,93,95.75,100.0,3,Needs improvement in peer collaboration and ledger speed.,0.94,0,2025-02-01 00:00:00
1695,142,106,99.29,90.95,0,,0.91,1,2025-03-01 00:00:00
1696,142,99,89.45,86.88,4,,0.86,0,2025-04-01 00:00:00
1697,142,143,94.97,90.17,2,Struggles with meeting deadlines.,0.91,0,2025-05-01 00:00:00
1698,142,128,91.82,59.77,3,,0.83,0,2025-06-01 00:00:00
1699,142,113,95.97,85.3,2,Shows strong ethical compliance and teamwork.,0.97,0,2025-07-01 00:00:00
1700,142,122,88.02,81.1,3,,0.94,0,2025-08-01 00:00:00
1701,142,75,99.61,86.98,0,Shows strong ethical compliance and teamwork.,0.89,0,2025-09-01 00:00:00
1702,142,121,90.87,94.68,1,Shows strong ethical compliance and teamwork.,0.93,0,2025-10-01 00:00:00
1703,142,172,92.69,92.13,3,Shows strong ethical compliance and teamwork.,0.86,0,2025-11-01 00:00:00
1704,142,84,99.35,67.1,1,Needs improvement in peer collaboration and ledger speed.,0.82,0,2025-12-01 00:00:00
1705,143,69,90.78,100.0,2,,0.98,0,2025-01-01 00:00:00
1706,143,103,100.0,83.96,2,Excellent collaboration skills during month-end reconciliation.,0.98,0,2025-02-01 00:00:00
1707,143,74,92.31,91.41,4,,0.88,0,2025-03-01 00:00:00
1708,143,142,89.95,75.7,0,,0.99,0,2025-04-01 00:00:00
1709,143,151,96.18,100.0,2,Needs improvement in peer collaboration and ledger speed.,0.85,0,2025-05-01 00:00:00
1710,143,99,98.04,92.48,1,Consistently meets targets with high integrity.,0.83,0,2025-06-01 00:00:00
1711,143,165,96.68,100.0,1,,1.0,0,2025-07-01 00:00:00
1712,143,136,99.25,84.76,5,Minor KYC compliance oversight noted.,0.91,0,2025-08-01 00:00:00
1713,143,117,100.0,66.08,4,,0.85,0,2025-09-01 00:00:00
1714,143,77,98.33,93.98,5,Excellent collaboration skills during month-end reconciliation.,0.82,0,2025-10-01 00:00:00
1715,143,111,99.47,93.72,2,Shows strong ethical compliance and teamwork.,0.9,0,2025-11-01 00:00:00
1716,143,108,94.99,86.23,0,Needs improvement in peer collaboration and ledger speed.,0.93,0,2025-12-01 00:00:00
1717,144,95,98.74,79.55,2,,0.88,0,2025-01-01 00:00:00
1718,144,116,97.63,90.32,2,,0.83,0,2025-02-01 00:00:00
1719,144,133,93.88,96.9,2,,0.88,0,2025-03-01 00:00:00
1720,144,161,97.68,98.68,3,Excellent collaboration skills during month-end reconciliation.,0.99,0,2025-04-01 00:00:00
1721,144,128,96.37,77.01,2,,0.93,0,2025-05-01 00:00:00
1722,144,121,93.08,100.0,2,,0.84,0,2025-06-01 00:00:00
1723,144,117,93.45,85.84,2,,0.99,0,2025-07-01 00:00:00
1724,144,130,92.34,98.65,0,,0.92,1,2025-08-01 00:00:00
1725,144,68,96.57,87.11,2,Struggles with meeting deadlines.,0.98,0,2025-09-01 00:00:00
1726,144,168,96.02,92.85,2,,0.96,0,2025-10-01 00:00:00
1727,144,166,100.0,63.13,4,Struggles with meeting deadlines.,0.94,0,2025-11-01 00:00:00
1728,144,106,93.89,80.5,1,,0.99,0,2025-12-01 00:00:00
1729,145,105,99.45,80.58,2,Minor KYC compliance oversight noted.,0.91,0,2025-01-01 00:00:00
1730,145,124,89.2,78.76,5,Consistently meets targets with high integrity.,0.9,0,2025-02-01 00:00:00
1731,145,156,96.08,79.0,2,,0.97,0,2025-03-01 00:00:00
1732,145,107,92.19,77.68,2,,1.0,0,2025-04-01 00:00:00
1733,145,105,92.49,70.32,2,Struggles with meeting deadlines.,1.0,0,2025-05-01 00:00:00
1734,145,120,91.42,99.97,2,,0.88,0,2025-06-01 00:00:00
1735,145,94,90.15,95.82,1,Consistently meets targets with high integrity.,0.84,0,2025-07-01 00:00:00
1736,145,118,94.95,76.93,0,,0.98,0,2025-08-01 00:00:00
1737,145,91,93.35,92.79,4,Excellent collaboration skills during month-end reconciliation.,0.89,0,2025-09-01 00:00:00
1738,145,124,91.77,100.0,1,,0.92,0,2025-10-01 00:00:00
1739,145,126,93.1,79.64,0,,0.9,0,2025-11-01 00:00:00
1740,145,87,94.92,99.23,2,,0.97,0,2025-12-01 00:00:00
1741,146,138,91.93,78.67,2,,0.94,0,2025-01-01 00:00:00
1742,146,140,98.47,100.0,2,,0.96,0,2025-02-01 00:00:00
1743,146,100,87.53,83.75,0,Needs improvement in peer collaboration and ledger speed.,0.91,0,2025-03-01 00:00:00
1744,146,131,95.35,77.92,3,,0.86,0,2025-04-01 00:00:00
1745,146,161,95.14,100.0,0,,0.89,1,2025-05-01 00:00:00
1746,146,122,88.73,92.07,2,Shows strong ethical compliance and teamwork.,0.98,0,2025-06-01 00:00:00
1747,146,111,93.31,80.6,3,,0.86,0,2025-07-01 00:00:00
1748,146,108,100.0,92.95,5,Needs improvement in peer collaboration and ledger speed.,0.96,0,2025-08-01 00:00:00
1749,146,152,96.96,86.75,2,Consistently meets targets with high integrity.,0.82,0,2025-09-01 00:00:00
1750,146,79,93.86,78.03,1,Needs improvement in peer collaboration and ledger speed.,0.87,0,2025-10-01 00:00:00
1751,146,106,93.38,88.97,1,Struggles with meeting deadlines.,0.95,0,2025-11-01 00:00:00
1752,146,71,91.81,98.75,5,Minor KYC compliance oversight noted.,0.99,0,2025-12-01 00:00:00
1753,147,135,94.25,100.0,3,,0.88,0,2025-01-01 00:00:00
1754,147,113,100.0,92.45,0,Excellent collaboration skills during month-end reconciliation.,0.91,1,2025-02-01 00:00:00
1755,147,147,95.9,82.29,5,Shows strong ethical compliance and teamwork.,0.83,0,2025-03-01 00:00:00
1756,147,148,95.35,77.63,4,,0.95,0,2025-04-01 00:00:00
1757,147,108,96.24,100.0,2,,0.86,0,2025-05-01 00:00:00
1758,147,162,99.49,92.29,5,Struggles with meeting deadlines.,0.86,0,2025-06-01 00:00:00
1759,147,103,93.06,85.07,2,,0.98,0,2025-07-01 00:00:00
1760,147,106,93.4,89.57,0,Consistently meets targets with high integrity.,0.92,0,2025-08-01 00:00:00
1761,147,56,94.96,84.23,2,,0.89,0,2025-09-01 00:00:00
1762,147,114,91.82,100.0,4,Minor KYC compliance oversight noted.,0.96,0,2025-10-01 00:00:00
1763,147,81,96.79,91.38,1,Struggles with meeting deadlines.,0.85,0,2025-11-01 00:00:00
1764,147,130,94.89,83.99,2,Struggles with meeting deadlines.,0.89,0,2025-12-01 00:00:00
1765,148,84,93.29,84.11,0,,0.92,0,2025-01-01 00:00:00
1766,148,160,91.43,87.66,0,,0.98,0,2025-02-01 00:00:00
1767,148,136,93.38,75.76,3,,0.93,0,2025-03-01 00:00:00
1768,148,93,95.43,85.5,8,Shows strong ethical compliance and teamwork.,0.81,0,2025-04-01 00:00:00
1769,148,126,89.49,98.36,0,,0.93,1,2025-05-01 00:00:00
1770,148,116,98.45,79.7,0,,0.97,0,2025-06-01 00:00:00
1771,148,90,88.73,77.36,4,Minor KYC compliance oversight noted.,0.86,0,2025-07-01 00:00:00
1772,148,131,91.11,88.8,2,Consistently meets targets with high integrity.,0.82,0,2025-08-01 00:00:00
1773,148,135,92.54,91.79,2,Shows strong ethical compliance and teamwork.,0.93,0,2025-09-01 00:00:00
1774,148,115,98.11,80.68,4,Needs improvement in peer collaboration and ledger speed.,0.94,0,2025-10-01 00:00:00
1775,148,142,93.67,83.95,1,Minor KYC compliance oversight noted.,0.84,0,2025-11-01 00:00:00
1776,148,134,93.58,91.68,0,,0.92,0,2025-12-01 00:00:00
1777,149,163,87.56,81.15,3,Consistently meets targets with high integrity.,0.95,0,2025-01-01 00:00:00
1778,149,117,86.49,88.32,4,,0.98,0,2025-02-01 00:00:00
1779,149,125,99.61,93.22,3,Struggles with meeting deadlines.,0.97,0,2025-03-01 00:00:00
1780,149,82,94.15,79.78,2,,0.89,0,2025-04-01 00:00:00
1781,149,92,90.16,100.0,4,,0.97,0,2025-05-01 00:00:00
1782,149,141,97.38,88.85,4,,0.88,0,2025-06-01 00:00:00
1783,149,107,98.32,64.09,2,,0.84,0,2025-07-01 00:00:00
1784,149,89,94.18,90.48,1,,0.91,0,2025-08-01 00:00:00
1785,149,133,100.0,82.85,1,Minor KYC compliance oversight noted.,1.0,0,2025-09-01 00:00:00
1786,149,124,98.48,73.6,3,,0.94,0,2025-10-01 00:00:00
1787,149,103,93.41,91.51,1,Needs improvement in peer collaboration and ledger speed.,0.86,0,2025-11-01 00:00:00
1788,149,151,96.49,93.72,2,Excellent collaboration skills during month-end reconciliation.,0.85,0,2025-12-01 00:00:00
1789,150,144,93.13,80.02,1,Minor KYC compliance oversight noted.,0.87,0,2025-01-01 00:00:00
1790,150,150,96.31,82.26,3,,0.91,0,2025-02-01 00:00:00
1791,150,162,94.5,94.71,2,Needs improvement in peer collaboration and ledger speed.,0.9,0,2025-03-01 00:00:00
1792,150,142,94.27,91.37,4,Minor KYC compliance oversight noted.,0.85,0,2025-04-01 00:00:00
1793,150,102,93.66,84.83,2,,0.84,0,2025-05-01 00:00:00
1794,150,95,96.23,98.71,2,,0.89,0,2025-06-01 00:00:00
1795,150,184,93.48,84.24,2,Needs improvement in peer collaboration and ledger speed.,0.97,0,2025-07-01 00:00:00
1796,150,103,98.73,100.0,1,Struggles with meeting deadlines.,0.88,0,2025-08-01 00:00:00
1797,150,114,92.13,84.27,2,,0.91,0,2025-09-01 00:00:00
1798,150,88,99.6,72.26,3,Consistently meets targets with high integrity.,0.93,0,2025-10-01 00:00:00
1799,150,146,93.75,100.0,0,Excellent collaboration skills during month-end reconciliation.,0.96,1,2025-11-01 00:00:00
1800,150,154,93.58,100.0,0,,0.9,1,2025-12-01 00:00:00
1801,151,137,93.7,66.02,0,,0.8,0,2025-01-01 00:00:00
1802,151,158,99.0,98.55,3,Excellent collaboration skills during month-end reconciliation.,0.88,0,2025-02-01 00:00:00
1803,151,69,98.18,100.0,1,Consistently meets targets with high integrity.,0.97,0,2025-03-01 00:00:00
1804,151,113,90.33,99.36,1,,0.97,0,2025-04-01 00:00:00
1805,151,65,99.01,93.88,5,Struggles with meeting deadlines.,0.98,0,2025-05-01 00:00:00
1806,151,79,92.36,91.02,1,Needs improvement in peer collaboration and ledger speed.,0.83,0,2025-06-01 00:00:00
1807,151,164,94.69,67.03,0,,0.89,0,2025-07-01 00:00:00
1808,151,114,88.2,91.74,2,Excellent collaboration skills during month-end reconciliation.,0.89,0,2025-08-01 00:00:00
1809,151,115,89.1,85.04,1,Needs improvement in peer collaboration and ledger speed.,0.81,0,2025-09-01 00:00:00
1810,151,141,94.35,85.8,6,Minor KYC compliance oversight noted.,0.94,0,2025-10-01 00:00:00
1811,151,138,87.63,100.0,3,,0.91,0,2025-11-01 00:00:00
1812,151,124,92.63,100.0,0,,0.94,1,2025-12-01 00:00:00
1813,152,158,88.64,77.97,3,Excellent collaboration skills during month-end reconciliation.,0.81,0,2025-01-01 00:00:00
1814,152,156,93.93,63.65,2,,0.97,0,2025-02-01 00:00:00
1815,152,149,91.9,80.2,0,,0.88,0,2025-03-01 00:00:00
1816,152,149,94.87,85.81,3,Shows strong ethical compliance and teamwork.,0.91,0,2025-04-01 00:00:00
1817,152,119,98.96,79.69,3,,0.92,0,2025-05-01 00:00:00
1818,152,126,97.99,90.29,2,Excellent collaboration skills during month-end reconciliation.,0.94,0,2025-06-01 00:00:00
1819,152,136,91.76,100.0,1,,0.81,0,2025-07-01 00:00:00
1820,152,149,90.81,94.78,1,,0.9,0,2025-08-01 00:00:00
1821,152,133,94.74,90.59,2,,0.89,0,2025-09-01 00:00:00
1822,152,88,96.82,75.72,4,Shows strong ethical compliance and teamwork.,0.91,0,2025-10-01 00:00:00
1823,152,120,89.5,83.37,2,,0.87,0,2025-11-01 00:00:00
1824,152,131,93.32,100.0,1,,0.84,0,2025-12-01 00:00:00
1825,153,136,90.63,83.65,2,,0.9,0,2025-01-01 00:00:00
1826,153,138,97.29,94.51,1,Minor KYC compliance oversight noted.,0.83,0,2025-02-01 00:00:00
1827,153,99,99.61,83.15,1,,0.9,0,2025-03-01 00:00:00
1828,153,124,93.17,98.47,2,Excellent collaboration skills during month-end reconciliation.,0.96,0,2025-04-01 00:00:00
1829,153,70,89.77,92.8,1,,0.97,0,2025-05-01 00:00:00
1830,153,112,95.92,100.0,3,Minor KYC compliance oversight noted.,0.94,0,2025-06-01 00:00:00
1831,153,29,92.13,94.54,2,,0.94,0,2025-07-01 00:00:00
1832,153,97,96.6,89.66,4,,0.94,0,2025-08-01 00:00:00
1833,153,123,90.16,95.58,2,Consistently meets targets with high integrity.,0.86,0,2025-09-01 00:00:00
1834,153,94,98.29,91.35,2,,0.97,0,2025-10-01 00:00:00
1835,153,162,96.49,89.69,1,Excellent collaboration skills during month-end reconciliation.,0.89,0,2025-11-01 00:00:00
1836,153,118,100.0,84.25,3,,0.9,0,2025-12-01 00:00:00
1837,154,72,96.6,87.78,1,Excellent collaboration skills during month-end reconciliation.,0.8,0,2025-01-01 00:00:00
1838,154,138,97.66,82.9,2,Needs improvement in peer collaboration and ledger speed.,0.98,0,2025-02-01 00:00:00
1839,154,123,95.01,77.11,2,,0.84,0,2025-03-01 00:00:00
1840,154,153,92.71,97.1,1,,0.86,0,2025-04-01 00:00:00
1841,154,45,90.84,79.61,4,,0.82,0,2025-05-01 00:00:00
1842,154,103,93.18,84.46,4,,0.85,0,2025-06-01 00:00:00
1843,154,156,90.43,76.35,1,,0.92,0,2025-07-01 00:00:00
1844,154,101,93.4,93.04,0,Shows strong ethical compliance and teamwork.,0.91,0,2025-08-01 00:00:00
1845,154,95,97.74,81.61,3,Excellent collaboration skills during month-end reconciliation.,0.83,0,2025-09-01 00:00:00
1846,154,115,91.57,84.15,0,Excellent collaboration skills during month-end reconciliation.,0.91,0,2025-10-01 00:00:00
1847,154,166,95.99,91.97,0,,0.86,1,2025-11-01 00:00:00
1848,154,133,97.12,77.27,4,Minor KYC compliance oversight noted.,0.89,0,2025-12-01 00:00:00
1849,155,107,98.29,100.0,3,,0.89,0,2025-01-01 00:00:00
1850,155,122,92.68,89.36,3,Consistently meets targets with high integrity.,0.88,0,2025-02-01 00:00:00
1851,155,114,95.13,82.87,1,,0.88,0,2025-03-01 00:00:00
1852,155,104,91.61,83.49,3,Minor KYC compliance oversight noted.,0.93,0,2025-04-01 00:00:00
1853,155,138,94.58,80.92,0,Struggles with meeting deadlines.,0.92,0,2025-05-01 00:00:00
1854,155,95,100.0,97.47,3,,0.96,0,2025-06-01 00:00:00
1855,155,149,89.97,94.37,5,Needs improvement in peer collaboration and ledger speed.,0.96,0,2025-07-01 00:00:00
1856,155,189,97.62,90.9,3,,0.98,0,2025-08-01 00:00:00
1857,155,89,95.91,70.81,0,Minor KYC compliance oversight noted.,0.83,0,2025-09-01 00:00:00
1858,155,151,86.03,96.33,0,Needs improvement in peer collaboration and ledger speed.,0.89,0,2025-10-01 00:00:00
1859,155,140,97.19,80.94,3,,0.94,0,2025-11-01 00:00:00
1860,155,94,96.25,96.58,2,Struggles with meeting deadlines.,0.89,0,2025-12-01 00:00:00
1861,156,172,86.76,70.94,2,Shows strong ethical compliance and teamwork.,0.97,0,2025-01-01 00:00:00
1862,156,133,94.21,100.0,4,Excellent collaboration skills during month-end reconciliation.,0.88,0,2025-02-01 00:00:00
1863,156,134,93.98,81.52,1,Needs improvement in peer collaboration and ledger speed.,0.87,0,2025-03-01 00:00:00
1864,156,126,100.0,95.63,3,Excellent collaboration skills during month-end reconciliation.,0.89,0,2025-04-01 00:00:00
1865,156,99,89.91,89.47,2,,0.9,0,2025-05-01 00:00:00
1866,156,144,95.25,80.72,2,,0.89,0,2025-06-01 00:00:00
1867,156,109,100.0,82.21,4,,0.95,0,2025-07-01 00:00:00
1868,156,164,93.22,82.96,3,Shows strong ethical compliance and teamwork.,0.9,0,2025-08-01 00:00:00
1869,156,108,87.9,78.19,1,,0.94,0,2025-09-01 00:00:00
1870,156,96,100.0,89.91,2,,0.91,0,2025-10-01 00:00:00
1871,156,99,100.0,98.01,2,,0.86,0,2025-11-01 00:00:00
1872,156,106,92.61,89.1,2,,0.92,0,2025-12-01 00:00:00
1873,157,143,98.35,96.25,2,,0.85,0,2025-01-01 00:00:00
1874,157,92,98.29,88.42,1,,0.9,0,2025-02-01 00:00:00
1875,157,98,100.0,100.0,4,,0.84,0,2025-03-01 00:00:00
1876,157,138,94.85,76.7,3,Struggles with meeting deadlines.,0.96,0,2025-04-01 00:00:00
1877,157,115,95.68,85.96,1,,0.96,0,2025-05-01 00:00:00
1878,157,162,96.92,78.12,1,Shows strong ethical compliance and teamwork.,0.83,0,2025-06-01 00:00:00
1879,157,146,98.99,88.92,0,Needs improvement in peer collaboration and ledger speed.,0.99,1,2025-07-01 00:00:00
1880,157,99,96.8,90.1,3,Struggles with meeting deadlines.,0.82,0,2025-08-01 00:00:00
1881,157,99,90.62,76.96,1,Excellent collaboration skills during month-end reconciliation.,0.91,0,2025-09-01 00:00:00
1882,157,133,96.91,73.6,4,Shows strong ethical compliance and teamwork.,0.86,0,2025-10-01 00:00:00
1883,157,109,94.15,80.92,1,,0.92,0,2025-11-01 00:00:00
1884,157,136,94.18,85.72,0,Minor KYC compliance oversight noted.,0.95,0,2025-12-01 00:00:00
1885,158,149,96.84,97.18,1,,0.9,0,2025-01-01 00:00:00
1886,158,110,96.44,77.6,3,Consistently meets targets with high integrity.,0.84,0,2025-02-01 00:00:00
1887,158,137,95.7,78.32,2,,0.92,0,2025-03-01 00:00:00
1888,158,78,92.65,65.4,1,Consistently meets targets with high integrity.,0.95,0,2025-04-01 00:00:00
1889,158,121,95.31,100.0,1,Struggles with meeting deadlines.,0.91,0,2025-05-01 00:00:00
1890,158,113,96.11,71.74,1,,0.92,0,2025-06-01 00:00:00
1891,158,119,96.34,74.25,2,,0.94,0,2025-07-01 00:00:00
1892,158,91,97.25,86.93,3,,0.91,0,2025-08-01 00:00:00
1893,158,99,95.36,85.19,3,Excellent collaboration skills during month-end reconciliation.,0.98,0,2025-09-01 00:00:00
1894,158,123,100.0,83.16,2,Needs improvement in peer collaboration and ledger speed.,1.0,0,2025-10-01 00:00:00
1895,158,123,94.32,87.19,1,,0.82,0,2025-11-01 00:00:00
1896,158,135,90.44,89.64,2,,1.0,0,2025-12-01 00:00:00
1897,159,94,93.91,77.48,2,,0.83,0,2025-01-01 00:00:00
1898,159,105,97.5,90.34,1,,0.87,0,2025-02-01 00:00:00
1899,159,140,93.21,73.82,1,Consistently meets targets with high integrity.,0.8,0,2025-03-01 00:00:00
1900,159,187,95.69,87.14,1,Excellent collaboration skills during month-end reconciliation.,0.82,0,2025-04-01 00:00:00
1901,159,73,95.37,97.84,2,,0.81,0,2025-05-01 00:00:00
1902,159,113,97.01,100.0,1,,0.92,0,2025-06-01 00:00:00
1903,159,128,94.59,63.23,3,Needs improvement in peer collaboration and ledger speed.,0.88,0,2025-07-01 00:00:00
1904,159,135,100.0,97.1,3,,0.91,0,2025-08-01 00:00:00
1905,159,117,97.2,100.0,1,Struggles with meeting deadlines.,0.83,0,2025-09-01 00:00:00
1906,159,153,97.95,94.19,2,Excellent collaboration skills during month-end reconciliation.,0.97,0,2025-10-01 00:00:00
1907,159,112,92.47,90.42,3,,1.0,0,2025-11-01 00:00:00
1908,159,116,94.79,90.03,0,Shows strong ethical compliance and teamwork.,0.8,0,2025-12-01 00:00:00
1909,160,152,94.93,84.65,0,Shows strong ethical compliance and teamwork.,0.94,0,2025-01-01 00:00:00
1910,160,136,100.0,100.0,6,,0.89,0,2025-02-01 00:00:00
1911,160,119,99.79,100.0,0,Consistently meets targets with high integrity.,0.83,1,2025-03-01 00:00:00
1912,160,74,99.37,88.19,1,Struggles with meeting deadlines.,0.98,0,2025-04-01 00:00:00
1913,160,116,97.69,79.59,3,Struggles with meeting deadlines.,0.92,0,2025-05-01 00:00:00
1914,160,59,95.57,100.0,3,,0.88,0,2025-06-01 00:00:00
1915,160,90,91.05,79.83,2,Struggles with meeting deadlines.,0.87,0,2025-07-01 00:00:00
1916,160,146,99.65,86.15,2,,0.92,0,2025-08-01 00:00:00
1917,160,110,98.03,83.79,2,Needs improvement in peer collaboration and ledger speed.,0.85,0,2025-09-01 00:00:00
1918,160,75,98.2,88.06,4,Struggles with meeting deadlines.,0.99,0,2025-10-01 00:00:00
1919,160,95,97.33,78.93,4,Consistently meets targets with high integrity.,1.0,0,2025-11-01 00:00:00
1920,160,120,93.26,87.67,2,Needs improvement in peer collaboration and ledger speed.,0.87,0,2025-12-01 00:00:00
1921,161,112,91.52,89.59,2,Needs improvement in peer collaboration and ledger speed.,0.82,0,2025-01-01 00:00:00
1922,161,130,94.41,93.05,0,Minor KYC compliance oversight noted.,1.0,0,2025-02-01 00:00:00
1923,161,127,89.86,100.0,2,Excellent collaboration skills during month-end reconciliation.,0.89,0,2025-03-01 00:00:00
1924,161,143,95.55,99.9,5,,0.98,0,2025-04-01 00:00:00
1925,161,117,95.04,82.13,1,,0.89,0,2025-05-01 00:00:00
1926,161,97,91.48,86.26,0,Needs improvement in peer collaboration and ledger speed.,0.82,0,2025-06-01 00:00:00
1927,161,132,100.0,100.0,5,Minor KYC compliance oversight noted.,0.86,0,2025-07-01 00:00:00
1928,161,94,90.71,92.81,4,,0.87,0,2025-08-01 00:00:00
1929,161,122,92.91,82.33,2,Struggles with meeting deadlines.,0.89,0,2025-09-01 00:00:00
1930,161,144,94.75,90.16,4,Minor KYC compliance oversight noted.,0.95,0,2025-10-01 00:00:00
1931,161,151,93.9,89.82,6,,0.99,0,2025-11-01 00:00:00
1932,161,80,94.75,75.16,2,Excellent collaboration skills during month-end reconciliation.,0.83,0,2025-12-01 00:00:00
1933,162,126,94.73,79.78,1,Minor KYC compliance oversight noted.,0.95,0,2025-01-01 00:00:00
1934,162,168,93.2,67.98,1,Minor KYC compliance oversight noted.,0.85,0,2025-02-01 00:00:00
1935,162,138,92.31,96.88,3,Minor KYC compliance oversight noted.,0.83,0,2025-03-01 00:00:00
1936,162,161,95.56,72.75,0,,1.0,0,2025-04-01 00:00:00
1937,162,179,88.84,67.43,2,Minor KYC compliance oversight noted.,0.81,0,2025-05-01 00:00:00
1938,162,128,93.56,89.22,0,,0.83,0,2025-06-01 00:00:00
1939,162,91,95.5,100.0,1,,0.96,0,2025-07-01 00:00:00
1940,162,136,96.69,76.18,4,,0.92,0,2025-08-01 00:00:00
1941,162,96,94.11,91.31,4,,0.85,0,2025-09-01 00:00:00
1942,162,103,90.03,80.82,0,Minor KYC compliance oversight noted.,0.83,0,2025-10-01 00:00:00
1943,162,114,94.41,100.0,1,Shows strong ethical compliance and teamwork.,0.93,0,2025-11-01 00:00:00
1944,162,148,93.66,86.65,1,,0.84,0,2025-12-01 00:00:00
1945,163,174,97.32,63.09,2,Shows strong ethical compliance and teamwork.,0.9,0,2025-01-01 00:00:00
1946,163,156,98.56,96.1,1,Consistently meets targets with high integrity.,0.87,0,2025-02-01 00:00:00
1947,163,92,94.74,88.18,6,,0.83,0,2025-03-01 00:00:00
1948,163,78,95.48,80.5,4,Shows strong ethical compliance and teamwork.,0.97,0,2025-04-01 00:00:00
1949,163,207,96.92,88.18,3,Struggles with meeting deadlines.,0.95,0,2025-05-01 00:00:00
1950,163,159,96.71,96.66,1,,0.89,0,2025-06-01 00:00:00
1951,163,62,93.45,97.53,3,Shows strong ethical compliance and teamwork.,0.92,0,2025-07-01 00:00:00
1952,163,133,94.43,97.24,1,Consistently meets targets with high integrity.,0.93,0,2025-08-01 00:00:00
1953,163,102,96.3,100.0,0,Consistently meets targets with high integrity.,0.81,1,2025-09-01 00:00:00
1954,163,112,96.95,89.97,4,,0.9,0,2025-10-01 00:00:00
1955,163,151,98.78,76.23,1,,0.99,0,2025-11-01 00:00:00
1956,163,157,100.0,86.74,2,Shows strong ethical compliance and teamwork.,0.88,0,2025-12-01 00:00:00
1957,164,99,91.62,85.32,0,Struggles with meeting deadlines.,0.85,0,2025-01-01 00:00:00
1958,164,98,97.35,80.54,3,Struggles with meeting deadlines.,0.8,0,2025-02-01 00:00:00
1959,164,114,95.77,78.32,3,Struggles with meeting deadlines.,0.88,0,2025-03-01 00:00:00
1960,164,104,92.13,100.0,2,,0.91,0,2025-04-01 00:00:00
1961,164,79,97.45,93.69,2,Consistently meets targets with high integrity.,0.98,0,2025-05-01 00:00:00
1962,164,122,95.77,72.3,0,Struggles with meeting deadlines.,0.92,0,2025-06-01 00:00:00
1963,164,87,92.26,80.94,1,Excellent collaboration skills during month-end reconciliation.,0.87,0,2025-07-01 00:00:00
1964,164,112,99.99,89.35,5,,0.82,0,2025-08-01 00:00:00
1965,164,108,87.47,92.92,1,Struggles with meeting deadlines.,0.89,0,2025-09-01 00:00:00
1966,164,86,94.62,73.88,3,Shows strong ethical compliance and teamwork.,0.95,0,2025-10-01 00:00:00
1967,164,73,100.0,83.89,2,Shows strong ethical compliance and teamwork.,0.9,0,2025-11-01 00:00:00
1968,164,124,95.41,68.3,4,Shows strong ethical compliance and teamwork.,0.86,0,2025-12-01 00:00:00
1969,165,71,90.15,98.97,2,,0.8,0,2025-01-01 00:00:00
1970,165,84,93.77,74.53,2,,0.88,0,2025-02-01 00:00:00
1971,165,130,98.61,84.13,1,Needs improvement in peer collaboration and ledger speed.,0.89,0,2025-03-01 00:00:00
1972,165,141,89.81,73.38,2,,0.86,0,2025-04-01 00:00:00
1973,165,130,96.57,99.75,1,,0.8,0,2025-05-01 00:00:00
1974,165,117,91.88,100.0,5,,0.99,0,2025-06-01 00:00:00
1975,165,134,92.09,71.66,2,Shows strong ethical compliance and teamwork.,0.99,0,2025-07-01 00:00:00
1976,165,57,90.55,92.33,0,Needs improvement in peer collaboration and ledger speed.,0.99,0,2025-08-01 00:00:00
1977,165,85,92.13,89.94,1,,0.92,0,2025-09-01 00:00:00
1978,165,81,90.16,100.0,1,,0.95,0,2025-10-01 00:00:00
1979,165,158,89.7,86.9,1,Shows strong ethical compliance and teamwork.,0.98,0,2025-11-01 00:00:00
1980,165,123,91.77,87.23,4,Excellent collaboration skills during month-end reconciliation.,0.86,0,2025-12-01 00:00:00
1981,166,134,98.54,90.88,2,Consistently meets targets with high integrity.,0.93,0,2025-01-01 00:00:00
1982,166,130,92.11,84.84,3,Excellent collaboration skills during month-end reconciliation.,0.95,0,2025-02-01 00:00:00
1983,166,116,96.14,93.02,2,Needs improvement in peer collaboration and ledger speed.,0.95,0,2025-03-01 00:00:00
1984,166,131,95.73,90.94,2,,0.83,0,2025-04-01 00:00:00
1985,166,156,96.11,93.56,2,,0.96,0,2025-05-01 00:00:00
1986,166,101,99.79,85.14,0,,0.87,0,2025-06-01 00:00:00
1987,166,105,90.56,95.61,3,,0.99,0,2025-07-01 00:00:00
1988,166,156,90.27,86.03,2,,0.89,0,2025-08-01 00:00:00
1989,166,106,94.89,90.74,3,,0.99,0,2025-09-01 00:00:00
1990,166,101,91.85,90.26,4,Shows strong ethical compliance and teamwork.,0.93,0,2025-10-01 00:00:00
1991,166,153,94.21,82.77,2,,0.91,0,2025-11-01 00:00:00
1992,166,97,100.0,79.13,2,,0.92,0,2025-12-01 00:00:00
1993,167,122,98.01,81.9,5,,0.89,0,2025-01-01 00:00:00
1994,167,152,88.54,100.0,2,,0.81,0,2025-02-01 00:00:00
1995,167,75,92.96,99.03,2,,0.95,0,2025-03-01 00:00:00
1996,167,125,88.35,73.03,2,Consistently meets targets with high integrity.,0.98,0,2025-04-01 00:00:00
1997,167,156,92.98,82.89,2,,0.93,0,2025-05-01 00:00:00
1998,167,146,94.05,91.29,4,Needs improvement in peer collaboration and ledger speed.,0.88,0,2025-06-01 00:00:00
1999,167,135,86.66,82.42,2,,0.87,0,2025-07-01 00:00:00
2000,167,138,93.79,89.92,1,,0.8,0,2025-08-01 00:00:00
2001,167,155,88.31,66.83,1,Struggles with meeting deadlines.,0.9,0,2025-09-01 00:00:00
2002,167,157,97.43,87.41,1,,0.95,0,2025-10-01 00:00:00
2003,167,195,100.0,81.06,3,Consistently meets targets with high integrity.,0.91,0,2025-11-01 00:00:00
2004,167,151,93.78,84.2,2,,0.99,0,2025-12-01 00:00:00
2005,168,106,89.09,65.09,1,Struggles with meeting deadlines.,0.82,0,2025-01-01 00:00:00
2006,168,86,92.93,82.62,2,Excellent collaboration skills during month-end reconciliation.,0.87,0,2025-02-01 00:00:00
2007,168,109,90.9,77.24,3,,0.81,0,2025-03-01 00:00:00
2008,168,141,94.87,76.86,1,Needs improvement in peer collaboration and ledger speed.,0.82,0,2025-04-01 00:00:00
2009,168,110,94.81,87.81,3,Excellent collaboration skills during month-end reconciliation.,0.82,0,2025-05-01 00:00:00
2010,168,104,94.69,62.0,0,,0.95,0,2025-06-01 00:00:00
2011,168,115,94.51,92.08,4,Shows strong ethical compliance and teamwork.,0.91,0,2025-07-01 00:00:00
2012,168,92,95.53,100.0,3,Needs improvement in peer collaboration and ledger speed.,0.84,0,2025-08-01 00:00:00
2013,168,164,98.08,91.05,2,Consistently meets targets with high integrity.,0.93,0,2025-09-01 00:00:00
2014,168,186,96.56,88.75,2,,0.82,0,2025-10-01 00:00:00
2015,168,138,89.29,85.02,2,Needs improvement in peer collaboration and ledger speed.,0.84,0,2025-11-01 00:00:00
2016,168,178,93.96,83.03,4,,0.81,0,2025-12-01 00:00:00
2017,169,131,94.35,89.98,2,Shows strong ethical compliance and teamwork.,0.9,0,2025-01-01 00:00:00
2018,169,126,96.16,88.44,2,,0.91,0,2025-02-01 00:00:00
2019,169,132,90.68,78.26,0,,0.91,0,2025-03-01 00:00:00
2020,169,97,95.38,90.02,3,Struggles with meeting deadlines.,0.99,0,2025-04-01 00:00:00
2021,169,72,96.49,76.85,1,,0.87,0,2025-05-01 00:00:00
2022,169,111,92.79,82.05,3,,0.94,0,2025-06-01 00:00:00
2023,169,169,94.06,81.11,5,,0.84,0,2025-07-01 00:00:00
2024,169,99,89.88,76.76,3,Minor KYC compliance oversight noted.,0.89,0,2025-08-01 00:00:00
2025,169,108,94.17,100.0,0,Minor KYC compliance oversight noted.,0.83,1,2025-09-01 00:00:00
2026,169,158,99.65,97.01,1,Consistently meets targets with high integrity.,0.81,0,2025-10-01 00:00:00
2027,169,91,91.65,81.1,3,,0.93,0,2025-11-01 00:00:00
2028,169,102,93.74,87.77,1,,0.98,0,2025-12-01 00:00:00
2029,170,93,94.92,100.0,1,,0.94,0,2025-01-01 00:00:00
2030,170,135,97.27,94.64,5,,0.83,0,2025-02-01 00:00:00
2031,170,90,91.42,95.26,0,,0.86,0,2025-03-01 00:00:00
2032,170,91,98.46,98.81,1,Struggles with meeting deadlines.,0.92,0,2025-04-01 00:00:00
2033,170,159,97.59,88.83,3,Consistently meets targets with high integrity.,0.96,0,2025-05-01 00:00:00
2034,170,134,94.88,93.25,1,,0.9,0,2025-06-01 00:00:00
2035,170,74,92.25,81.23,1,Shows strong ethical compliance and teamwork.,0.81,0,2025-07-01 00:00:00
2036,170,108,91.29,82.66,2,,0.87,0,2025-08-01 00:00:00
2037,170,185,94.34,87.34,2,Needs improvement in peer collaboration and ledger speed.,0.94,0,2025-09-01 00:00:00
2038,170,117,89.25,93.5,1,,1.0,0,2025-10-01 00:00:00
2039,170,118,92.89,77.76,5,Shows strong ethical compliance and teamwork.,0.86,0,2025-11-01 00:00:00
2040,170,111,100.0,85.4,0,Shows strong ethical compliance and teamwork.,0.95,0,2025-12-01 00:00:00
2041,171,65,95.4,85.43,0,Excellent collaboration skills during month-end reconciliation.,0.81,0,2025-01-01 00:00:00
2042,171,84,93.37,100.0,1,,0.95,0,2025-02-01 00:00:00
2043,171,127,90.72,94.87,0,,0.87,0,2025-03-01 00:00:00
2044,171,108,95.27,98.62,1,,0.85,0,2025-04-01 00:00:00
2045,171,88,90.61,91.43,3,Shows strong ethical compliance and teamwork.,0.82,0,2025-05-01 00:00:00
2046,171,137,100.0,85.9,3,Minor KYC compliance oversight noted.,0.88,0,2025-06-01 00:00:00
2047,171,120,91.98,100.0,4,,0.98,0,2025-07-01 00:00:00
2048,171,84,96.16,86.3,1,,0.8,0,2025-08-01 00:00:00
2049,171,139,90.9,94.1,3,Needs improvement in peer collaboration and ledger speed.,0.93,0,2025-09-01 00:00:00
2050,171,134,91.13,90.48,1,Struggles with meeting deadlines.,0.94,0,2025-10-01 00:00:00
2051,171,142,92.65,98.89,3,Struggles with meeting deadlines.,0.94,0,2025-11-01 00:00:00
2052,171,131,93.38,93.37,1,,0.93,0,2025-12-01 00:00:00
2053,172,148,95.78,100.0,4,Struggles with meeting deadlines.,0.85,0,2025-01-01 00:00:00
2054,172,114,95.73,76.76,1,,0.94,0,2025-02-01 00:00:00
2055,172,67,99.52,88.51,1,Needs improvement in peer collaboration and ledger speed.,0.9,0,2025-03-01 00:00:00
2056,172,126,93.39,100.0,1,Needs improvement in peer collaboration and ledger speed.,0.97,0,2025-04-01 00:00:00
2057,172,105,93.94,81.31,1,,0.88,0,2025-05-01 00:00:00
2058,172,97,99.42,63.23,7,Shows strong ethical compliance and teamwork.,0.82,0,2025-06-01 00:00:00
2059,172,170,90.46,74.94,2,Consistently meets targets with high integrity.,0.92,0,2025-07-01 00:00:00
2060,172,94,98.05,97.22,4,Minor KYC compliance oversight noted.,0.9,0,2025-08-01 00:00:00
2061,172,166,96.06,89.65,1,,0.93,0,2025-09-01 00:00:00
2062,172,126,94.07,86.2,2,,0.81,0,2025-10-01 00:00:00
2063,172,116,96.73,89.64,1,,0.83,0,2025-11-01 00:00:00
2064,172,97,94.1,98.75,4,Struggles with meeting deadlines.,0.9,0,2025-12-01 00:00:00
2065,173,127,92.26,100.0,3,,0.98,0,2025-01-01 00:00:00
2066,173,118,94.16,91.52,2,,0.87,0,2025-02-01 00:00:00
2067,173,102,98.26,76.19,2,,0.85,0,2025-03-01 00:00:00
2068,173,101,94.29,79.18,3,Struggles with meeting deadlines.,0.81,0,2025-04-01 00:00:00
2069,173,97,98.88,94.59,0,Minor KYC compliance oversight noted.,0.84,1,2025-05-01 00:00:00
2070,173,45,92.38,89.95,1,Struggles with meeting deadlines.,0.9,0,2025-06-01 00:00:00
2071,173,84,100.0,96.89,2,,0.85,0,2025-07-01 00:00:00
2072,173,171,93.59,100.0,5,,0.92,0,2025-08-01 00:00:00
2073,173,151,92.55,90.28,1,,0.95,0,2025-09-01 00:00:00
2074,173,76,99.88,100.0,0,Shows strong ethical compliance and teamwork.,0.96,1,2025-10-01 00:00:00
2075,173,140,87.5,93.22,2,,0.82,0,2025-11-01 00:00:00
2076,173,103,100.0,85.04,1,Shows strong ethical compliance and teamwork.,0.88,0,2025-12-01 00:00:00
2077,174,137,95.21,74.45,7,,0.89,0,2025-01-01 00:00:00
2078,174,64,91.38,98.15,2,,0.98,0,2025-02-01 00:00:00
2079,174,72,96.58,91.63,1,,0.99,0,2025-03-01 00:00:00
2080,174,154,91.16,76.18,1,,0.88,0,2025-04-01 00:00:00
2081,174,85,100.0,74.75,3,,0.94,0,2025-05-01 00:00:00
2082,174,160,89.89,97.11,0,Excellent collaboration skills during month-end reconciliation.,0.84,0,2025-06-01 00:00:00
2083,174,74,87.19,100.0,1,,0.94,0,2025-07-01 00:00:00
2084,174,111,95.67,84.05,3,,0.83,0,2025-08-01 00:00:00
2085,174,154,82.61,100.0,1,Struggles with meeting deadlines.,0.88,0,2025-09-01 00:00:00
2086,174,156,96.65,77.86,2,Shows strong ethical compliance and teamwork.,0.98,0,2025-10-01 00:00:00
2087,174,139,97.04,90.62,1,Needs improvement in peer collaboration and ledger speed.,0.99,0,2025-11-01 00:00:00
2088,174,148,93.55,89.79,2,Minor KYC compliance oversight noted.,0.99,0,2025-12-01 00:00:00
2089,175,116,95.55,100.0,0,Consistently meets targets with high integrity.,0.88,1,2025-01-01 00:00:00
2090,175,100,99.01,93.48,4,Shows strong ethical compliance and teamwork.,0.92,0,2025-02-01 00:00:00
2091,175,107,94.03,95.58,2,Excellent collaboration skills during month-end reconciliation.,0.8,0,2025-03-01 00:00:00
2092,175,108,96.94,87.58,2,,0.97,0,2025-04-01 00:00:00
2093,175,119,92.11,95.83,5,,0.89,0,2025-05-01 00:00:00
2094,175,147,92.51,100.0,2,,0.99,0,2025-06-01 00:00:00
2095,175,139,93.47,78.77,0,Minor KYC compliance oversight noted.,0.98,0,2025-07-01 00:00:00
2096,175,111,93.1,81.48,4,,0.81,0,2025-08-01 00:00:00
2097,175,201,100.0,85.39,0,Needs improvement in peer collaboration and ledger speed.,0.95,0,2025-09-01 00:00:00
2098,175,120,91.22,94.56,5,,0.91,0,2025-10-01 00:00:00
2099,175,133,93.04,100.0,0,,0.96,1,2025-11-01 00:00:00
2100,175,108,100.0,87.21,4,Struggles with meeting deadlines.,0.9,0,2025-12-01 00:00:00
2101,176,116,91.78,86.96,2,,0.95,0,2025-01-01 00:00:00
2102,176,158,93.78,94.21,2,Struggles with meeting deadlines.,0.99,0,2025-02-01 00:00:00
2103,176,85,92.9,82.39,4,,0.86,0,2025-03-01 00:00:00
2104,176,104,99.38,100.0,2,Consistently meets targets with high integrity.,0.8,0,2025-04-01 00:00:00
2105,176,131,96.95,95.96,0,Shows strong ethical compliance and teamwork.,0.94,1,2025-05-01 00:00:00
2106,176,97,97.83,95.76,1,Needs improvement in peer collaboration and ledger speed.,0.92,0,2025-06-01 00:00:00
2107,176,176,95.05,92.26,0,Struggles with meeting deadlines.,0.95,0,2025-07-01 00:00:00
2108,176,90,94.59,74.66,1,Struggles with meeting deadlines.,0.84,0,2025-08-01 00:00:00
2109,176,104,92.77,80.36,2,Needs improvement in peer collaboration and ledger speed.,0.89,0,2025-09-01 00:00:00
2110,176,98,97.94,97.26,0,Needs improvement in peer collaboration and ledger speed.,0.81,1,2025-10-01 00:00:00
2111,176,121,94.21,90.2,3,Excellent collaboration skills during month-end reconciliation.,0.91,0,2025-11-01 00:00:00
2112,176,121,91.85,77.42,4,,0.95,0,2025-12-01 00:00:00
2113,177,90,92.8,85.53,1,Minor KYC compliance oversight noted.,0.91,0,2025-01-01 00:00:00
2114,177,86,94.5,77.27,1,Needs improvement in peer collaboration and ledger speed.,0.82,0,2025-02-01 00:00:00
2115,177,115,91.53,97.07,0,Needs improvement in peer collaboration and ledger speed.,0.99,1,2025-03-01 00:00:00
2116,177,132,96.1,87.79,7,Needs improvement in peer collaboration and ledger speed.,0.87,0,2025-04-01 00:00:00
2117,177,130,96.29,75.93,0,,0.88,0,2025-05-01 00:00:00
2118,177,152,95.53,94.76,1,,0.81,0,2025-06-01 00:00:00
2119,177,130,96.37,93.08,1,,0.93,0,2025-07-01 00:00:00
2120,177,153,95.92,80.76,3,Minor KYC compliance oversight noted.,0.94,0,2025-08-01 00:00:00
2121,177,117,92.94,83.2,0,,1.0,0,2025-09-01 00:00:00
2122,177,120,99.91,92.51,3,,0.82,0,2025-10-01 00:00:00
2123,177,136,89.67,100.0,2,,0.99,0,2025-11-01 00:00:00
2124,177,142,95.21,94.28,1,Needs improvement in peer collaboration and ledger speed.,0.84,0,2025-12-01 00:00:00
2125,178,159,92.64,79.39,2,Shows strong ethical compliance and teamwork.,0.86,0,2025-01-01 00:00:00
2126,178,122,100.0,79.13,2,Minor KYC compliance oversight noted.,0.94,0,2025-02-01 00:00:00
2127,178,97,87.82,90.38,2,,0.81,0,2025-03-01 00:00:00
2128,178,112,100.0,85.63,3,,0.9,0,2025-04-01 00:00:00
2129,178,117,96.19,76.16,0,Consistently meets targets with high integrity.,0.89,0,2025-05-01 00:00:00
2130,178,105,98.4,95.57,3,Minor KYC compliance oversight noted.,0.98,0,2025-06-01 00:00:00
2131,178,138,93.88,74.19,2,,0.87,0,2025-07-01 00:00:00
2132,178,132,93.78,98.1,3,Needs improvement in peer collaboration and ledger speed.,0.96,0,2025-08-01 00:00:00
2133,178,111,95.14,80.73,1,Consistently meets targets with high integrity.,0.84,0,2025-09-01 00:00:00
2134,178,115,93.19,93.24,3,Consistently meets targets with high integrity.,0.82,0,2025-10-01 00:00:00
2135,178,125,93.53,100.0,2,Excellent collaboration skills during month-end reconciliation.,0.99,0,2025-11-01 00:00:00
2136,178,103,96.61,90.49,0,,0.83,0,2025-12-01 00:00:00
2137,179,104,95.11,98.11,5,,0.83,0,2025-01-01 00:00:00
2138,179,117,92.83,74.22,1,,0.84,0,2025-02-01 00:00:00
2139,179,137,94.85,100.0,3,Consistently meets targets with high integrity.,0.86,0,2025-03-01 00:00:00
2140,179,110,90.58,71.21,2,Minor KYC compliance oversight noted.,0.99,0,2025-04-01 00:00:00
2141,179,131,95.07,87.8,1,,0.88,0,2025-05-01 00:00:00
2142,179,98,89.46,93.93,2,Consistently meets targets with high integrity.,0.86,0,2025-06-01 00:00:00
2143,179,83,96.52,81.64,2,,0.97,0,2025-07-01 00:00:00
2144,179,70,100.0,96.29,1,,0.99,0,2025-08-01 00:00:00
2145,179,137,96.75,82.23,3,Struggles with meeting deadlines.,0.92,0,2025-09-01 00:00:00
2146,179,74,94.03,89.23,3,Excellent collaboration skills during month-end reconciliation.,0.9,0,2025-10-01 00:00:00
2147,179,106,100.0,99.71,1,Minor KYC compliance oversight noted.,0.97,0,2025-11-01 00:00:00
2148,179,123,95.06,91.36,1,,0.86,0,2025-12-01 00:00:00
2149,180,102,94.91,64.17,3,,0.96,0,2025-01-01 00:00:00
2150,180,86,91.74,89.8,5,,0.85,0,2025-02-01 00:00:00
2151,180,105,92.34,85.59,5,,0.99,0,2025-03-01 00:00:00
2152,180,106,99.4,84.48,4,Consistently meets targets with high integrity.,0.83,0,2025-04-01 00:00:00
2153,180,159,92.76,98.0,1,,0.99,0,2025-05-01 00:00:00
2154,180,119,94.64,97.91,2,Shows strong ethical compliance and teamwork.,0.94,0,2025-06-01 00:00:00
2155,180,95,96.35,90.9,1,,0.99,0,2025-07-01 00:00:00
2156,180,131,90.13,91.96,1,Needs improvement in peer collaboration and ledger speed.,0.98,0,2025-08-01 00:00:00
2157,180,149,100.0,100.0,3,Shows strong ethical compliance and teamwork.,0.85,0,2025-09-01 00:00:00
2158,180,125,96.1,97.14,2,,0.86,0,2025-10-01 00:00:00
2159,180,54,97.86,85.66,3,,0.85,0,2025-11-01 00:00:00
2160,180,177,92.44,98.91,1,,0.91,0,2025-12-01 00:00:00
2161,181,85,95.5,100.0,3,,0.86,0,2025-01-01 00:00:00
2162,181,141,92.86,92.75,0,,0.87,0,2025-02-01 00:00:00
2163,181,137,92.3,97.94,1,Shows strong ethical compliance and teamwork.,0.91,0,2025-03-01 00:00:00
2164,181,112,92.64,91.29,1,,0.8,0,2025-04-01 00:00:00
2165,181,156,92.12,86.69,2,Shows strong ethical compliance and teamwork.,0.99,0,2025-05-01 00:00:00
2166,181,133,90.67,93.55,1,Shows strong ethical compliance and teamwork.,0.8,0,2025-06-01 00:00:00
2167,181,82,93.03,88.24,4,Minor KYC compliance oversight noted.,0.87,0,2025-07-01 00:00:00
2168,181,111,92.64,86.8,2,Struggles with meeting deadlines.,0.98,0,2025-08-01 00:00:00
2169,181,154,88.69,85.36,3,Minor KYC compliance oversight noted.,0.93,0,2025-09-01 00:00:00
2170,181,98,98.07,88.36,2,Needs improvement in peer collaboration and ledger speed.,0.98,0,2025-10-01 00:00:00
2171,181,134,91.33,84.33,0,,0.94,0,2025-11-01 00:00:00
2172,181,120,98.22,85.06,3,Consistently meets targets with high integrity.,0.83,0,2025-12-01 00:00:00
2173,182,75,85.86,78.51,2,Excellent collaboration skills during month-end reconciliation.,0.8,0,2025-01-01 00:00:00
2174,182,123,100.0,100.0,3,Shows strong ethical compliance and teamwork.,0.89,0,2025-02-01 00:00:00
2175,182,149,95.72,87.51,4,,0.81,0,2025-03-01 00:00:00
2176,182,112,94.67,98.97,3,Minor KYC compliance oversight noted.,0.91,0,2025-04-01 00:00:00
2177,182,119,93.54,73.44,3,Excellent collaboration skills during month-end reconciliation.,0.84,0,2025-05-01 00:00:00
2178,182,183,94.67,95.82,3,,0.97,0,2025-06-01 00:00:00
2179,182,104,98.26,84.27,4,Consistently meets targets with high integrity.,1.0,0,2025-07-01 00:00:00
2180,182,82,95.41,80.46,4,,0.9,0,2025-08-01 00:00:00
2181,182,129,79.97,93.03,2,Minor KYC compliance oversight noted.,0.99,0,2025-09-01 00:00:00
2182,182,76,95.07,84.35,1,Excellent collaboration skills during month-end reconciliation.,0.88,0,2025-10-01 00:00:00
2183,182,86,91.17,78.09,4,Struggles with meeting deadlines.,0.87,0,2025-11-01 00:00:00
2184,182,111,100.0,88.85,2,,0.86,0,2025-12-01 00:00:00
2185,183,164,93.12,82.97,1,,1.0,0,2025-01-01 00:00:00
2186,183,89,96.72,73.44,4,Consistently meets targets with high integrity.,0.84,0,2025-02-01 00:00:00
2187,183,154,93.63,97.16,1,Needs improvement in peer collaboration and ledger speed.,1.0,0,2025-03-01 00:00:00
2188,183,145,95.05,99.37,3,Excellent collaboration skills during month-end reconciliation.,0.83,0,2025-04-01 00:00:00
2189,183,89,95.81,99.05,0,Struggles with meeting deadlines.,0.95,1,2025-05-01 00:00:00
2190,183,147,91.61,100.0,0,,0.97,1,2025-06-01 00:00:00
2191,183,80,93.63,69.94,3,Shows strong ethical compliance and teamwork.,0.84,0,2025-07-01 00:00:00
2192,183,80,95.8,92.6,0,,0.97,1,2025-08-01 00:00:00
2193,183,104,97.13,77.7,3,Consistently meets targets with high integrity.,0.99,0,2025-09-01 00:00:00
2194,183,193,93.64,100.0,0,Struggles with meeting deadlines.,0.82,1,2025-10-01 00:00:00
2195,183,121,91.98,77.3,1,,0.98,0,2025-11-01 00:00:00
2196,183,113,97.64,78.95,3,,0.91,0,2025-12-01 00:00:00
2197,184,116,94.25,100.0,2,Shows strong ethical compliance and teamwork.,0.84,0,2025-01-01 00:00:00
2198,184,129,92.6,100.0,5,Excellent collaboration skills during month-end reconciliation.,0.91,0,2025-02-01 00:00:00
2199,184,67,95.34,87.3,0,,0.97,0,2025-03-01 00:00:00
2200,184,141,90.86,86.13,2,Excellent collaboration skills during month-end reconciliation.,0.9,0,2025-04-01 00:00:00
2201,184,137,96.87,100.0,1,Shows strong ethical compliance and teamwork.,0.81,0,2025-05-01 00:00:00
2202,184,100,93.61,79.58,2,,0.85,0,2025-06-01 00:00:00
2203,184,67,86.48,94.25,1,Needs improvement in peer collaboration and ledger speed.,0.89,0,2025-07-01 00:00:00
2204,184,67,98.76,70.77,4,Excellent collaboration skills during month-end reconciliation.,0.88,0,2025-08-01 00:00:00
2205,184,167,95.08,100.0,2,,0.94,0,2025-09-01 00:00:00
2206,184,103,89.13,87.65,1,,0.82,0,2025-10-01 00:00:00
2207,184,170,100.0,94.5,2,,1.0,0,2025-11-01 00:00:00
2208,184,90,93.86,100.0,6,,0.95,0,2025-12-01 00:00:00
2209,185,162,92.76,77.43,0,Minor KYC compliance oversight noted.,0.89,0,2025-01-01 00:00:00
2210,185,134,90.53,96.22,3,,0.94,0,2025-02-01 00:00:00
2211,185,103,92.53,92.33,1,Consistently meets targets with high integrity.,0.87,0,2025-03-01 00:00:00
2212,185,71,94.91,91.44,4,Consistently meets targets with high integrity.,0.97,0,2025-04-01 00:00:00
2213,185,86,98.7,85.06,3,,0.81,0,2025-05-01 00:00:00
2214,185,126,100.0,74.96,1,,0.98,0,2025-06-01 00:00:00
2215,185,125,97.94,83.42,3,,0.83,0,2025-07-01 00:00:00
2216,185,156,100.0,96.87,1,,0.88,0,2025-08-01 00:00:00
2217,185,59,91.95,98.96,1,Excellent collaboration skills during month-end reconciliation.,0.81,0,2025-09-01 00:00:00
2218,185,119,94.71,97.87,1,,0.93,0,2025-10-01 00:00:00
2219,185,85,97.96,84.79,1,,0.84,0,2025-11-01 00:00:00
2220,185,118,93.55,85.64,1,Consistently meets targets with high integrity.,0.92,0,2025-12-01 00:00:00
2221,186,89,96.32,93.55,0,,0.86,1,2025-01-01 00:00:00
2222,186,80,95.16,95.61,0,,0.97,1,2025-02-01 00:00:00
2223,186,102,94.11,100.0,2,Excellent collaboration skills during month-end reconciliation.,0.94,0,2025-03-01 00:00:00
2224,186,89,93.45,85.53,1,Consistently meets targets with high integrity.,0.91,0,2025-04-01 00:00:00
2225,186,68,99.15,94.33,2,,0.83,0,2025-05-01 00:00:00
2226,186,82,87.28,87.14,2,,0.86,0,2025-06-01 00:00:00
2227,186,99,94.79,90.54,2,Struggles with meeting deadlines.,0.87,0,2025-07-01 00:00:00
2228,186,80,100.0,71.12,1,Consistently meets targets with high integrity.,0.84,0,2025-08-01 00:00:00
2229,186,132,96.0,93.1,1,Shows strong ethical compliance and teamwork.,0.96,0,2025-09-01 00:00:00
2230,186,149,100.0,100.0,0,Needs improvement in peer collaboration and ledger speed.,0.97,1,2025-10-01 00:00:00
2231,186,193,96.2,81.89,3,Minor KYC compliance oversight noted.,0.94,0,2025-11-01 00:00:00
2232,186,95,93.5,90.61,0,Consistently meets targets with high integrity.,0.88,0,2025-12-01 00:00:00
2233,187,91,91.3,93.7,6,Consistently meets targets with high integrity.,0.96,0,2025-01-01 00:00:00
2234,187,145,98.15,92.6,2,Struggles with meeting deadlines.,0.87,0,2025-02-01 00:00:00
2235,187,86,98.21,73.17,2,Shows strong ethical compliance and teamwork.,0.96,0,2025-03-01 00:00:00
2236,187,138,93.39,58.06,1,Minor KYC compliance oversight noted.,0.9,0,2025-04-01 00:00:00
2237,187,161,96.59,79.67,3,Shows strong ethical compliance and teamwork.,0.94,0,2025-05-01 00:00:00
2238,187,151,91.7,88.46,0,,0.96,0,2025-06-01 00:00:00
2239,187,135,92.54,85.11,3,,0.97,0,2025-07-01 00:00:00
2240,187,120,96.53,88.41,0,,0.85,0,2025-08-01 00:00:00
2241,187,91,91.75,81.37,3,,0.83,0,2025-09-01 00:00:00
2242,187,78,96.43,100.0,1,,0.94,0,2025-10-01 00:00:00
2243,187,44,93.8,94.43,0,Consistently meets targets with high integrity.,0.8,1,2025-11-01 00:00:00
2244,187,141,99.57,89.13,0,,0.89,1,2025-12-01 00:00:00
2245,188,196,100.0,82.77,4,,0.81,0,2025-01-01 00:00:00
2246,188,76,99.12,83.28,2,Minor KYC compliance oversight noted.,0.81,0,2025-02-01 00:00:00
2247,188,117,98.35,86.99,2,,0.85,0,2025-03-01 00:00:00
2248,188,91,88.74,100.0,2,,0.93,0,2025-04-01 00:00:00
2249,188,101,98.15,81.53,0,Consistently meets targets with high integrity.,0.98,0,2025-05-01 00:00:00
2250,188,145,89.36,88.79,4,,0.98,0,2025-06-01 00:00:00
2251,188,136,99.63,97.66,3,,0.87,0,2025-07-01 00:00:00
2252,188,134,96.73,76.26,1,,0.97,0,2025-08-01 00:00:00
2253,188,159,92.15,85.38,2,Minor KYC compliance oversight noted.,0.87,0,2025-09-01 00:00:00
2254,188,49,100.0,64.56,5,,0.9,0,2025-10-01 00:00:00
2255,188,135,98.48,77.08,3,Shows strong ethical compliance and teamwork.,0.9,0,2025-11-01 00:00:00
2256,188,156,88.79,86.79,2,,0.96,0,2025-12-01 00:00:00
2257,189,140,95.65,91.47,0,Minor KYC compliance oversight noted.,0.84,0,2025-01-01 00:00:00
2258,189,109,98.04,80.12,3,,0.86,0,2025-02-01 00:00:00
2259,189,112,96.39,100.0,2,Minor KYC compliance oversight noted.,0.8,0,2025-03-01 00:00:00
2260,189,142,100.0,95.26,2,Shows strong ethical compliance and teamwork.,0.98,0,2025-04-01 00:00:00
2261,189,113,88.08,90.15,1,Struggles with meeting deadlines.,0.87,0,2025-05-01 00:00:00
2262,189,106,93.57,99.4,1,Struggles with meeting deadlines.,0.93,0,2025-06-01 00:00:00
2263,189,186,94.3,85.96,4,,0.97,0,2025-07-01 00:00:00
2264,189,141,94.4,99.12,0,Struggles with meeting deadlines.,0.84,1,2025-08-01 00:00:00
2265,189,82,93.45,100.0,1,,0.82,0,2025-09-01 00:00:00
2266,189,151,98.89,92.43,2,Consistently meets targets with high integrity.,0.89,0,2025-10-01 00:00:00
2267,189,110,97.88,89.7,1,Struggles with meeting deadlines.,0.95,0,2025-11-01 00:00:00
2268,189,134,98.78,87.21,1,Minor KYC compliance oversight noted.,0.94,0,2025-12-01 00:00:00
2269,190,146,92.57,86.64,3,,0.9,0,2025-01-01 00:00:00
2270,190,143,90.83,91.69,3,,0.89,0,2025-02-01 00:00:00
2271,190,92,98.96,76.44,3,Needs improvement in peer collaboration and ledger speed.,1.0,0,2025-03-01 00:00:00
2272,190,86,99.29,96.15,1,,0.91,0,2025-04-01 00:00:00
2273,190,53,93.95,99.78,3,,0.97,0,2025-05-01 00:00:00
2274,190,86,92.36,89.7,4,,0.81,0,2025-06-01 00:00:00
2275,190,107,100.0,88.51,2,Struggles with meeting deadlines.,0.99,0,2025-07-01 00:00:00
2276,190,83,87.27,84.7,2,,0.8,0,2025-08-01 00:00:00
2277,190,77,95.02,99.09,0,Needs improvement in peer collaboration and ledger speed.,0.82,1,2025-09-01 00:00:00
2278,190,117,97.05,100.0,2,,0.93,0,2025-10-01 00:00:00
2279,190,145,92.85,95.8,3,,0.83,0,2025-11-01 00:00:00
2280,190,128,97.19,100.0,0,,0.92,1,2025-12-01 00:00:00
2281,191,94,95.07,91.31,2,,0.99,0,2025-01-01 00:00:00
2282,191,170,97.03,75.15,4,Consistently meets targets with high integrity.,0.87,0,2025-02-01 00:00:00
2283,191,158,90.65,74.14,2,,0.84,0,2025-03-01 00:00:00
2284,191,119,93.49,100.0,0,Struggles with meeting deadlines.,0.82,1,2025-04-01 00:00:00
2285,191,121,95.51,93.58,4,Needs improvement in peer collaboration and ledger speed.,0.9,0,2025-05-01 00:00:00
2286,191,114,92.65,79.12,4,Minor KYC compliance oversight noted.,0.92,0,2025-06-01 00:00:00
2287,191,115,92.79,100.0,0,Needs improvement in peer collaboration and ledger speed.,0.99,1,2025-07-01 00:00:00
2288,191,97,95.48,99.89,0,,0.93,1,2025-08-01 00:00:00
2289,191,139,98.68,100.0,0,Struggles with meeting deadlines.,0.9,1,2025-09-01 00:00:00
2290,191,208,97.68,90.54,0,,0.89,1,2025-10-01 00:00:00
2291,191,133,93.94,97.26,2,,0.9,0,2025-11-01 00:00:00
2292,191,81,94.18,87.09,4,,0.99,0,2025-12-01 00:00:00
2293,192,61,94.64,99.12,5,,0.95,0,2025-01-01 00:00:00
2294,192,103,92.58,94.3,1,Struggles with meeting deadlines.,0.94,0,2025-02-01 00:00:00
2295,192,59,95.68,86.39,3,Struggles with meeting deadlines.,0.92,0,2025-03-01 00:00:00
2296,192,84,96.09,75.96,5,,0.86,0,2025-04-01 00:00:00
2297,192,127,89.33,84.68,1,Consistently meets targets with high integrity.,0.93,0,2025-05-01 00:00:00
2298,192,101,99.51,100.0,2,Struggles with meeting deadlines.,0.96,0,2025-06-01 00:00:00
2299,192,98,93.42,92.79,1,,0.93,0,2025-07-01 00:00:00
2300,192,139,95.35,92.35,2,,0.85,0,2025-08-01 00:00:00
2301,192,140,99.17,93.52,2,,0.97,0,2025-09-01 00:00:00
2302,192,176,98.52,84.52,2,Consistently meets targets with high integrity.,1.0,0,2025-10-01 00:00:00
2303,192,155,94.02,94.23,2,Consistently meets targets with high integrity.,0.88,0,2025-11-01 00:00:00
2304,192,144,94.31,78.6,3,,0.88,0,2025-12-01 00:00:00
2305,193,121,93.34,85.47,2,,0.81,0,2025-01-01 00:00:00
2306,193,168,96.96,92.72,1,Excellent collaboration skills during month-end reconciliation.,0.98,0,2025-02-01 00:00:00
2307,193,98,98.07,78.8,2,,0.89,0,2025-03-01 00:00:00
2308,193,145,89.08,78.81,0,,0.88,0,2025-04-01 00:00:00
2309,193,48,94.21,97.24,1,Minor KYC compliance oversight noted.,0.94,0,2025-05-01 00:00:00
2310,193,137,92.78,89.49,2,Needs improvement in peer collaboration and ledger speed.,0.91,0,2025-06-01 00:00:00
2311,193,102,98.75,95.96,2,,0.91,0,2025-07-01 00:00:00
2312,193,124,97.96,94.7,1,,0.81,0,2025-08-01 00:00:00
2313,193,128,94.22,93.38,1,,0.92,0,2025-09-01 00:00:00
2314,193,91,95.69,69.74,4,,0.94,0,2025-10-01 00:00:00
2315,193,113,91.15,68.81,0,Excellent collaboration skills during month-end reconciliation.,0.86,0,2025-11-01 00:00:00
2316,193,72,99.91,100.0,0,,0.81,1,2025-12-01 00:00:00
2317,194,99,100.0,81.79,0,Excellent collaboration skills during month-end reconciliation.,0.96,0,2025-01-01 00:00:00
2318,194,165,100.0,86.35,1,Needs improvement in peer collaboration and ledger speed.,0.87,0,2025-02-01 00:00:00
2319,194,142,97.76,86.0,2,,0.87,0,2025-03-01 00:00:00
2320,194,140,91.9,100.0,2,,0.87,0,2025-04-01 00:00:00
2321,194,127,97.42,100.0,1,Shows strong ethical compliance and teamwork.,0.85,0,2025-05-01 00:00:00
2322,194,115,100.0,86.3,1,,0.82,0,2025-06-01 00:00:00
2323,194,83,98.46,84.79,1,Excellent collaboration skills during month-end reconciliation.,0.82,0,2025-07-01 00:00:00
2324,194,101,94.04,85.27,3,,0.91,0,2025-08-01 00:00:00
2325,194,96,94.01,91.09,4,,0.93,0,2025-09-01 00:00:00
2326,194,113,90.51,96.29,2,,0.9,0,2025-10-01 00:00:00
2327,194,96,90.23,91.2,2,,0.8,0,2025-11-01 00:00:00
2328,194,116,93.35,91.73,1,,0.8,0,2025-12-01 00:00:00
2329,195,119,90.77,93.12,2,,0.91,0,2025-01-01 00:00:00
2330,195,70,96.03,85.11,2,,0.82,0,2025-02-01 00:00:00
2331,195,124,92.74,79.53,3,,0.94,0,2025-03-01 00:00:00
2332,195,162,96.24,91.89,1,,0.9,0,2025-04-01 00:00:00
2333,195,91,90.79,71.83,0,Needs improvement in peer collaboration and ledger speed.,0.87,0,2025-05-01 00:00:00
2334,195,132,91.32,98.57,1,Excellent collaboration skills during month-end reconciliation.,0.99,0,2025-06-01 00:00:00
2335,195,128,100.0,87.89,5,,0.93,0,2025-07-01 00:00:00
2336,195,148,95.43,82.57,2,Consistently meets targets with high integrity.,0.97,0,2025-08-01 00:00:00
2337,195,81,94.12,78.47,2,Excellent collaboration skills during month-end reconciliation.,0.85,0,2025-09-01 00:00:00
2338,195,133,94.45,99.7,0,,0.91,1,2025-10-01 00:00:00
2339,195,94,94.96,88.42,2,Minor KYC compliance oversight noted.,0.95,0,2025-11-01 00:00:00
2340,195,126,93.58,96.38,1,,0.97,0,2025-12-01 00:00:00
2341,196,134,100.0,96.88,1,,0.87,0,2025-01-01 00:00:00
2342,196,117,95.01,82.75,1,,0.96,0,2025-02-01 00:00:00
2343,196,96,97.61,77.29,2,,0.84,0,2025-03-01 00:00:00
2344,196,159,99.69,88.01,2,Needs improvement in peer collaboration and ledger speed.,0.96,0,2025-04-01 00:00:00
2345,196,141,96.3,76.8,1,Excellent collaboration skills during month-end reconciliation.,0.89,0,2025-05-01 00:00:00
2346,196,97,93.71,85.33,1,Shows strong ethical compliance and teamwork.,0.88,0,2025-06-01 00:00:00
2347,196,100,91.97,85.71,2,,0.9,0,2025-07-01 00:00:00
2348,196,125,100.0,90.94,4,Minor KYC compliance oversight noted.,0.84,0,2025-08-01 00:00:00
2349,196,120,94.97,76.78,0,,0.94,0,2025-09-01 00:00:00
2350,196,76,97.94,84.72,0,Minor KYC compliance oversight noted.,0.9,0,2025-10-01 00:00:00
2351,196,107,94.67,76.97,2,Needs improvement in peer collaboration and ledger speed.,0.99,0,2025-11-01 00:00:00
2352,196,106,97.49,72.21,1,,0.93,0,2025-12-01 00:00:00
2353,197,73,96.1,87.04,2,Struggles with meeting deadlines.,0.99,0,2025-01-01 00:00:00
2354,197,180,90.01,76.58,1,Consistently meets targets with high integrity.,0.9,0,2025-02-01 00:00:00
2355,197,117,100.0,81.01,3,,0.83,0,2025-03-01 00:00:00
2356,197,121,90.35,100.0,2,,0.94,0,2025-04-01 00:00:00
2357,197,138,96.39,100.0,3,,0.89,0,2025-05-01 00:00:00
2358,197,123,96.8,78.28,4,,0.97,0,2025-06-01 00:00:00
2359,197,126,100.0,72.71,3,,0.84,0,2025-07-01 00:00:00
2360,197,166,100.0,93.61,2,,0.96,0,2025-08-01 00:00:00
2361,197,115,88.92,88.36,1,Excellent collaboration skills during month-end reconciliation.,0.94,0,2025-09-01 00:00:00
2362,197,98,90.76,71.9,2,,0.85,0,2025-10-01 00:00:00
2363,197,177,94.59,86.54,4,,0.81,0,2025-11-01 00:00:00
2364,197,91,94.55,98.53,2,Excellent collaboration skills during month-end reconciliation.,0.89,0,2025-12-01 00:00:00
2365,198,129,100.0,99.97,2,Struggles with meeting deadlines.,0.88,0,2025-01-01 00:00:00
2366,198,106,93.56,97.34,2,Shows strong ethical compliance and teamwork.,0.83,0,2025-02-01 00:00:00
2367,198,165,96.53,89.61,4,,0.85,0,2025-03-01 00:00:00
2368,198,168,94.78,86.07,0,Needs improvement in peer collaboration and ledger speed.,0.91,0,2025-04-01 00:00:00
2369,198,109,92.46,89.37,0,Consistently meets targets with high integrity.,0.99,0,2025-05-01 00:00:00
2370,198,110,94.61,86.18,4,,0.8,0,2025-06-01 00:00:00
2371,198,110,94.31,72.15,4,Consistently meets targets with high integrity.,0.86,0,2025-07-01 00:00:00
2372,198,130,96.39,96.87,3,,0.81,0,2025-08-01 00:00:00
2373,198,148,93.94,87.95,3,Excellent collaboration skills during month-end reconciliation.,0.93,0,2025-09-01 00:00:00
2374,198,132,95.22,82.04,0,Struggles with meeting deadlines.,0.99,0,2025-10-01 00:00:00
2375,198,99,99.43,100.0,0,Shows strong ethical compliance and teamwork.,0.85,1,2025-11-01 00:00:00
2376,198,115,93.67,76.85,1,Minor KYC compliance oversight noted.,0.99,0,2025-12-01 00:00:00
2377,199,81,90.98,94.33,2,Minor KYC compliance oversight noted.,0.99,0,2025-01-01 00:00:00
2378,199,104,100.0,95.83,4,Excellent collaboration skills during month-end reconciliation.,0.9,0,2025-02-01 00:00:00
2379,199,40,91.44,93.02,0,,0.92,0,2025-03-01 00:00:00
2380,199,124,89.56,85.87,3,Excellent collaboration skills during month-end reconciliation.,0.87,0,2025-04-01 00:00:00
2381,199,140,98.98,96.15,3,Struggles with meeting deadlines.,0.96,0,2025-05-01 00:00:00
2382,199,110,89.17,100.0,1,Struggles with meeting deadlines.,0.84,0,2025-06-01 00:00:00
2383,199,96,92.48,100.0,2,,0.84,0,2025-07-01 00:00:00
2384,199,148,94.64,100.0,3,,0.88,0,2025-08-01 00:00:00
2385,199,148,96.65,93.76,2,Consistently meets targets with high integrity.,0.9,0,2025-09-01 00:00:00
2386,199,70,88.04,84.01,1,,0.99,0,2025-10-01 00:00:00
2387,199,137,93.92,99.6,1,,0.88,0,2025-11-01 00:00:00
2388,199,160,95.73,94.19,3,Excellent collaboration skills during month-end reconciliation.,0.98,0,2025-12-01 00:00:00
2389,200,158,97.58,95.01,3,Excellent collaboration skills during month-end reconciliation.,0.9,0,2025-01-01 00:00:00
2390,200,141,94.38,91.19,3,,0.86,0,2025-02-01 00:00:00
2391,200,36,94.65,99.41,0,Minor KYC compliance oversight noted.,0.81,1,2025-03-01 00:00:00
2392,200,79,96.48,91.13,1,Consistently meets targets with high integrity.,0.94,0,2025-04-01 00:00:00
2393,200,101,95.09,84.65,0,Shows strong ethical compliance and teamwork.,0.85,0,2025-05-01 00:00:00
2394,200,129,91.09,97.75,2,,0.93,0,2025-06-01 00:00:00
2395,200,117,97.97,88.08,2,Needs improvement in peer collaboration and ledger speed.,0.82,0,2025-07-01 00:00:00
2396,200,172,85.97,100.0,3,Struggles with meeting deadlines.,0.88,0,2025-08-01 00:00:00
2397,200,91,87.98,85.9,0,Struggles with meeting deadlines.,0.99,0,2025-09-01 00:00:00
2398,200,110,93.1,100.0,3,Excellent collaboration skills during month-end reconciliation.,0.82,0,2025-10-01 00:00:00
2399,200,172,98.1,76.76,4,Shows strong ethical compliance and teamwork.,0.86,0,2025-11-01 00:00:00
2400,200,73,95.65,73.32,1,Shows strong ethical compliance and teamwork.,0.98,0,2025-12-01 00:00:00
